Via_de_acesso;UF;nome_pais_correto;mes;ano;Chegadas
Aérea;Bahia;Afeganistão;Janeiro;2026;1
Aérea;São Paulo;Afeganistão;Janeiro;2026;4
Terrestre;Paraná;Afeganistão;Janeiro;2026;1
Terrestre;Rio Grande do Sul;Afeganistão;Janeiro;2026;1
Marítima;Rio de Janeiro;Afeganistão;Janeiro;2026;3
Aérea;Pará;Albânia;Janeiro;2026;1
Aérea;Ceará;Albânia;Janeiro;2026;2
Aérea;Rio de Janeiro;Albânia;Janeiro;2026;25
Aérea;São Paulo;Albânia;Janeiro;2026;25
Aérea;Santa Catarina;Albânia;Janeiro;2026;2
Aérea;Rio Grande do Sul;Albânia;Janeiro;2026;1
Aérea;Distrito Federal;Albânia;Janeiro;2026;1
Terrestre;Paraná;Albânia;Janeiro;2026;2
Terrestre;Rio Grande do Sul;Albânia;Janeiro;2026;1
Aérea;Amazonas;Alemanha;Janeiro;2026;66
Aérea;Pará;Alemanha;Janeiro;2026;57
Aérea;Ceará;Alemanha;Janeiro;2026;552
Aérea;Rio Grande do Norte;Alemanha;Janeiro;2026;86
Aérea;Paraíba;Alemanha;Janeiro;2026;1
Aérea;Pernambuco;Alemanha;Janeiro;2026;5
Aérea;Pernambuco;Alemanha;Janeiro;2026;595
Aérea;Alagoas;Alemanha;Janeiro;2026;10
Aérea;Bahia;Alemanha;Janeiro;2026;933
Aérea;Minas Gerais;Alemanha;Janeiro;2026;264
Aérea;Rio de Janeiro;Alemanha;Janeiro;2026;3860
Aérea;São Paulo;Alemanha;Janeiro;2026;204
Aérea;São Paulo;Alemanha;Janeiro;2026;9791
Aérea;Paraná;Alemanha;Janeiro;2026;16
Aérea;Paraná;Alemanha;Janeiro;2026;25
Aérea;Santa Catarina;Alemanha;Janeiro;2026;478
Aérea;Santa Catarina;Alemanha;Janeiro;2026;1
Aérea;Rio Grande do Sul;Alemanha;Janeiro;2026;240
Aérea;Distrito Federal;Alemanha;Janeiro;2026;218
Terrestre;Rondônia;Alemanha;Janeiro;2026;11
Terrestre;Acre;Alemanha;Janeiro;2026;5
Terrestre;Acre;Alemanha;Janeiro;2026;4
Terrestre;Amazonas;Alemanha;Janeiro;2026;32
Terrestre;Roraima;Alemanha;Janeiro;2026;3
Terrestre;Roraima;Alemanha;Janeiro;2026;2
Terrestre;Amapá;Alemanha;Janeiro;2026;1
Terrestre;Paraná;Alemanha;Janeiro;2026;486
Terrestre;Paraná;Alemanha;Janeiro;2026;1130
Terrestre;Paraná;Alemanha;Janeiro;2026;10
Terrestre;Santa Catarina;Alemanha;Janeiro;2026;5
Terrestre;Santa Catarina;Alemanha;Janeiro;2026;4
Terrestre;Rio Grande do Sul;Alemanha;Janeiro;2026;4
Terrestre;Rio Grande do Sul;Alemanha;Janeiro;2026;80
Terrestre;Rio Grande do Sul;Alemanha;Janeiro;2026;7
Terrestre;Rio Grande do Sul;Alemanha;Janeiro;2026;2
Terrestre;Rio Grande do Sul;Alemanha;Janeiro;2026;6
Terrestre;Rio Grande do Sul;Alemanha;Janeiro;2026;12
Terrestre;Rio Grande do Sul;Alemanha;Janeiro;2026;21
Terrestre;Mato Grosso do Sul;Alemanha;Janeiro;2026;17
Terrestre;Mato Grosso do Sul;Alemanha;Janeiro;2026;4
Terrestre;Mato Grosso;Alemanha;Janeiro;2026;2
Marítima;Maranhão;Alemanha;Janeiro;2026;5
Marítima;Ceará;Alemanha;Janeiro;2026;2032
Marítima;Pernambuco;Alemanha;Janeiro;2026;6
Marítima;Pernambuco;Alemanha;Janeiro;2026;5
Marítima;Rio de Janeiro;Alemanha;Janeiro;2026;31
Marítima;São Paulo;Alemanha;Janeiro;2026;10
Marítima;São Paulo;Alemanha;Janeiro;2026;2
Marítima;Santa Catarina;Alemanha;Janeiro;2026;21
Marítima;Santa Catarina;Alemanha;Janeiro;2026;27
Fluvial;Pará;Alemanha;Janeiro;2026;32
Fluvial;Amapá;Alemanha;Janeiro;2026;13
Fluvial;Rio Grande do Sul;Alemanha;Janeiro;2026;11
Fluvial;Rio Grande do Sul;Alemanha;Janeiro;2026;1
Aérea;Rio Grande do Norte;Andorra;Janeiro;2026;1
Aérea;Bahia;Andorra;Janeiro;2026;1
Aérea;Rio de Janeiro;Andorra;Janeiro;2026;4
Aérea;São Paulo;Andorra;Janeiro;2026;3
Terrestre;Paraná;Andorra;Janeiro;2026;2
Terrestre;Rio Grande do Sul;Andorra;Janeiro;2026;1
Marítima;Rio de Janeiro;Andorra;Janeiro;2026;1
Aérea;Pará;Angola;Janeiro;2026;1
Aérea;Ceará;Angola;Janeiro;2026;3
Aérea;Rio Grande do Norte;Angola;Janeiro;2026;1
Aérea;Bahia;Angola;Janeiro;2026;2
Aérea;Minas Gerais;Angola;Janeiro;2026;1
Aérea;Rio de Janeiro;Angola;Janeiro;2026;19
Aérea;São Paulo;Angola;Janeiro;2026;522
Terrestre;Paraná;Angola;Janeiro;2026;1
Terrestre;Rio Grande do Sul;Angola;Janeiro;2026;1
Aérea;Ceará;Antilhas Holandesas;Janeiro;2026;1
Aérea;Rio de Janeiro;Antilhas Holandesas;Janeiro;2026;1
Aérea;Rio de Janeiro;Antígua e Barbuda;Janeiro;2026;5
Aérea;São Paulo;Antígua e Barbuda;Janeiro;2026;4
Aérea;Santa Catarina;Antígua e Barbuda;Janeiro;2026;2
Terrestre;Rio Grande do Sul;Antígua e Barbuda;Janeiro;2026;2
Terrestre;Rio Grande do Sul;Antígua e Barbuda;Janeiro;2026;1
Aérea;Amazonas;Argentina;Janeiro;2026;7
Aérea;Pará;Argentina;Janeiro;2026;4
Aérea;Ceará;Argentina;Janeiro;2026;2282
Aérea;Rio Grande do Norte;Argentina;Janeiro;2026;7269
Aérea;Paraíba;Argentina;Janeiro;2026;366
Aérea;Pernambuco;Argentina;Janeiro;2026;9062
Aérea;Alagoas;Argentina;Janeiro;2026;5834
Aérea;Bahia;Argentina;Janeiro;2026;4375
Aérea;Bahia;Argentina;Janeiro;2026;13236
Aérea;Minas Gerais;Argentina;Janeiro;2026;391
Aérea;Rio de Janeiro;Argentina;Janeiro;2026;3887
Aérea;Rio de Janeiro;Argentina;Janeiro;2026;122139
Aérea;São Paulo;Argentina;Janeiro;2026;65
Aérea;São Paulo;Argentina;Janeiro;2026;47172
Aérea;São Paulo;Argentina;Janeiro;2026;2
Aérea;Paraná;Argentina;Janeiro;2026;54
Aérea;Paraná;Argentina;Janeiro;2026;616
Aérea;Santa Catarina;Argentina;Janeiro;2026;88225
Aérea;Santa Catarina;Argentina;Janeiro;2026;5
Aérea;Rio Grande do Sul;Argentina;Janeiro;2026;2271
Aérea;Distrito Federal;Argentina;Janeiro;2026;3536
Terrestre;Rondônia;Argentina;Janeiro;2026;6
Terrestre;Acre;Argentina;Janeiro;2026;4
Terrestre;Amazonas;Argentina;Janeiro;2026;11
Terrestre;Roraima;Argentina;Janeiro;2026;4
Terrestre;Roraima;Argentina;Janeiro;2026;11
Terrestre;Paraná;Argentina;Janeiro;2026;566
Terrestre;Paraná;Argentina;Janeiro;2026;8752
Terrestre;Paraná;Argentina;Janeiro;2026;44848
Terrestre;Paraná;Argentina;Janeiro;2026;43
Terrestre;Paraná;Argentina;Janeiro;2026;43
Terrestre;Paraná;Argentina;Janeiro;2026;1
Terrestre;Paraná;Argentina;Janeiro;2026;335
Terrestre;Santa Catarina;Argentina;Janeiro;2026;31646
Terrestre;Santa Catarina;Argentina;Janeiro;2026;17532
Terrestre;Rio Grande do Sul;Argentina;Janeiro;2026;139
Terrestre;Rio Grande do Sul;Argentina;Janeiro;2026;12
Terrestre;Rio Grande do Sul;Argentina;Janeiro;2026;2750
Terrestre;Rio Grande do Sul;Argentina;Janeiro;2026;4953
Terrestre;Rio Grande do Sul;Argentina;Janeiro;2026;5009
Terrestre;Rio Grande do Sul;Argentina;Janeiro;2026;49489
Terrestre;Rio Grande do Sul;Argentina;Janeiro;2026;108
Terrestre;Rio Grande do Sul;Argentina;Janeiro;2026;49894
Terrestre;Rio Grande do Sul;Argentina;Janeiro;2026;174138
Terrestre;Mato Grosso do Sul;Argentina;Janeiro;2026;53
Terrestre;Mato Grosso do Sul;Argentina;Janeiro;2026;132
Terrestre;Mato Grosso;Argentina;Janeiro;2026;1
Marítima;Maranhão;Argentina;Janeiro;2026;3
Marítima;Pernambuco;Argentina;Janeiro;2026;2
Marítima;Rio de Janeiro;Argentina;Janeiro;2026;5
Marítima;Rio de Janeiro;Argentina;Janeiro;2026;12920
Marítima;São Paulo;Argentina;Janeiro;2026;769
Marítima;Santa Catarina;Argentina;Janeiro;2026;8815
Marítima;Santa Catarina;Argentina;Janeiro;2026;4
Marítima;Santa Catarina;Argentina;Janeiro;2026;3796
Marítima;Rio Grande do Sul;Argentina;Janeiro;2026;1
Fluvial;Pará;Argentina;Janeiro;2026;8
Fluvial;Santa Catarina;Argentina;Janeiro;2026;19
Fluvial;Rio Grande do Sul;Argentina;Janeiro;2026;7226
Fluvial;Rio Grande do Sul;Argentina;Janeiro;2026;6981
Aérea;Pará;Argélia;Janeiro;2026;5
Aérea;Ceará;Argélia;Janeiro;2026;2
Aérea;Bahia;Argélia;Janeiro;2026;1
Aérea;Rio de Janeiro;Argélia;Janeiro;2026;5
Aérea;São Paulo;Argélia;Janeiro;2026;20
Aérea;Distrito Federal;Argélia;Janeiro;2026;1
Terrestre;Amapá;Argélia;Janeiro;2026;1
Terrestre;Santa Catarina;Argélia;Janeiro;2026;1
Terrestre;Santa Catarina;Argélia;Janeiro;2026;2
Terrestre;Rio Grande do Sul;Argélia;Janeiro;2026;1
Terrestre;Rio Grande do Sul;Argélia;Janeiro;2026;1
Terrestre;Rio Grande do Sul;Argélia;Janeiro;2026;4
Fluvial;Rio Grande do Sul;Argélia;Janeiro;2026;1
Aérea;Ceará;Armênia;Janeiro;2026;1
Aérea;Rio de Janeiro;Armênia;Janeiro;2026;22
Aérea;São Paulo;Armênia;Janeiro;2026;28
Terrestre;Paraná;Armênia;Janeiro;2026;15
Terrestre;Santa Catarina;Armênia;Janeiro;2026;1
Terrestre;Santa Catarina;Armênia;Janeiro;2026;1
Terrestre;Rio Grande do Sul;Armênia;Janeiro;2026;1
Terrestre;Rio Grande do Sul;Armênia;Janeiro;2026;8
Marítima;Ceará;Armênia;Janeiro;2026;1
Fluvial;Rio Grande do Sul;Armênia;Janeiro;2026;1
Aérea;Rio de Janeiro;Arábia Saudita;Janeiro;2026;42
Aérea;São Paulo;Arábia Saudita;Janeiro;2026;43
Aérea;Amazonas;Austrália;Janeiro;2026;3
Aérea;Ceará;Austrália;Janeiro;2026;6
Aérea;Pernambuco;Austrália;Janeiro;2026;3
Aérea;Bahia;Austrália;Janeiro;2026;12
Aérea;Minas Gerais;Austrália;Janeiro;2026;16
Aérea;Rio de Janeiro;Austrália;Janeiro;2026;1955
Aérea;São Paulo;Austrália;Janeiro;2026;3
Aérea;São Paulo;Austrália;Janeiro;2026;3215
Aérea;Paraná;Austrália;Janeiro;2026;8
Aérea;Paraná;Austrália;Janeiro;2026;16
Aérea;Santa Catarina;Austrália;Janeiro;2026;61
Aérea;Rio Grande do Sul;Austrália;Janeiro;2026;29
Aérea;Distrito Federal;Austrália;Janeiro;2026;13
Terrestre;Acre;Austrália;Janeiro;2026;1
Terrestre;Amazonas;Austrália;Janeiro;2026;6
Terrestre;Paraná;Austrália;Janeiro;2026;19
Terrestre;Paraná;Austrália;Janeiro;2026;916
Terrestre;Paraná;Austrália;Janeiro;2026;2
Terrestre;Santa Catarina;Austrália;Janeiro;2026;1
Terrestre;Rio Grande do Sul;Austrália;Janeiro;2026;12
Terrestre;Rio Grande do Sul;Austrália;Janeiro;2026;3
Terrestre;Rio Grande do Sul;Austrália;Janeiro;2026;1
Terrestre;Rio Grande do Sul;Austrália;Janeiro;2026;2
Terrestre;Rio Grande do Sul;Austrália;Janeiro;2026;2
Terrestre;Rio Grande do Sul;Austrália;Janeiro;2026;2
Terrestre;Mato Grosso do Sul;Austrália;Janeiro;2026;5
Marítima;Pernambuco;Austrália;Janeiro;2026;6
Marítima;Pernambuco;Austrália;Janeiro;2026;6
Marítima;Rio de Janeiro;Austrália;Janeiro;2026;3
Marítima;Santa Catarina;Austrália;Janeiro;2026;1
Marítima;Santa Catarina;Austrália;Janeiro;2026;17
Fluvial;Pará;Austrália;Janeiro;2026;65
Fluvial;Amapá;Austrália;Janeiro;2026;6
Aérea;Rio de Janeiro;Azerbaijão;Janeiro;2026;6
Aérea;São Paulo;Azerbaijão;Janeiro;2026;1
Terrestre;Rio Grande do Sul;Azerbaijão;Janeiro;2026;1
Aérea;Rio de Janeiro;Bahamas;Janeiro;2026;5
Aérea;São Paulo;Bahamas;Janeiro;2026;1
Aérea;São Paulo;Bahamas;Janeiro;2026;5
Aérea;Distrito Federal;Bahamas;Janeiro;2026;2
Fluvial;Pará;Bahamas;Janeiro;2026;1
Aérea;Pará;Bangladesh;Janeiro;2026;1
Aérea;Rio de Janeiro;Bangladesh;Janeiro;2026;2
Aérea;São Paulo;Bangladesh;Janeiro;2026;36
Terrestre;Mato Grosso do Sul;Bangladesh;Janeiro;2026;1
Aérea;Rio de Janeiro;Barbados;Janeiro;2026;8
Aérea;São Paulo;Barbados;Janeiro;2026;4
Aérea;Distrito Federal;Barbados;Janeiro;2026;1
Terrestre;Roraima;Barbados;Janeiro;2026;1
Aérea;Rio de Janeiro;Barein;Janeiro;2026;1
Aérea;São Paulo;Barein;Janeiro;2026;7
Aérea;Rio de Janeiro;Belize;Janeiro;2026;1
Aérea;São Paulo;Belize;Janeiro;2026;3
Aérea;Distrito Federal;Belize;Janeiro;2026;4
Terrestre;Mato Grosso do Sul;Belize;Janeiro;2026;1
Aérea;Bahia;Benin;Janeiro;2026;2
Aérea;Rio de Janeiro;Benin;Janeiro;2026;1
Aérea;São Paulo;Benin;Janeiro;2026;14
Aérea;Ceará;Bielorússia;Janeiro;2026;1
Aérea;Bahia;Bielorússia;Janeiro;2026;2
Aérea;Rio de Janeiro;Bielorússia;Janeiro;2026;28
Aérea;São Paulo;Bielorússia;Janeiro;2026;2
Aérea;São Paulo;Bielorússia;Janeiro;2026;69
Aérea;Santa Catarina;Bielorússia;Janeiro;2026;5
Aérea;Rio Grande do Sul;Bielorússia;Janeiro;2026;1
Aérea;Distrito Federal;Bielorússia;Janeiro;2026;2
Terrestre;Amapá;Bielorússia;Janeiro;2026;1
Terrestre;Paraná;Bielorússia;Janeiro;2026;21
Terrestre;Rio Grande do Sul;Bielorússia;Janeiro;2026;1
Terrestre;Mato Grosso do Sul;Bielorússia;Janeiro;2026;1
Aérea;Amazonas;Bolívia;Janeiro;2026;1
Aérea;Rio Grande do Norte;Bolívia;Janeiro;2026;1
Aérea;Pernambuco;Bolívia;Janeiro;2026;1
Aérea;Alagoas;Bolívia;Janeiro;2026;3
Aérea;Bahia;Bolívia;Janeiro;2026;9
Aérea;Rio de Janeiro;Bolívia;Janeiro;2026;1333
Aérea;São Paulo;Bolívia;Janeiro;2026;4
Aérea;São Paulo;Bolívia;Janeiro;2026;4560
Aérea;São Paulo;Bolívia;Janeiro;2026;1
Aérea;Paraná;Bolívia;Janeiro;2026;6
Aérea;Paraná;Bolívia;Janeiro;2026;4
Aérea;Santa Catarina;Bolívia;Janeiro;2026;180
Aérea;Rio Grande do Sul;Bolívia;Janeiro;2026;6
Aérea;Mato Grosso;Bolívia;Janeiro;2026;3
Aérea;Distrito Federal;Bolívia;Janeiro;2026;10
Terrestre;Rondônia;Bolívia;Janeiro;2026;432
Terrestre;Rondônia;Bolívia;Janeiro;2026;8
Terrestre;Acre;Bolívia;Janeiro;2026;71
Terrestre;Acre;Bolívia;Janeiro;2026;516
Terrestre;Amazonas;Bolívia;Janeiro;2026;1
Terrestre;Roraima;Bolívia;Janeiro;2026;1
Terrestre;Amapá;Bolívia;Janeiro;2026;8
Terrestre;Paraná;Bolívia;Janeiro;2026;467
Terrestre;Paraná;Bolívia;Janeiro;2026;198
Terrestre;Paraná;Bolívia;Janeiro;2026;4
Terrestre;Paraná;Bolívia;Janeiro;2026;5
Terrestre;Santa Catarina;Bolívia;Janeiro;2026;11
Terrestre;Santa Catarina;Bolívia;Janeiro;2026;4
Terrestre;Rio Grande do Sul;Bolívia;Janeiro;2026;1
Terrestre;Rio Grande do Sul;Bolívia;Janeiro;2026;13
Terrestre;Rio Grande do Sul;Bolívia;Janeiro;2026;9
Terrestre;Rio Grande do Sul;Bolívia;Janeiro;2026;43
Terrestre;Rio Grande do Sul;Bolívia;Janeiro;2026;34
Terrestre;Rio Grande do Sul;Bolívia;Janeiro;2026;213
Terrestre;Mato Grosso do Sul;Bolívia;Janeiro;2026;8807
Terrestre;Mato Grosso do Sul;Bolívia;Janeiro;2026;16
Terrestre;Mato Grosso;Bolívia;Janeiro;2026;106
Marítima;Rio de Janeiro;Bolívia;Janeiro;2026;19
Marítima;São Paulo;Bolívia;Janeiro;2026;7
Marítima;Santa Catarina;Bolívia;Janeiro;2026;33
Marítima;Santa Catarina;Bolívia;Janeiro;2026;4
Fluvial;Rio Grande do Sul;Bolívia;Janeiro;2026;6
Fluvial;Rio Grande do Sul;Bolívia;Janeiro;2026;1
Aérea;São Paulo;Botsuana;Janeiro;2026;7
Aérea;Amazonas;Bulgária;Janeiro;2026;2
Aérea;Pará;Bulgária;Janeiro;2026;1
Aérea;Ceará;Bulgária;Janeiro;2026;14
Aérea;Pernambuco;Bulgária;Janeiro;2026;2
Aérea;Rio de Janeiro;Bulgária;Janeiro;2026;100
Aérea;São Paulo;Bulgária;Janeiro;2026;1
Aérea;São Paulo;Bulgária;Janeiro;2026;148
Aérea;Santa Catarina;Bulgária;Janeiro;2026;10
Aérea;Distrito Federal;Bulgária;Janeiro;2026;3
Terrestre;Paraná;Bulgária;Janeiro;2026;4
Terrestre;Paraná;Bulgária;Janeiro;2026;78
Terrestre;Rio Grande do Sul;Bulgária;Janeiro;2026;1
Terrestre;Rio Grande do Sul;Bulgária;Janeiro;2026;2
Marítima;Pernambuco;Bulgária;Janeiro;2026;1
Marítima;Santa Catarina;Bulgária;Janeiro;2026;20
Marítima;Santa Catarina;Bulgária;Janeiro;2026;5
Aérea;Rio de Janeiro;Burkina Faso;Janeiro;2026;2
Aérea;São Paulo;Burkina Faso;Janeiro;2026;31
Aérea;São Paulo;Burundi;Janeiro;2026;1
Terrestre;Rio Grande do Sul;Butão;Janeiro;2026;1
Aérea;Amazonas;Bélgica;Janeiro;2026;11
Aérea;Pará;Bélgica;Janeiro;2026;12
Aérea;Ceará;Bélgica;Janeiro;2026;112
Aérea;Rio Grande do Norte;Bélgica;Janeiro;2026;20
Aérea;Pernambuco;Bélgica;Janeiro;2026;1
Aérea;Pernambuco;Bélgica;Janeiro;2026;30
Aérea;Alagoas;Bélgica;Janeiro;2026;6
Aérea;Bahia;Bélgica;Janeiro;2026;1
Aérea;Bahia;Bélgica;Janeiro;2026;114
Aérea;Minas Gerais;Bélgica;Janeiro;2026;28
Aérea;Rio de Janeiro;Bélgica;Janeiro;2026;614
Aérea;São Paulo;Bélgica;Janeiro;2026;18
Aérea;São Paulo;Bélgica;Janeiro;2026;1085
Aérea;Paraná;Bélgica;Janeiro;2026;3
Aérea;Paraná;Bélgica;Janeiro;2026;5
Aérea;Santa Catarina;Bélgica;Janeiro;2026;42
Aérea;Rio Grande do Sul;Bélgica;Janeiro;2026;12
Aérea;Distrito Federal;Bélgica;Janeiro;2026;25
Terrestre;Rondônia;Bélgica;Janeiro;2026;2
Terrestre;Amazonas;Bélgica;Janeiro;2026;7
Terrestre;Roraima;Bélgica;Janeiro;2026;2
Terrestre;Amapá;Bélgica;Janeiro;2026;5
Terrestre;Paraná;Bélgica;Janeiro;2026;15
Terrestre;Paraná;Bélgica;Janeiro;2026;184
Terrestre;Rio Grande do Sul;Bélgica;Janeiro;2026;3
Terrestre;Rio Grande do Sul;Bélgica;Janeiro;2026;1
Terrestre;Rio Grande do Sul;Bélgica;Janeiro;2026;2
Terrestre;Mato Grosso do Sul;Bélgica;Janeiro;2026;2
Terrestre;Mato Grosso do Sul;Bélgica;Janeiro;2026;1
Marítima;Ceará;Bélgica;Janeiro;2026;3
Marítima;Rio de Janeiro;Bélgica;Janeiro;2026;3
Marítima;Santa Catarina;Bélgica;Janeiro;2026;6
Marítima;Santa Catarina;Bélgica;Janeiro;2026;16
Fluvial;Pará;Bélgica;Janeiro;2026;12
Fluvial;Amapá;Bélgica;Janeiro;2026;2
Fluvial;Amapá;Bélgica;Janeiro;2026;1
Fluvial;Rio Grande do Sul;Bélgica;Janeiro;2026;3
Aérea;Ceará;Bósnia-Herzegovina;Janeiro;2026;3
Aérea;Rio de Janeiro;Bósnia-Herzegovina;Janeiro;2026;20
Aérea;São Paulo;Bósnia-Herzegovina;Janeiro;2026;10
Aérea;Santa Catarina;Bósnia-Herzegovina;Janeiro;2026;1
Aérea;Distrito Federal;Bósnia-Herzegovina;Janeiro;2026;1
Terrestre;Paraná;Bósnia-Herzegovina;Janeiro;2026;2
Aérea;Ceará;Cabo Verde;Janeiro;2026;8
Aérea;Pernambuco;Cabo Verde;Janeiro;2026;2
Aérea;Bahia;Cabo Verde;Janeiro;2026;3
Aérea;Minas Gerais;Cabo Verde;Janeiro;2026;1
Aérea;Rio de Janeiro;Cabo Verde;Janeiro;2026;4
Aérea;São Paulo;Cabo Verde;Janeiro;2026;3
Aérea;São Paulo;Cabo Verde;Janeiro;2026;24
Aérea;Santa Catarina;Cabo Verde;Janeiro;2026;3
Aérea;Bahia;Camarões;Janeiro;2026;5
Aérea;Rio de Janeiro;Camarões;Janeiro;2026;1
Aérea;São Paulo;Camarões;Janeiro;2026;74
Aérea;Distrito Federal;Camarões;Janeiro;2026;1
Terrestre;Paraná;Camarões;Janeiro;2026;1
Aérea;São Paulo;Camboja;Janeiro;2026;2
Aérea;Amazonas;Canadá;Janeiro;2026;41
Aérea;Pará;Canadá;Janeiro;2026;13
Aérea;Amapá;Canadá;Janeiro;2026;2
Aérea;Ceará;Canadá;Janeiro;2026;7
Aérea;Rio Grande do Norte;Canadá;Janeiro;2026;1
Aérea;Pernambuco;Canadá;Janeiro;2026;14
Aérea;Alagoas;Canadá;Janeiro;2026;2
Aérea;Bahia;Canadá;Janeiro;2026;26
Aérea;Minas Gerais;Canadá;Janeiro;2026;10
Aérea;Rio de Janeiro;Canadá;Janeiro;2026;3759
Aérea;São Paulo;Canadá;Janeiro;2026;6
Aérea;São Paulo;Canadá;Janeiro;2026;4529
Aérea;Paraná;Canadá;Janeiro;2026;2
Aérea;Santa Catarina;Canadá;Janeiro;2026;59
Aérea;Rio Grande do Sul;Canadá;Janeiro;2026;18
Aérea;Distrito Federal;Canadá;Janeiro;2026;35
Terrestre;Acre;Canadá;Janeiro;2026;1
Terrestre;Amazonas;Canadá;Janeiro;2026;2
Terrestre;Roraima;Canadá;Janeiro;2026;4
Terrestre;Paraná;Canadá;Janeiro;2026;31
Terrestre;Paraná;Canadá;Janeiro;2026;579
Terrestre;Santa Catarina;Canadá;Janeiro;2026;1
Terrestre;Rio Grande do Sul;Canadá;Janeiro;2026;10
Terrestre;Rio Grande do Sul;Canadá;Janeiro;2026;1
Terrestre;Rio Grande do Sul;Canadá;Janeiro;2026;4
Terrestre;Rio Grande do Sul;Canadá;Janeiro;2026;2
Terrestre;Mato Grosso do Sul;Canadá;Janeiro;2026;1
Marítima;Pernambuco;Canadá;Janeiro;2026;2
Marítima;Rio de Janeiro;Canadá;Janeiro;2026;9
Marítima;São Paulo;Canadá;Janeiro;2026;12
Marítima;São Paulo;Canadá;Janeiro;2026;1
Marítima;Santa Catarina;Canadá;Janeiro;2026;14
Marítima;Santa Catarina;Canadá;Janeiro;2026;186
Fluvial;Pará;Canadá;Janeiro;2026;425
Fluvial;Amapá;Canadá;Janeiro;2026;94
Fluvial;Rio Grande do Sul;Canadá;Janeiro;2026;4
Aérea;Amazonas;Casaquistão;Janeiro;2026;1
Aérea;Pernambuco;Casaquistão;Janeiro;2026;1
Aérea;Rio de Janeiro;Casaquistão;Janeiro;2026;23
Aérea;São Paulo;Casaquistão;Janeiro;2026;77
Terrestre;Paraná;Casaquistão;Janeiro;2026;2
Terrestre;Paraná;Casaquistão;Janeiro;2026;7
Marítima;Santa Catarina;Casaquistão;Janeiro;2026;2
Marítima;Santa Catarina;Casaquistão;Janeiro;2026;10
Aérea;São Paulo;Catar;Janeiro;2026;65
Terrestre;Paraná;Catar;Janeiro;2026;2
Aérea;Amazonas;Chile;Janeiro;2026;1
Aérea;Pará;Chile;Janeiro;2026;3
Aérea;Ceará;Chile;Janeiro;2026;270
Aérea;Rio Grande do Norte;Chile;Janeiro;2026;9
Aérea;Pernambuco;Chile;Janeiro;2026;593
Aérea;Bahia;Chile;Janeiro;2026;1
Aérea;Bahia;Chile;Janeiro;2026;858
Aérea;Minas Gerais;Chile;Janeiro;2026;144
Aérea;Rio de Janeiro;Chile;Janeiro;2026;2
Aérea;Rio de Janeiro;Chile;Janeiro;2026;50534
Aérea;São Paulo;Chile;Janeiro;2026;9
Aérea;São Paulo;Chile;Janeiro;2026;13670
Aérea;Paraná;Chile;Janeiro;2026;1634
Aérea;Paraná;Chile;Janeiro;2026;348
Aérea;Santa Catarina;Chile;Janeiro;2026;40361
Aérea;Rio Grande do Sul;Chile;Janeiro;2026;896
Aérea;Mato Grosso do Sul;Chile;Janeiro;2026;3
Aérea;Distrito Federal;Chile;Janeiro;2026;340
Terrestre;Acre;Chile;Janeiro;2026;13
Terrestre;Acre;Chile;Janeiro;2026;3
Terrestre;Amazonas;Chile;Janeiro;2026;4
Terrestre;Roraima;Chile;Janeiro;2026;9
Terrestre;Paraná;Chile;Janeiro;2026;1
Terrestre;Paraná;Chile;Janeiro;2026;366
Terrestre;Paraná;Chile;Janeiro;2026;1290
Terrestre;Paraná;Chile;Janeiro;2026;1
Terrestre;Paraná;Chile;Janeiro;2026;6
Terrestre;Santa Catarina;Chile;Janeiro;2026;14
Terrestre;Santa Catarina;Chile;Janeiro;2026;13
Terrestre;Rio Grande do Sul;Chile;Janeiro;2026;2
Terrestre;Rio Grande do Sul;Chile;Janeiro;2026;82
Terrestre;Rio Grande do Sul;Chile;Janeiro;2026;28
Terrestre;Rio Grande do Sul;Chile;Janeiro;2026;10
Terrestre;Rio Grande do Sul;Chile;Janeiro;2026;43
Terrestre;Rio Grande do Sul;Chile;Janeiro;2026;53
Terrestre;Rio Grande do Sul;Chile;Janeiro;2026;456
Terrestre;Mato Grosso do Sul;Chile;Janeiro;2026;52
Terrestre;Mato Grosso do Sul;Chile;Janeiro;2026;1
Marítima;Rio de Janeiro;Chile;Janeiro;2026;182
Marítima;São Paulo;Chile;Janeiro;2026;59
Marítima;Santa Catarina;Chile;Janeiro;2026;145
Marítima;Santa Catarina;Chile;Janeiro;2026;152
Fluvial;Pará;Chile;Janeiro;2026;5
Fluvial;Santa Catarina;Chile;Janeiro;2026;1
Fluvial;Rio Grande do Sul;Chile;Janeiro;2026;5
Fluvial;Rio Grande do Sul;Chile;Janeiro;2026;1
Aérea;Amazonas;China;Janeiro;2026;11
Aérea;Pará;China;Janeiro;2026;9
Aérea;Ceará;China;Janeiro;2026;14
Aérea;Pernambuco;China;Janeiro;2026;4
Aérea;Alagoas;China;Janeiro;2026;2
Aérea;Bahia;China;Janeiro;2026;55
Aérea;Minas Gerais;China;Janeiro;2026;7
Aérea;Rio de Janeiro;China;Janeiro;2026;794
Aérea;São Paulo;China;Janeiro;2026;19
Aérea;São Paulo;China;Janeiro;2026;6454
Aérea;Paraná;China;Janeiro;2026;7
Aérea;Paraná;China;Janeiro;2026;3
Aérea;Santa Catarina;China;Janeiro;2026;19
Aérea;Rio Grande do Sul;China;Janeiro;2026;2
Aérea;Rio Grande do Sul;China;Janeiro;2026;20
Aérea;Distrito Federal;China;Janeiro;2026;11
Terrestre;Amazonas;China;Janeiro;2026;2
Terrestre;Roraima;China;Janeiro;2026;8
Terrestre;Roraima;China;Janeiro;2026;4
Terrestre;Paraná;China;Janeiro;2026;90
Terrestre;Paraná;China;Janeiro;2026;1126
Terrestre;Santa Catarina;China;Janeiro;2026;3
Terrestre;Rio Grande do Sul;China;Janeiro;2026;1
Terrestre;Rio Grande do Sul;China;Janeiro;2026;4
Terrestre;Rio Grande do Sul;China;Janeiro;2026;6
Terrestre;Mato Grosso do Sul;China;Janeiro;2026;5
Marítima;Rio de Janeiro;China;Janeiro;2026;1
Marítima;Rio de Janeiro;China;Janeiro;2026;11
Marítima;São Paulo;China;Janeiro;2026;3
Marítima;Santa Catarina;China;Janeiro;2026;3
Marítima;Santa Catarina;China;Janeiro;2026;4
Fluvial;Pará;China;Janeiro;2026;21
Fluvial;Pará;China;Janeiro;2026;15
Fluvial;Amapá;China;Janeiro;2026;2
Fluvial;Amapá;China;Janeiro;2026;1
Fluvial;Rio Grande do Sul;China;Janeiro;2026;4
Aérea;Amazonas;China, Hong Kong;Janeiro;2026;1
Aérea;Pará;China, Hong Kong;Janeiro;2026;1
Aérea;Ceará;China, Hong Kong;Janeiro;2026;2
Aérea;Pernambuco;China, Hong Kong;Janeiro;2026;2
Aérea;Rio de Janeiro;China, Hong Kong;Janeiro;2026;54
Aérea;São Paulo;China, Hong Kong;Janeiro;2026;6
Aérea;São Paulo;China, Hong Kong;Janeiro;2026;193
Aérea;Santa Catarina;China, Hong Kong;Janeiro;2026;2
Terrestre;Paraná;China, Hong Kong;Janeiro;2026;76
Marítima;Santa Catarina;China, Hong Kong;Janeiro;2026;1
Fluvial;Pará;China, Hong Kong;Janeiro;2026;5
Aérea;Minas Gerais;China, Macao;Janeiro;2026;2
Aérea;Rio de Janeiro;China, Macao;Janeiro;2026;7
Aérea;São Paulo;China, Macao;Janeiro;2026;11
Terrestre;Paraná;China, Macao;Janeiro;2026;3
Aérea;Rio de Janeiro;Chipre;Janeiro;2026;17
Aérea;São Paulo;Chipre;Janeiro;2026;2
Aérea;São Paulo;Chipre;Janeiro;2026;23
Aérea;Santa Catarina;Chipre;Janeiro;2026;1
Terrestre;Paraná;Chipre;Janeiro;2026;11
Marítima;Santa Catarina;Chipre;Janeiro;2026;1
Aérea;Ceará;Cingapura;Janeiro;2026;1
Aérea;Bahia;Cingapura;Janeiro;2026;3
Aérea;Rio de Janeiro;Cingapura;Janeiro;2026;86
Aérea;São Paulo;Cingapura;Janeiro;2026;1
Aérea;São Paulo;Cingapura;Janeiro;2026;218
Aérea;Santa Catarina;Cingapura;Janeiro;2026;2
Terrestre;Paraná;Cingapura;Janeiro;2026;2
Terrestre;Paraná;Cingapura;Janeiro;2026;102
Aérea;Amazonas;Colômbia;Janeiro;2026;163
Aérea;Pará;Colômbia;Janeiro;2026;234
Aérea;Ceará;Colômbia;Janeiro;2026;8
Aérea;Rio Grande do Norte;Colômbia;Janeiro;2026;2
Aérea;Pernambuco;Colômbia;Janeiro;2026;9
Aérea;Alagoas;Colômbia;Janeiro;2026;6
Aérea;Bahia;Colômbia;Janeiro;2026;80
Aérea;Minas Gerais;Colômbia;Janeiro;2026;85
Aérea;Rio de Janeiro;Colômbia;Janeiro;2026;5674
Aérea;São Paulo;Colômbia;Janeiro;2026;22
Aérea;São Paulo;Colômbia;Janeiro;2026;5282
Aérea;Paraná;Colômbia;Janeiro;2026;38
Aérea;Paraná;Colômbia;Janeiro;2026;66
Aérea;Santa Catarina;Colômbia;Janeiro;2026;377
Aérea;Rio Grande do Sul;Colômbia;Janeiro;2026;102
Aérea;Distrito Federal;Colômbia;Janeiro;2026;379
Terrestre;Rondônia;Colômbia;Janeiro;2026;5
Terrestre;Acre;Colômbia;Janeiro;2026;15
Terrestre;Acre;Colômbia;Janeiro;2026;6
Terrestre;Amazonas;Colômbia;Janeiro;2026;387
Terrestre;Roraima;Colômbia;Janeiro;2026;4
Terrestre;Roraima;Colômbia;Janeiro;2026;34
Terrestre;Amapá;Colômbia;Janeiro;2026;5
Terrestre;Paraná;Colômbia;Janeiro;2026;141
Terrestre;Paraná;Colômbia;Janeiro;2026;1112
Terrestre;Paraná;Colômbia;Janeiro;2026;3
Terrestre;Santa Catarina;Colômbia;Janeiro;2026;24
Terrestre;Rio Grande do Sul;Colômbia;Janeiro;2026;58
Terrestre;Rio Grande do Sul;Colômbia;Janeiro;2026;37
Terrestre;Rio Grande do Sul;Colômbia;Janeiro;2026;1
Terrestre;Rio Grande do Sul;Colômbia;Janeiro;2026;44
Terrestre;Rio Grande do Sul;Colômbia;Janeiro;2026;24
Terrestre;Rio Grande do Sul;Colômbia;Janeiro;2026;82
Terrestre;Mato Grosso do Sul;Colômbia;Janeiro;2026;34
Terrestre;Mato Grosso do Sul;Colômbia;Janeiro;2026;1
Terrestre;Mato Grosso;Colômbia;Janeiro;2026;1
Marítima;Rio de Janeiro;Colômbia;Janeiro;2026;44
Marítima;São Paulo;Colômbia;Janeiro;2026;3
Marítima;Santa Catarina;Colômbia;Janeiro;2026;27
Marítima;Santa Catarina;Colômbia;Janeiro;2026;43
Fluvial;Amazonas;Colômbia;Janeiro;2026;1
Fluvial;Pará;Colômbia;Janeiro;2026;1
Fluvial;Amapá;Colômbia;Janeiro;2026;1
Fluvial;Rio Grande do Sul;Colômbia;Janeiro;2026;12
Fluvial;Rio Grande do Sul;Colômbia;Janeiro;2026;9
Aérea;São Paulo;Congo;Janeiro;2026;116
Aérea;Amazonas;Costa Rica;Janeiro;2026;9
Aérea;Bahia;Costa Rica;Janeiro;2026;5
Aérea;Minas Gerais;Costa Rica;Janeiro;2026;4
Aérea;Rio de Janeiro;Costa Rica;Janeiro;2026;1098
Aérea;São Paulo;Costa Rica;Janeiro;2026;2
Aérea;São Paulo;Costa Rica;Janeiro;2026;679
Aérea;São Paulo;Costa Rica;Janeiro;2026;1
Aérea;Paraná;Costa Rica;Janeiro;2026;1
Aérea;Paraná;Costa Rica;Janeiro;2026;6
Aérea;Santa Catarina;Costa Rica;Janeiro;2026;22
Aérea;Rio Grande do Sul;Costa Rica;Janeiro;2026;26
Aérea;Distrito Federal;Costa Rica;Janeiro;2026;10
Terrestre;Roraima;Costa Rica;Janeiro;2026;3
Terrestre;Paraná;Costa Rica;Janeiro;2026;35
Terrestre;Paraná;Costa Rica;Janeiro;2026;223
Terrestre;Santa Catarina;Costa Rica;Janeiro;2026;1
Terrestre;Santa Catarina;Costa Rica;Janeiro;2026;1
Terrestre;Rio Grande do Sul;Costa Rica;Janeiro;2026;1
Terrestre;Rio Grande do Sul;Costa Rica;Janeiro;2026;3
Terrestre;Rio Grande do Sul;Costa Rica;Janeiro;2026;1
Terrestre;Rio Grande do Sul;Costa Rica;Janeiro;2026;1
Terrestre;Rio Grande do Sul;Costa Rica;Janeiro;2026;3
Marítima;Rio de Janeiro;Costa Rica;Janeiro;2026;10
Marítima;Santa Catarina;Costa Rica;Janeiro;2026;29
Aérea;Bahia;Costa do Marfim;Janeiro;2026;1
Aérea;Rio de Janeiro;Costa do Marfim;Janeiro;2026;4
Aérea;São Paulo;Costa do Marfim;Janeiro;2026;5
Terrestre;Paraná;Costa do Marfim;Janeiro;2026;1
Aérea;Amazonas;Croácia;Janeiro;2026;1
Aérea;Pará;Croácia;Janeiro;2026;1
Aérea;Ceará;Croácia;Janeiro;2026;11
Aérea;Pernambuco;Croácia;Janeiro;2026;5
Aérea;Bahia;Croácia;Janeiro;2026;5
Aérea;Minas Gerais;Croácia;Janeiro;2026;2
Aérea;Rio de Janeiro;Croácia;Janeiro;2026;128
Aérea;São Paulo;Croácia;Janeiro;2026;2
Aérea;São Paulo;Croácia;Janeiro;2026;483
Aérea;Santa Catarina;Croácia;Janeiro;2026;4
Aérea;Rio Grande do Sul;Croácia;Janeiro;2026;1
Aérea;Distrito Federal;Croácia;Janeiro;2026;4
Terrestre;Amazonas;Croácia;Janeiro;2026;3
Terrestre;Paraná;Croácia;Janeiro;2026;8
Terrestre;Paraná;Croácia;Janeiro;2026;20
Terrestre;Rio Grande do Sul;Croácia;Janeiro;2026;1
Terrestre;Mato Grosso do Sul;Croácia;Janeiro;2026;1
Marítima;Rio de Janeiro;Croácia;Janeiro;2026;1
Marítima;Rio de Janeiro;Croácia;Janeiro;2026;8
Marítima;São Paulo;Croácia;Janeiro;2026;4
Marítima;Santa Catarina;Croácia;Janeiro;2026;1
Fluvial;Pará;Croácia;Janeiro;2026;1
Aérea;Amazonas;Cuba;Janeiro;2026;2
Aérea;Pará;Cuba;Janeiro;2026;4
Aérea;Ceará;Cuba;Janeiro;2026;7
Aérea;Rio Grande do Norte;Cuba;Janeiro;2026;2
Aérea;Bahia;Cuba;Janeiro;2026;3
Aérea;Minas Gerais;Cuba;Janeiro;2026;5
Aérea;Rio de Janeiro;Cuba;Janeiro;2026;57
Aérea;São Paulo;Cuba;Janeiro;2026;136
Aérea;Paraná;Cuba;Janeiro;2026;3
Aérea;Santa Catarina;Cuba;Janeiro;2026;28
Aérea;Rio Grande do Sul;Cuba;Janeiro;2026;13
Aérea;Distrito Federal;Cuba;Janeiro;2026;22
Terrestre;Roraima;Cuba;Janeiro;2026;3
Terrestre;Roraima;Cuba;Janeiro;2026;1
Terrestre;Paraná;Cuba;Janeiro;2026;5
Terrestre;Rio Grande do Sul;Cuba;Janeiro;2026;23
Terrestre;Rio Grande do Sul;Cuba;Janeiro;2026;10
Terrestre;Rio Grande do Sul;Cuba;Janeiro;2026;13
Terrestre;Rio Grande do Sul;Cuba;Janeiro;2026;5
Terrestre;Mato Grosso do Sul;Cuba;Janeiro;2026;13
Marítima;Rio de Janeiro;Cuba;Janeiro;2026;1
Marítima;Santa Catarina;Cuba;Janeiro;2026;1
Marítima;Rio Grande do Sul;Cuba;Janeiro;2026;1
Aérea;Amazonas;Dinamarca;Janeiro;2026;10
Aérea;Pará;Dinamarca;Janeiro;2026;6
Aérea;Ceará;Dinamarca;Janeiro;2026;38
Aérea;Rio Grande do Norte;Dinamarca;Janeiro;2026;10
Aérea;Pernambuco;Dinamarca;Janeiro;2026;12
Aérea;Bahia;Dinamarca;Janeiro;2026;61
Aérea;Minas Gerais;Dinamarca;Janeiro;2026;3
Aérea;Rio de Janeiro;Dinamarca;Janeiro;2026;621
Aérea;São Paulo;Dinamarca;Janeiro;2026;24
Aérea;São Paulo;Dinamarca;Janeiro;2026;546
Aérea;Paraná;Dinamarca;Janeiro;2026;2
Aérea;Paraná;Dinamarca;Janeiro;2026;2
Aérea;Santa Catarina;Dinamarca;Janeiro;2026;16
Aérea;Rio Grande do Sul;Dinamarca;Janeiro;2026;6
Aérea;Distrito Federal;Dinamarca;Janeiro;2026;5
Terrestre;Acre;Dinamarca;Janeiro;2026;1
Terrestre;Amazonas;Dinamarca;Janeiro;2026;1
Terrestre;Roraima;Dinamarca;Janeiro;2026;2
Terrestre;Paraná;Dinamarca;Janeiro;2026;10
Terrestre;Paraná;Dinamarca;Janeiro;2026;206
Terrestre;Rio Grande do Sul;Dinamarca;Janeiro;2026;5
Terrestre;Rio Grande do Sul;Dinamarca;Janeiro;2026;1
Terrestre;Rio Grande do Sul;Dinamarca;Janeiro;2026;2
Terrestre;Rio Grande do Sul;Dinamarca;Janeiro;2026;1
Terrestre;Mato Grosso do Sul;Dinamarca;Janeiro;2026;1
Marítima;Ceará;Dinamarca;Janeiro;2026;1
Marítima;Pernambuco;Dinamarca;Janeiro;2026;2
Marítima;Santa Catarina;Dinamarca;Janeiro;2026;1
Fluvial;Pará;Dinamarca;Janeiro;2026;6
Aérea;Rio de Janeiro;Dominica;Janeiro;2026;1
Aérea;São Paulo;Dominica;Janeiro;2026;12
Aérea;Distrito Federal;Dominica;Janeiro;2026;1
Terrestre;Paraná;Dominica;Janeiro;2026;1
Marítima;Rio de Janeiro;Dominica;Janeiro;2026;2
Aérea;Rio de Janeiro;Egito;Janeiro;2026;66
Aérea;São Paulo;Egito;Janeiro;2026;107
Terrestre;Roraima;Egito;Janeiro;2026;1
Marítima;Santa Catarina;Egito;Janeiro;2026;1
Marítima;Santa Catarina;Egito;Janeiro;2026;1
Aérea;Amazonas;El Salvador;Janeiro;2026;1
Aérea;Pará;El Salvador;Janeiro;2026;3
Aérea;Ceará;El Salvador;Janeiro;2026;1
Aérea;Bahia;El Salvador;Janeiro;2026;3
Aérea;Minas Gerais;El Salvador;Janeiro;2026;4
Aérea;Rio de Janeiro;El Salvador;Janeiro;2026;63
Aérea;São Paulo;El Salvador;Janeiro;2026;1
Aérea;São Paulo;El Salvador;Janeiro;2026;232
Aérea;Paraná;El Salvador;Janeiro;2026;3
Aérea;Santa Catarina;El Salvador;Janeiro;2026;16
Aérea;Rio Grande do Sul;El Salvador;Janeiro;2026;1
Aérea;Distrito Federal;El Salvador;Janeiro;2026;6
Terrestre;Paraná;El Salvador;Janeiro;2026;2
Terrestre;Santa Catarina;El Salvador;Janeiro;2026;1
Terrestre;Rio Grande do Sul;El Salvador;Janeiro;2026;3
Terrestre;Mato Grosso do Sul;El Salvador;Janeiro;2026;1
Marítima;Rio de Janeiro;El Salvador;Janeiro;2026;2
Aérea;Rio de Janeiro;Emirados Árabes Unidos;Janeiro;2026;27
Aérea;São Paulo;Emirados Árabes Unidos;Janeiro;2026;120
Aérea;Santa Catarina;Emirados Árabes Unidos;Janeiro;2026;1
Aérea;Amazonas;Equador;Janeiro;2026;10
Aérea;Pará;Equador;Janeiro;2026;12
Aérea;Rio Grande do Norte;Equador;Janeiro;2026;1
Aérea;Pernambuco;Equador;Janeiro;2026;2
Aérea;Alagoas;Equador;Janeiro;2026;3
Aérea;Bahia;Equador;Janeiro;2026;8
Aérea;Minas Gerais;Equador;Janeiro;2026;27
Aérea;Rio de Janeiro;Equador;Janeiro;2026;892
Aérea;São Paulo;Equador;Janeiro;2026;2
Aérea;São Paulo;Equador;Janeiro;2026;1217
Aérea;Paraná;Equador;Janeiro;2026;9
Aérea;Paraná;Equador;Janeiro;2026;31
Aérea;Santa Catarina;Equador;Janeiro;2026;104
Aérea;Rio Grande do Sul;Equador;Janeiro;2026;76
Aérea;Distrito Federal;Equador;Janeiro;2026;74
Terrestre;Acre;Equador;Janeiro;2026;14
Terrestre;Roraima;Equador;Janeiro;2026;1
Terrestre;Roraima;Equador;Janeiro;2026;7
Terrestre;Paraná;Equador;Janeiro;2026;39
Terrestre;Paraná;Equador;Janeiro;2026;91
Terrestre;Paraná;Equador;Janeiro;2026;2
Terrestre;Paraná;Equador;Janeiro;2026;2
Terrestre;Santa Catarina;Equador;Janeiro;2026;1
Terrestre;Rio Grande do Sul;Equador;Janeiro;2026;6
Terrestre;Rio Grande do Sul;Equador;Janeiro;2026;2
Terrestre;Rio Grande do Sul;Equador;Janeiro;2026;4
Terrestre;Rio Grande do Sul;Equador;Janeiro;2026;1
Terrestre;Rio Grande do Sul;Equador;Janeiro;2026;9
Terrestre;Mato Grosso do Sul;Equador;Janeiro;2026;13
Terrestre;Mato Grosso do Sul;Equador;Janeiro;2026;3
Terrestre;Mato Grosso;Equador;Janeiro;2026;1
Marítima;Rio de Janeiro;Equador;Janeiro;2026;15
Marítima;Santa Catarina;Equador;Janeiro;2026;5
Marítima;Santa Catarina;Equador;Janeiro;2026;19
Fluvial;Rio Grande do Sul;Equador;Janeiro;2026;1
Aérea;São Paulo;Eritréia;Janeiro;2026;2
Aérea;Pará;Eslováquia;Janeiro;2026;2
Aérea;Ceará;Eslováquia;Janeiro;2026;7
Aérea;Pernambuco;Eslováquia;Janeiro;2026;5
Aérea;Bahia;Eslováquia;Janeiro;2026;72
Aérea;Minas Gerais;Eslováquia;Janeiro;2026;1
Aérea;Rio de Janeiro;Eslováquia;Janeiro;2026;112
Aérea;São Paulo;Eslováquia;Janeiro;2026;7
Aérea;São Paulo;Eslováquia;Janeiro;2026;112
Aérea;Paraná;Eslováquia;Janeiro;2026;1
Aérea;Santa Catarina;Eslováquia;Janeiro;2026;9
Aérea;Rio Grande do Sul;Eslováquia;Janeiro;2026;3
Aérea;Distrito Federal;Eslováquia;Janeiro;2026;2
Terrestre;Amapá;Eslováquia;Janeiro;2026;1
Terrestre;Paraná;Eslováquia;Janeiro;2026;41
Terrestre;Paraná;Eslováquia;Janeiro;2026;84
Terrestre;Rio Grande do Sul;Eslováquia;Janeiro;2026;1
Fluvial;Pará;Eslováquia;Janeiro;2026;2
Aérea;Pará;Eslovênia;Janeiro;2026;1
Aérea;Ceará;Eslovênia;Janeiro;2026;27
Aérea;Pernambuco;Eslovênia;Janeiro;2026;4
Aérea;Alagoas;Eslovênia;Janeiro;2026;10
Aérea;Bahia;Eslovênia;Janeiro;2026;14
Aérea;Minas Gerais;Eslovênia;Janeiro;2026;2
Aérea;Rio de Janeiro;Eslovênia;Janeiro;2026;34
Aérea;São Paulo;Eslovênia;Janeiro;2026;6
Aérea;São Paulo;Eslovênia;Janeiro;2026;89
Aérea;Paraná;Eslovênia;Janeiro;2026;1
Aérea;Santa Catarina;Eslovênia;Janeiro;2026;1
Aérea;Rio Grande do Sul;Eslovênia;Janeiro;2026;1
Aérea;Distrito Federal;Eslovênia;Janeiro;2026;1
Terrestre;Paraná;Eslovênia;Janeiro;2026;1
Terrestre;Paraná;Eslovênia;Janeiro;2026;2
Marítima;Pernambuco;Eslovênia;Janeiro;2026;1
Marítima;Rio de Janeiro;Eslovênia;Janeiro;2026;27
Aérea;Amazonas;Espanha;Janeiro;2026;19
Aérea;Pará;Espanha;Janeiro;2026;37
Aérea;Ceará;Espanha;Janeiro;2026;315
Aérea;Rio Grande do Norte;Espanha;Janeiro;2026;133
Aérea;Pernambuco;Espanha;Janeiro;2026;9
Aérea;Pernambuco;Espanha;Janeiro;2026;473
Aérea;Alagoas;Espanha;Janeiro;2026;25
Aérea;Bahia;Espanha;Janeiro;2026;10
Aérea;Bahia;Espanha;Janeiro;2026;523
Aérea;Minas Gerais;Espanha;Janeiro;2026;43
Aérea;Rio de Janeiro;Espanha;Janeiro;2026;2
Aérea;Rio de Janeiro;Espanha;Janeiro;2026;2175
Aérea;São Paulo;Espanha;Janeiro;2026;246
Aérea;São Paulo;Espanha;Janeiro;2026;5763
Aérea;Paraná;Espanha;Janeiro;2026;13
Aérea;Paraná;Espanha;Janeiro;2026;22
Aérea;Santa Catarina;Espanha;Janeiro;2026;221
Aérea;Rio Grande do Sul;Espanha;Janeiro;2026;45
Aérea;Distrito Federal;Espanha;Janeiro;2026;150
Terrestre;Rondônia;Espanha;Janeiro;2026;4
Terrestre;Acre;Espanha;Janeiro;2026;4
Terrestre;Amazonas;Espanha;Janeiro;2026;13
Terrestre;Roraima;Espanha;Janeiro;2026;4
Terrestre;Roraima;Espanha;Janeiro;2026;6
Terrestre;Amapá;Espanha;Janeiro;2026;3
Terrestre;Paraná;Espanha;Janeiro;2026;577
Terrestre;Paraná;Espanha;Janeiro;2026;950
Terrestre;Paraná;Espanha;Janeiro;2026;5
Terrestre;Paraná;Espanha;Janeiro;2026;10
Terrestre;Santa Catarina;Espanha;Janeiro;2026;5
Terrestre;Santa Catarina;Espanha;Janeiro;2026;4
Terrestre;Rio Grande do Sul;Espanha;Janeiro;2026;34
Terrestre;Rio Grande do Sul;Espanha;Janeiro;2026;30
Terrestre;Rio Grande do Sul;Espanha;Janeiro;2026;4
Terrestre;Rio Grande do Sul;Espanha;Janeiro;2026;29
Terrestre;Rio Grande do Sul;Espanha;Janeiro;2026;14
Terrestre;Rio Grande do Sul;Espanha;Janeiro;2026;42
Terrestre;Mato Grosso do Sul;Espanha;Janeiro;2026;28
Terrestre;Mato Grosso do Sul;Espanha;Janeiro;2026;9
Terrestre;Mato Grosso;Espanha;Janeiro;2026;3
Marítima;Ceará;Espanha;Janeiro;2026;3
Marítima;Pernambuco;Espanha;Janeiro;2026;5
Marítima;Rio de Janeiro;Espanha;Janeiro;2026;28
Marítima;São Paulo;Espanha;Janeiro;2026;5
Marítima;São Paulo;Espanha;Janeiro;2026;1
Marítima;Santa Catarina;Espanha;Janeiro;2026;38
Marítima;Santa Catarina;Espanha;Janeiro;2026;24
Fluvial;Pará;Espanha;Janeiro;2026;13
Fluvial;Amapá;Espanha;Janeiro;2026;1
Fluvial;Rio Grande do Sul;Espanha;Janeiro;2026;5
Fluvial;Rio Grande do Sul;Espanha;Janeiro;2026;2
Aérea;Amazonas;Estados Unidos;Janeiro;2026;964
Aérea;Roraima;Estados Unidos;Janeiro;2026;3
Aérea;Pará;Estados Unidos;Janeiro;2026;195
Aérea;Ceará;Estados Unidos;Janeiro;2026;138
Aérea;Rio Grande do Norte;Estados Unidos;Janeiro;2026;5
Aérea;Paraíba;Estados Unidos;Janeiro;2026;2
Aérea;Pernambuco;Estados Unidos;Janeiro;2026;73
Aérea;Alagoas;Estados Unidos;Janeiro;2026;2
Aérea;Bahia;Estados Unidos;Janeiro;2026;12
Aérea;Bahia;Estados Unidos;Janeiro;2026;342
Aérea;Minas Gerais;Estados Unidos;Janeiro;2026;461
Aérea;Rio de Janeiro;Estados Unidos;Janeiro;2026;2
Aérea;Rio de Janeiro;Estados Unidos;Janeiro;2026;17822
Aérea;São Paulo;Estados Unidos;Janeiro;2026;775
Aérea;São Paulo;Estados Unidos;Janeiro;2026;26855
Aérea;São Paulo;Estados Unidos;Janeiro;2026;2
Aérea;Paraná;Estados Unidos;Janeiro;2026;18
Aérea;Paraná;Estados Unidos;Janeiro;2026;49
Aérea;Santa Catarina;Estados Unidos;Janeiro;2026;412
Aérea;Rio Grande do Sul;Estados Unidos;Janeiro;2026;674
Aérea;Distrito Federal;Estados Unidos;Janeiro;2026;1824
Terrestre;Rondônia;Estados Unidos;Janeiro;2026;2
Terrestre;Acre;Estados Unidos;Janeiro;2026;1
Terrestre;Acre;Estados Unidos;Janeiro;2026;1
Terrestre;Amazonas;Estados Unidos;Janeiro;2026;24
Terrestre;Roraima;Estados Unidos;Janeiro;2026;6
Terrestre;Amapá;Estados Unidos;Janeiro;2026;1
Terrestre;Paraná;Estados Unidos;Janeiro;2026;1
Terrestre;Paraná;Estados Unidos;Janeiro;2026;169
Terrestre;Paraná;Estados Unidos;Janeiro;2026;3178
Terrestre;Paraná;Estados Unidos;Janeiro;2026;9
Terrestre;Santa Catarina;Estados Unidos;Janeiro;2026;3
Terrestre;Santa Catarina;Estados Unidos;Janeiro;2026;1
Terrestre;Rio Grande do Sul;Estados Unidos;Janeiro;2026;1
Terrestre;Rio Grande do Sul;Estados Unidos;Janeiro;2026;36
Terrestre;Rio Grande do Sul;Estados Unidos;Janeiro;2026;16
Terrestre;Rio Grande do Sul;Estados Unidos;Janeiro;2026;7
Terrestre;Rio Grande do Sul;Estados Unidos;Janeiro;2026;23
Terrestre;Rio Grande do Sul;Estados Unidos;Janeiro;2026;9
Terrestre;Rio Grande do Sul;Estados Unidos;Janeiro;2026;24
Terrestre;Mato Grosso do Sul;Estados Unidos;Janeiro;2026;9
Terrestre;Mato Grosso do Sul;Estados Unidos;Janeiro;2026;2
Marítima;Ceará;Estados Unidos;Janeiro;2026;2
Marítima;Rio Grande do Norte;Estados Unidos;Janeiro;2026;1
Marítima;Pernambuco;Estados Unidos;Janeiro;2026;2
Marítima;Pernambuco;Estados Unidos;Janeiro;2026;9
Marítima;Rio de Janeiro;Estados Unidos;Janeiro;2026;51
Marítima;São Paulo;Estados Unidos;Janeiro;2026;20
Marítima;Santa Catarina;Estados Unidos;Janeiro;2026;37
Marítima;Santa Catarina;Estados Unidos;Janeiro;2026;748
Fluvial;Pará;Estados Unidos;Janeiro;2026;1666
Fluvial;Amapá;Estados Unidos;Janeiro;2026;198
Fluvial;Amapá;Estados Unidos;Janeiro;2026;1
Fluvial;Rio Grande do Sul;Estados Unidos;Janeiro;2026;2
Fluvial;Rio Grande do Sul;Estados Unidos;Janeiro;2026;1
Aérea;Amazonas;Estônia;Janeiro;2026;1
Aérea;Pará;Estônia;Janeiro;2026;2
Aérea;Ceará;Estônia;Janeiro;2026;4
Aérea;Pernambuco;Estônia;Janeiro;2026;1
Aérea;Bahia;Estônia;Janeiro;2026;5
Aérea;Minas Gerais;Estônia;Janeiro;2026;1
Aérea;Rio de Janeiro;Estônia;Janeiro;2026;23
Aérea;São Paulo;Estônia;Janeiro;2026;117
Aérea;Santa Catarina;Estônia;Janeiro;2026;4
Aérea;Rio Grande do Sul;Estônia;Janeiro;2026;1
Terrestre;Paraná;Estônia;Janeiro;2026;1
Terrestre;Paraná;Estônia;Janeiro;2026;9
Terrestre;Rio Grande do Sul;Estônia;Janeiro;2026;1
Aérea;São Paulo;Etiópia;Janeiro;2026;36
Fluvial;Pará;Etiópia;Janeiro;2026;3
Aérea;Rio de Janeiro;Fiji;Janeiro;2026;1
Aérea;Pará;Filipinas;Janeiro;2026;1
Aérea;Ceará;Filipinas;Janeiro;2026;1
Aérea;Bahia;Filipinas;Janeiro;2026;3
Aérea;Rio de Janeiro;Filipinas;Janeiro;2026;90
Aérea;São Paulo;Filipinas;Janeiro;2026;1
Aérea;São Paulo;Filipinas;Janeiro;2026;320
Aérea;Santa Catarina;Filipinas;Janeiro;2026;1
Aérea;Rio Grande do Sul;Filipinas;Janeiro;2026;2
Aérea;Distrito Federal;Filipinas;Janeiro;2026;1
Terrestre;Paraná;Filipinas;Janeiro;2026;1
Terrestre;Paraná;Filipinas;Janeiro;2026;10
Terrestre;Paraná;Filipinas;Janeiro;2026;1
Terrestre;Rio Grande do Sul;Filipinas;Janeiro;2026;1
Terrestre;Rio Grande do Sul;Filipinas;Janeiro;2026;1
Terrestre;Mato Grosso do Sul;Filipinas;Janeiro;2026;1
Marítima;Ceará;Filipinas;Janeiro;2026;1
Marítima;Pernambuco;Filipinas;Janeiro;2026;2
Marítima;Rio de Janeiro;Filipinas;Janeiro;2026;56
Marítima;Rio de Janeiro;Filipinas;Janeiro;2026;1
Marítima;Santa Catarina;Filipinas;Janeiro;2026;16
Marítima;Santa Catarina;Filipinas;Janeiro;2026;36
Fluvial;Pará;Filipinas;Janeiro;2026;7
Aérea;Amazonas;Finlândia;Janeiro;2026;3
Aérea;Pará;Finlândia;Janeiro;2026;1
Aérea;Ceará;Finlândia;Janeiro;2026;24
Aérea;Rio Grande do Norte;Finlândia;Janeiro;2026;4
Aérea;Pernambuco;Finlândia;Janeiro;2026;4
Aérea;Bahia;Finlândia;Janeiro;2026;18
Aérea;Rio de Janeiro;Finlândia;Janeiro;2026;221
Aérea;São Paulo;Finlândia;Janeiro;2026;4
Aérea;São Paulo;Finlândia;Janeiro;2026;320
Aérea;Paraná;Finlândia;Janeiro;2026;4
Aérea;Santa Catarina;Finlândia;Janeiro;2026;17
Aérea;Rio Grande do Sul;Finlândia;Janeiro;2026;1
Aérea;Distrito Federal;Finlândia;Janeiro;2026;4
Terrestre;Amazonas;Finlândia;Janeiro;2026;2
Terrestre;Paraná;Finlândia;Janeiro;2026;7
Terrestre;Paraná;Finlândia;Janeiro;2026;32
Terrestre;Rio Grande do Sul;Finlândia;Janeiro;2026;7
Terrestre;Rio Grande do Sul;Finlândia;Janeiro;2026;1
Marítima;Rio de Janeiro;Finlândia;Janeiro;2026;3
Marítima;Santa Catarina;Finlândia;Janeiro;2026;1
Aérea;Amazonas;França;Janeiro;2026;65
Aérea;Pará;França;Janeiro;2026;641
Aérea;Ceará;França;Janeiro;2026;1105
Aérea;Rio Grande do Norte;França;Janeiro;2026;134
Aérea;Pernambuco;França;Janeiro;2026;1
Aérea;Pernambuco;França;Janeiro;2026;325
Aérea;Alagoas;França;Janeiro;2026;19
Aérea;Bahia;França;Janeiro;2026;2
Aérea;Bahia;França;Janeiro;2026;1754
Aérea;Minas Gerais;França;Janeiro;2026;73
Aérea;Rio de Janeiro;França;Janeiro;2026;6550
Aérea;São Paulo;França;Janeiro;2026;486
Aérea;São Paulo;França;Janeiro;2026;5935
Aérea;São Paulo;França;Janeiro;2026;2
Aérea;Paraná;França;Janeiro;2026;16
Aérea;Paraná;França;Janeiro;2026;13
Aérea;Santa Catarina;França;Janeiro;2026;144
Aérea;Santa Catarina;França;Janeiro;2026;4
Aérea;Rio Grande do Sul;França;Janeiro;2026;35
Aérea;Distrito Federal;França;Janeiro;2026;147
Terrestre;Rondônia;França;Janeiro;2026;8
Terrestre;Acre;França;Janeiro;2026;2
Terrestre;Acre;França;Janeiro;2026;1
Terrestre;Amazonas;França;Janeiro;2026;63
Terrestre;Roraima;França;Janeiro;2026;9
Terrestre;Roraima;França;Janeiro;2026;11
Terrestre;Amapá;França;Janeiro;2026;1129
Terrestre;Paraná;França;Janeiro;2026;90
Terrestre;Paraná;França;Janeiro;2026;1018
Terrestre;Paraná;França;Janeiro;2026;2
Terrestre;Santa Catarina;França;Janeiro;2026;2
Terrestre;Rio Grande do Sul;França;Janeiro;2026;53
Terrestre;Rio Grande do Sul;França;Janeiro;2026;4
Terrestre;Rio Grande do Sul;França;Janeiro;2026;6
Terrestre;Rio Grande do Sul;França;Janeiro;2026;4
Terrestre;Rio Grande do Sul;França;Janeiro;2026;21
Terrestre;Mato Grosso do Sul;França;Janeiro;2026;29
Terrestre;Mato Grosso do Sul;França;Janeiro;2026;6
Terrestre;Mato Grosso;França;Janeiro;2026;2
Marítima;Maranhão;França;Janeiro;2026;1
Marítima;Ceará;França;Janeiro;2026;2
Marítima;Paraíba;França;Janeiro;2026;3
Marítima;Pernambuco;França;Janeiro;2026;27
Marítima;Pernambuco;França;Janeiro;2026;3
Marítima;Bahia;França;Janeiro;2026;1
Marítima;Rio de Janeiro;França;Janeiro;2026;21
Marítima;São Paulo;França;Janeiro;2026;2
Marítima;Santa Catarina;França;Janeiro;2026;17
Marítima;Santa Catarina;França;Janeiro;2026;13
Fluvial;Pará;França;Janeiro;2026;123
Fluvial;Amapá;França;Janeiro;2026;2
Fluvial;Amapá;França;Janeiro;2026;206
Fluvial;Rio Grande do Sul;França;Janeiro;2026;5
Aérea;Rio de Janeiro;Gabão;Janeiro;2026;1
Aérea;São Paulo;Gabão;Janeiro;2026;1
Terrestre;Rondônia;Gabão;Janeiro;2026;1
Aérea;Rio de Janeiro;Gana;Janeiro;2026;1
Aérea;São Paulo;Gana;Janeiro;2026;141
Terrestre;Roraima;Gana;Janeiro;2026;3
Aérea;Pernambuco;Geórgia;Janeiro;2026;2
Aérea;Bahia;Geórgia;Janeiro;2026;2
Aérea;Rio de Janeiro;Geórgia;Janeiro;2026;42
Aérea;São Paulo;Geórgia;Janeiro;2026;1
Aérea;São Paulo;Geórgia;Janeiro;2026;14
Marítima;Santa Catarina;Geórgia;Janeiro;2026;6
Aérea;Rio de Janeiro;Granada;Janeiro;2026;2
Aérea;São Paulo;Granada;Janeiro;2026;3
Aérea;Distrito Federal;Granada;Janeiro;2026;1
Terrestre;Rio Grande do Sul;Granada;Janeiro;2026;1
Aérea;Amazonas;Grécia;Janeiro;2026;4
Aérea;Pará;Grécia;Janeiro;2026;3
Aérea;Ceará;Grécia;Janeiro;2026;9
Aérea;Rio Grande do Norte;Grécia;Janeiro;2026;3
Aérea;Pernambuco;Grécia;Janeiro;2026;11
Aérea;Bahia;Grécia;Janeiro;2026;20
Aérea;Minas Gerais;Grécia;Janeiro;2026;1
Aérea;Rio de Janeiro;Grécia;Janeiro;2026;251
Aérea;São Paulo;Grécia;Janeiro;2026;6
Aérea;São Paulo;Grécia;Janeiro;2026;383
Aérea;Paraná;Grécia;Janeiro;2026;3
Aérea;Santa Catarina;Grécia;Janeiro;2026;7
Aérea;Distrito Federal;Grécia;Janeiro;2026;2
Terrestre;Paraná;Grécia;Janeiro;2026;4
Terrestre;Paraná;Grécia;Janeiro;2026;120
Terrestre;Rio Grande do Sul;Grécia;Janeiro;2026;3
Terrestre;Rio Grande do Sul;Grécia;Janeiro;2026;3
Marítima;Espírito Santo;Grécia;Janeiro;2026;1
Marítima;Rio de Janeiro;Grécia;Janeiro;2026;16
Marítima;Rio de Janeiro;Grécia;Janeiro;2026;1
Marítima;Santa Catarina;Grécia;Janeiro;2026;1
Aérea;Amazonas;Guatemala;Janeiro;2026;3
Aérea;Bahia;Guatemala;Janeiro;2026;4
Aérea;Minas Gerais;Guatemala;Janeiro;2026;2
Aérea;Rio de Janeiro;Guatemala;Janeiro;2026;307
Aérea;São Paulo;Guatemala;Janeiro;2026;230
Aérea;Santa Catarina;Guatemala;Janeiro;2026;10
Aérea;Rio Grande do Sul;Guatemala;Janeiro;2026;14
Aérea;Distrito Federal;Guatemala;Janeiro;2026;13
Terrestre;Paraná;Guatemala;Janeiro;2026;6
Terrestre;Paraná;Guatemala;Janeiro;2026;54
Terrestre;Santa Catarina;Guatemala;Janeiro;2026;2
Marítima;Santa Catarina;Guatemala;Janeiro;2026;2
Marítima;Santa Catarina;Guatemala;Janeiro;2026;1
Aérea;Amazonas;Guiana;Janeiro;2026;1
Aérea;Pará;Guiana;Janeiro;2026;6
Aérea;Rio de Janeiro;Guiana;Janeiro;2026;11
Aérea;São Paulo;Guiana;Janeiro;2026;20
Aérea;Distrito Federal;Guiana;Janeiro;2026;4
Terrestre;Roraima;Guiana;Janeiro;2026;376
Terrestre;Roraima;Guiana;Janeiro;2026;13
Terrestre;Amapá;Guiana;Janeiro;2026;9
Fluvial;Amapá;Guiana;Janeiro;2026;1
Aérea;São Paulo;Guiné;Janeiro;2026;20
Aérea;Rio de Janeiro;Guiné Equatorial;Janeiro;2026;1
Aérea;São Paulo;Guiné Equatorial;Janeiro;2026;4
Aérea;Ceará;Guiné-Bissau;Janeiro;2026;7
Aérea;São Paulo;Guiné-Bissau;Janeiro;2026;1
Aérea;São Paulo;Guiné-Bissau;Janeiro;2026;10
Aérea;Pernambuco;Gâmbia;Janeiro;2026;1
Aérea;São Paulo;Gâmbia;Janeiro;2026;5
Aérea;Pará;Haiti;Janeiro;2026;1
Aérea;Ceará;Haiti;Janeiro;2026;1
Aérea;Minas Gerais;Haiti;Janeiro;2026;1
Aérea;Rio de Janeiro;Haiti;Janeiro;2026;11
Aérea;São Paulo;Haiti;Janeiro;2026;3
Aérea;São Paulo;Haiti;Janeiro;2026;67
Aérea;Paraná;Haiti;Janeiro;2026;2
Aérea;Paraná;Haiti;Janeiro;2026;3
Aérea;Santa Catarina;Haiti;Janeiro;2026;6
Aérea;Rio Grande do Sul;Haiti;Janeiro;2026;3
Terrestre;Roraima;Haiti;Janeiro;2026;2
Terrestre;Amapá;Haiti;Janeiro;2026;7
Terrestre;Rio Grande do Sul;Haiti;Janeiro;2026;3
Terrestre;Mato Grosso do Sul;Haiti;Janeiro;2026;1
Fluvial;Amapá;Haiti;Janeiro;2026;1
Aérea;Amazonas;Holanda;Janeiro;2026;31
Aérea;Pará;Holanda;Janeiro;2026;151
Aérea;Ceará;Holanda;Janeiro;2026;303
Aérea;Rio Grande do Norte;Holanda;Janeiro;2026;79
Aérea;Pernambuco;Holanda;Janeiro;2026;65
Aérea;Alagoas;Holanda;Janeiro;2026;8
Aérea;Bahia;Holanda;Janeiro;2026;2
Aérea;Bahia;Holanda;Janeiro;2026;591
Aérea;Minas Gerais;Holanda;Janeiro;2026;14
Aérea;Rio de Janeiro;Holanda;Janeiro;2026;1630
Aérea;São Paulo;Holanda;Janeiro;2026;39
Aérea;São Paulo;Holanda;Janeiro;2026;2060
Aérea;Paraná;Holanda;Janeiro;2026;7
Aérea;Paraná;Holanda;Janeiro;2026;2
Aérea;Santa Catarina;Holanda;Janeiro;2026;58
Aérea;Rio Grande do Sul;Holanda;Janeiro;2026;40
Aérea;Distrito Federal;Holanda;Janeiro;2026;20
Terrestre;Acre;Holanda;Janeiro;2026;2
Terrestre;Amazonas;Holanda;Janeiro;2026;1
Terrestre;Roraima;Holanda;Janeiro;2026;3
Terrestre;Roraima;Holanda;Janeiro;2026;3
Terrestre;Amapá;Holanda;Janeiro;2026;22
Terrestre;Paraná;Holanda;Janeiro;2026;31
Terrestre;Paraná;Holanda;Janeiro;2026;479
Terrestre;Paraná;Holanda;Janeiro;2026;1
Terrestre;Rio Grande do Sul;Holanda;Janeiro;2026;6
Terrestre;Rio Grande do Sul;Holanda;Janeiro;2026;1
Terrestre;Rio Grande do Sul;Holanda;Janeiro;2026;1
Terrestre;Rio Grande do Sul;Holanda;Janeiro;2026;3
Terrestre;Rio Grande do Sul;Holanda;Janeiro;2026;1
Terrestre;Mato Grosso do Sul;Holanda;Janeiro;2026;4
Marítima;Ceará;Holanda;Janeiro;2026;18
Marítima;Paraíba;Holanda;Janeiro;2026;2
Marítima;Pernambuco;Holanda;Janeiro;2026;4
Marítima;Rio de Janeiro;Holanda;Janeiro;2026;4
Marítima;Santa Catarina;Holanda;Janeiro;2026;9
Fluvial;Pará;Holanda;Janeiro;2026;33
Fluvial;Amapá;Holanda;Janeiro;2026;8
Fluvial;Amapá;Holanda;Janeiro;2026;2
Fluvial;Rio Grande do Sul;Holanda;Janeiro;2026;2
Aérea;Amazonas;Honduras;Janeiro;2026;5
Aérea;Ceará;Honduras;Janeiro;2026;1
Aérea;Alagoas;Honduras;Janeiro;2026;1
Aérea;Bahia;Honduras;Janeiro;2026;3
Aérea;Minas Gerais;Honduras;Janeiro;2026;9
Aérea;Rio de Janeiro;Honduras;Janeiro;2026;118
Aérea;São Paulo;Honduras;Janeiro;2026;1
Aérea;São Paulo;Honduras;Janeiro;2026;135
Aérea;Paraná;Honduras;Janeiro;2026;1
Aérea;Santa Catarina;Honduras;Janeiro;2026;2
Aérea;Rio Grande do Sul;Honduras;Janeiro;2026;2
Aérea;Distrito Federal;Honduras;Janeiro;2026;5
Terrestre;Paraná;Honduras;Janeiro;2026;5
Terrestre;Paraná;Honduras;Janeiro;2026;8
Terrestre;Santa Catarina;Honduras;Janeiro;2026;1
Terrestre;Rio Grande do Sul;Honduras;Janeiro;2026;2
Terrestre;Rio Grande do Sul;Honduras;Janeiro;2026;1
Terrestre;Rio Grande do Sul;Honduras;Janeiro;2026;3
Terrestre;Mato Grosso do Sul;Honduras;Janeiro;2026;1
Marítima;Maranhão;Honduras;Janeiro;2026;1
Marítima;Rio de Janeiro;Honduras;Janeiro;2026;2
Marítima;Santa Catarina;Honduras;Janeiro;2026;1
Marítima;Santa Catarina;Honduras;Janeiro;2026;6
Aérea;Amazonas;Hungria;Janeiro;2026;2
Aérea;Pará;Hungria;Janeiro;2026;2
Aérea;Ceará;Hungria;Janeiro;2026;29
Aérea;Pernambuco;Hungria;Janeiro;2026;4
Aérea;Bahia;Hungria;Janeiro;2026;19
Aérea;Rio de Janeiro;Hungria;Janeiro;2026;636
Aérea;São Paulo;Hungria;Janeiro;2026;5
Aérea;São Paulo;Hungria;Janeiro;2026;322
Aérea;Paraná;Hungria;Janeiro;2026;1
Aérea;Paraná;Hungria;Janeiro;2026;1
Aérea;Santa Catarina;Hungria;Janeiro;2026;5
Aérea;Rio Grande do Sul;Hungria;Janeiro;2026;3
Aérea;Distrito Federal;Hungria;Janeiro;2026;2
Terrestre;Paraná;Hungria;Janeiro;2026;6
Terrestre;Paraná;Hungria;Janeiro;2026;89
Terrestre;Rio Grande do Sul;Hungria;Janeiro;2026;1
Terrestre;Rio Grande do Sul;Hungria;Janeiro;2026;2
Terrestre;Mato Grosso do Sul;Hungria;Janeiro;2026;1
Marítima;Ceará;Hungria;Janeiro;2026;2
Marítima;Pernambuco;Hungria;Janeiro;2026;5
Marítima;Rio de Janeiro;Hungria;Janeiro;2026;5
Marítima;Santa Catarina;Hungria;Janeiro;2026;2
Marítima;Santa Catarina;Hungria;Janeiro;2026;1
Aérea;Bahia;Indonésia;Janeiro;2026;1
Aérea;Rio de Janeiro;Indonésia;Janeiro;2026;27
Aérea;São Paulo;Indonésia;Janeiro;2026;302
Aérea;Paraná;Indonésia;Janeiro;2026;1
Aérea;Santa Catarina;Indonésia;Janeiro;2026;2
Aérea;Distrito Federal;Indonésia;Janeiro;2026;2
Terrestre;Amapá;Indonésia;Janeiro;2026;1
Terrestre;Paraná;Indonésia;Janeiro;2026;2
Terrestre;Paraná;Indonésia;Janeiro;2026;25
Marítima;Ceará;Indonésia;Janeiro;2026;2
Marítima;Santa Catarina;Indonésia;Janeiro;2026;11
Marítima;Santa Catarina;Indonésia;Janeiro;2026;8
Fluvial;Pará;Indonésia;Janeiro;2026;1
Fluvial;Amapá;Indonésia;Janeiro;2026;5
Aérea;Ceará;Iraque;Janeiro;2026;1
Aérea;São Paulo;Iraque;Janeiro;2026;40
Aérea;Amazonas;Irlanda;Janeiro;2026;5
Aérea;Pará;Irlanda;Janeiro;2026;3
Aérea;Ceará;Irlanda;Janeiro;2026;25
Aérea;Rio Grande do Norte;Irlanda;Janeiro;2026;20
Aérea;Pernambuco;Irlanda;Janeiro;2026;34
Aérea;Alagoas;Irlanda;Janeiro;2026;6
Aérea;Bahia;Irlanda;Janeiro;2026;40
Aérea;Minas Gerais;Irlanda;Janeiro;2026;17
Aérea;Rio de Janeiro;Irlanda;Janeiro;2026;1329
Aérea;São Paulo;Irlanda;Janeiro;2026;34
Aérea;São Paulo;Irlanda;Janeiro;2026;3286
Aérea;São Paulo;Irlanda;Janeiro;2026;1
Aérea;Paraná;Irlanda;Janeiro;2026;1
Aérea;Paraná;Irlanda;Janeiro;2026;2
Aérea;Santa Catarina;Irlanda;Janeiro;2026;32
Aérea;Rio Grande do Sul;Irlanda;Janeiro;2026;13
Aérea;Distrito Federal;Irlanda;Janeiro;2026;25
Terrestre;Amazonas;Irlanda;Janeiro;2026;2
Terrestre;Roraima;Irlanda;Janeiro;2026;4
Terrestre;Roraima;Irlanda;Janeiro;2026;2
Terrestre;Paraná;Irlanda;Janeiro;2026;18
Terrestre;Paraná;Irlanda;Janeiro;2026;152
Terrestre;Rio Grande do Sul;Irlanda;Janeiro;2026;4
Terrestre;Rio Grande do Sul;Irlanda;Janeiro;2026;3
Terrestre;Rio Grande do Sul;Irlanda;Janeiro;2026;1
Terrestre;Mato Grosso do Sul;Irlanda;Janeiro;2026;1
Marítima;Pernambuco;Irlanda;Janeiro;2026;13
Marítima;Rio de Janeiro;Irlanda;Janeiro;2026;2
Marítima;São Paulo;Irlanda;Janeiro;2026;1
Marítima;Santa Catarina;Irlanda;Janeiro;2026;4
Fluvial;Pará;Irlanda;Janeiro;2026;11
Fluvial;Amapá;Irlanda;Janeiro;2026;4
Fluvial;Amapá;Irlanda;Janeiro;2026;1
Aérea;Rio de Janeiro;Irã;Janeiro;2026;4
Aérea;São Paulo;Irã;Janeiro;2026;81
Aérea;Amazonas;Islândia;Janeiro;2026;1
Aérea;Ceará;Islândia;Janeiro;2026;1
Aérea;Rio Grande do Norte;Islândia;Janeiro;2026;2
Aérea;Bahia;Islândia;Janeiro;2026;1
Aérea;Rio de Janeiro;Islândia;Janeiro;2026;64
Aérea;São Paulo;Islândia;Janeiro;2026;9
Aérea;Santa Catarina;Islândia;Janeiro;2026;1
Aérea;Rio Grande do Sul;Islândia;Janeiro;2026;1
Terrestre;Paraná;Islândia;Janeiro;2026;37
Terrestre;Rio Grande do Sul;Islândia;Janeiro;2026;1
Terrestre;Mato Grosso do Sul;Islândia;Janeiro;2026;1
Marítima;Santa Catarina;Islândia;Janeiro;2026;1
Aérea;Amazonas;Israel;Janeiro;2026;8
Aérea;Ceará;Israel;Janeiro;2026;20
Aérea;Rio Grande do Norte;Israel;Janeiro;2026;3
Aérea;Pernambuco;Israel;Janeiro;2026;8
Aérea;Bahia;Israel;Janeiro;2026;181
Aérea;Minas Gerais;Israel;Janeiro;2026;2
Aérea;Rio de Janeiro;Israel;Janeiro;2026;2153
Aérea;São Paulo;Israel;Janeiro;2026;10
Aérea;São Paulo;Israel;Janeiro;2026;2088
Aérea;Paraná;Israel;Janeiro;2026;36
Aérea;Paraná;Israel;Janeiro;2026;11
Aérea;Santa Catarina;Israel;Janeiro;2026;54
Aérea;Rio Grande do Sul;Israel;Janeiro;2026;13
Aérea;Distrito Federal;Israel;Janeiro;2026;14
Terrestre;Acre;Israel;Janeiro;2026;1
Terrestre;Amazonas;Israel;Janeiro;2026;1
Terrestre;Paraná;Israel;Janeiro;2026;19
Terrestre;Paraná;Israel;Janeiro;2026;1007
Terrestre;Santa Catarina;Israel;Janeiro;2026;2
Terrestre;Rio Grande do Sul;Israel;Janeiro;2026;10
Terrestre;Rio Grande do Sul;Israel;Janeiro;2026;4
Terrestre;Rio Grande do Sul;Israel;Janeiro;2026;1
Terrestre;Rio Grande do Sul;Israel;Janeiro;2026;2
Terrestre;Rio Grande do Sul;Israel;Janeiro;2026;5
Terrestre;Mato Grosso do Sul;Israel;Janeiro;2026;4
Terrestre;Mato Grosso do Sul;Israel;Janeiro;2026;2
Marítima;Rio de Janeiro;Israel;Janeiro;2026;9
Marítima;São Paulo;Israel;Janeiro;2026;1
Marítima;Santa Catarina;Israel;Janeiro;2026;2
Fluvial;Pará;Israel;Janeiro;2026;2
Aérea;Amazonas;Itália;Janeiro;2026;26
Aérea;Pará;Itália;Janeiro;2026;25
Aérea;Ceará;Itália;Janeiro;2026;1061
Aérea;Rio Grande do Norte;Itália;Janeiro;2026;438
Aérea;Paraíba;Itália;Janeiro;2026;1
Aérea;Pernambuco;Itália;Janeiro;2026;6
Aérea;Pernambuco;Itália;Janeiro;2026;760
Aérea;Alagoas;Itália;Janeiro;2026;98
Aérea;Bahia;Itália;Janeiro;2026;9
Aérea;Bahia;Itália;Janeiro;2026;1538
Aérea;Minas Gerais;Itália;Janeiro;2026;252
Aérea;Rio de Janeiro;Itália;Janeiro;2026;2
Aérea;Rio de Janeiro;Itália;Janeiro;2026;3682
Aérea;São Paulo;Itália;Janeiro;2026;74
Aérea;São Paulo;Itália;Janeiro;2026;8606
Aérea;São Paulo;Itália;Janeiro;2026;7
Aérea;Paraná;Itália;Janeiro;2026;4
Aérea;Paraná;Itália;Janeiro;2026;9
Aérea;Santa Catarina;Itália;Janeiro;2026;286
Aérea;Rio Grande do Sul;Itália;Janeiro;2026;55
Aérea;Distrito Federal;Itália;Janeiro;2026;73
Terrestre;Acre;Itália;Janeiro;2026;1
Terrestre;Amazonas;Itália;Janeiro;2026;22
Terrestre;Roraima;Itália;Janeiro;2026;2
Terrestre;Roraima;Itália;Janeiro;2026;3
Terrestre;Amapá;Itália;Janeiro;2026;2
Terrestre;Paraná;Itália;Janeiro;2026;104
Terrestre;Paraná;Itália;Janeiro;2026;1049
Terrestre;Paraná;Itália;Janeiro;2026;2
Terrestre;Santa Catarina;Itália;Janeiro;2026;2
Terrestre;Santa Catarina;Itália;Janeiro;2026;2
Terrestre;Rio Grande do Sul;Itália;Janeiro;2026;3
Terrestre;Rio Grande do Sul;Itália;Janeiro;2026;48
Terrestre;Rio Grande do Sul;Itália;Janeiro;2026;25
Terrestre;Rio Grande do Sul;Itália;Janeiro;2026;20
Terrestre;Rio Grande do Sul;Itália;Janeiro;2026;12
Terrestre;Rio Grande do Sul;Itália;Janeiro;2026;32
Terrestre;Mato Grosso do Sul;Itália;Janeiro;2026;6
Terrestre;Mato Grosso do Sul;Itália;Janeiro;2026;3
Marítima;Maranhão;Itália;Janeiro;2026;1
Marítima;Pernambuco;Itália;Janeiro;2026;10
Marítima;Rio de Janeiro;Itália;Janeiro;2026;50
Marítima;São Paulo;Itália;Janeiro;2026;11
Marítima;São Paulo;Itália;Janeiro;2026;2
Marítima;Santa Catarina;Itália;Janeiro;2026;84
Marítima;Santa Catarina;Itália;Janeiro;2026;73
Fluvial;Pará;Itália;Janeiro;2026;9
Fluvial;Rio Grande do Sul;Itália;Janeiro;2026;3
Fluvial;Rio Grande do Sul;Itália;Janeiro;2026;2
Aérea;São Paulo;Iêmen;Janeiro;2026;17
Aérea;Bahia;Jamaica;Janeiro;2026;1
Aérea;Rio de Janeiro;Jamaica;Janeiro;2026;48
Aérea;São Paulo;Jamaica;Janeiro;2026;38
Aérea;Distrito Federal;Jamaica;Janeiro;2026;1
Terrestre;Roraima;Jamaica;Janeiro;2026;5
Marítima;Santa Catarina;Jamaica;Janeiro;2026;1
Fluvial;Pará;Jamaica;Janeiro;2026;4
Aérea;Amazonas;Japão;Janeiro;2026;11
Aérea;Pará;Japão;Janeiro;2026;4
Aérea;Ceará;Japão;Janeiro;2026;7
Aérea;Rio Grande do Norte;Japão;Janeiro;2026;1
Aérea;Pernambuco;Japão;Janeiro;2026;2
Aérea;Bahia;Japão;Janeiro;2026;8
Aérea;Rio de Janeiro;Japão;Janeiro;2026;241
Aérea;São Paulo;Japão;Janeiro;2026;7
Aérea;São Paulo;Japão;Janeiro;2026;5413
Aérea;Paraná;Japão;Janeiro;2026;4
Aérea;Paraná;Japão;Janeiro;2026;3
Aérea;Santa Catarina;Japão;Janeiro;2026;8
Aérea;Rio Grande do Sul;Japão;Janeiro;2026;4
Aérea;Distrito Federal;Japão;Janeiro;2026;6
Terrestre;Amazonas;Japão;Janeiro;2026;2
Terrestre;Roraima;Japão;Janeiro;2026;3
Terrestre;Roraima;Japão;Janeiro;2026;5
Terrestre;Paraná;Japão;Janeiro;2026;57
Terrestre;Paraná;Japão;Janeiro;2026;130
Terrestre;Rio Grande do Sul;Japão;Janeiro;2026;7
Terrestre;Rio Grande do Sul;Japão;Janeiro;2026;3
Terrestre;Mato Grosso do Sul;Japão;Janeiro;2026;4
Terrestre;Mato Grosso do Sul;Japão;Janeiro;2026;4
Marítima;Pernambuco;Japão;Janeiro;2026;1
Marítima;Rio de Janeiro;Japão;Janeiro;2026;1
Marítima;São Paulo;Japão;Janeiro;2026;1
Marítima;Santa Catarina;Japão;Janeiro;2026;5
Fluvial;Pará;Japão;Janeiro;2026;2
Fluvial;Amapá;Japão;Janeiro;2026;1
Aérea;Rio de Janeiro;Jordânia;Janeiro;2026;2
Aérea;São Paulo;Jordânia;Janeiro;2026;2
Aérea;São Paulo;Jordânia;Janeiro;2026;18
Aérea;Rio de Janeiro;Kuwait;Janeiro;2026;6
Aérea;São Paulo;Kuwait;Janeiro;2026;7
Terrestre;Acre;Kuwait;Janeiro;2026;2
Aérea;São Paulo;Laos;Janeiro;2026;1
Aérea;São Paulo;Lesoto;Janeiro;2026;1
Aérea;Ceará;Letônia;Janeiro;2026;8
Aérea;Pernambuco;Letônia;Janeiro;2026;4
Aérea;Alagoas;Letônia;Janeiro;2026;1
Aérea;Bahia;Letônia;Janeiro;2026;3
Aérea;Rio de Janeiro;Letônia;Janeiro;2026;32
Aérea;São Paulo;Letônia;Janeiro;2026;4
Aérea;São Paulo;Letônia;Janeiro;2026;64
Aérea;Paraná;Letônia;Janeiro;2026;1
Aérea;Distrito Federal;Letônia;Janeiro;2026;1
Terrestre;Roraima;Letônia;Janeiro;2026;2
Terrestre;Paraná;Letônia;Janeiro;2026;16
Terrestre;Rio Grande do Sul;Letônia;Janeiro;2026;1
Marítima;São Paulo;Letônia;Janeiro;2026;11
Aérea;Ceará;Liechtenstein;Janeiro;2026;3
Aérea;Pernambuco;Liechtenstein;Janeiro;2026;1
Aérea;Rio de Janeiro;Liechtenstein;Janeiro;2026;2
Aérea;São Paulo;Liechtenstein;Janeiro;2026;4
Aérea;Santa Catarina;Liechtenstein;Janeiro;2026;1
Terrestre;Paraná;Liechtenstein;Janeiro;2026;4
Marítima;Rio de Janeiro;Liechtenstein;Janeiro;2026;1
Aérea;Amazonas;Lituânia;Janeiro;2026;1
Aérea;Ceará;Lituânia;Janeiro;2026;17
Aérea;Pernambuco;Lituânia;Janeiro;2026;3
Aérea;Bahia;Lituânia;Janeiro;2026;8
Aérea;Rio de Janeiro;Lituânia;Janeiro;2026;56
Aérea;São Paulo;Lituânia;Janeiro;2026;8
Aérea;São Paulo;Lituânia;Janeiro;2026;131
Aérea;Santa Catarina;Lituânia;Janeiro;2026;12
Aérea;Rio Grande do Sul;Lituânia;Janeiro;2026;1
Terrestre;Paraná;Lituânia;Janeiro;2026;1
Terrestre;Paraná;Lituânia;Janeiro;2026;22
Fluvial;Pará;Lituânia;Janeiro;2026;1
Fluvial;Amapá;Lituânia;Janeiro;2026;4
Aérea;Pará;Luxemburgo;Janeiro;2026;1
Aérea;Ceará;Luxemburgo;Janeiro;2026;6
Aérea;Pernambuco;Luxemburgo;Janeiro;2026;6
Aérea;Bahia;Luxemburgo;Janeiro;2026;8
Aérea;Minas Gerais;Luxemburgo;Janeiro;2026;4
Aérea;Rio de Janeiro;Luxemburgo;Janeiro;2026;74
Aérea;São Paulo;Luxemburgo;Janeiro;2026;1
Aérea;São Paulo;Luxemburgo;Janeiro;2026;110
Aérea;Santa Catarina;Luxemburgo;Janeiro;2026;3
Aérea;Distrito Federal;Luxemburgo;Janeiro;2026;1
Terrestre;Roraima;Luxemburgo;Janeiro;2026;1
Terrestre;Paraná;Luxemburgo;Janeiro;2026;4
Marítima;Ceará;Luxemburgo;Janeiro;2026;2
Marítima;Pernambuco;Luxemburgo;Janeiro;2026;1
Fluvial;Pará;Luxemburgo;Janeiro;2026;5
Aérea;Ceará;Líbano;Janeiro;2026;1
Aérea;Rio de Janeiro;Líbano;Janeiro;2026;16
Aérea;São Paulo;Líbano;Janeiro;2026;1
Aérea;São Paulo;Líbano;Janeiro;2026;216
Aérea;Paraná;Líbano;Janeiro;2026;2
Terrestre;Paraná;Líbano;Janeiro;2026;4
Terrestre;Paraná;Líbano;Janeiro;2026;1
Terrestre;Rio Grande do Sul;Líbano;Janeiro;2026;2
Marítima;Santa Catarina;Líbano;Janeiro;2026;2
Aérea;Rio de Janeiro;Líbia;Janeiro;2026;1
Aérea;São Paulo;Líbia;Janeiro;2026;2
Aérea;Ceará;Macedônia;Janeiro;2026;1
Aérea;Rio de Janeiro;Macedônia;Janeiro;2026;28
Aérea;São Paulo;Macedônia;Janeiro;2026;1
Aérea;São Paulo;Macedônia;Janeiro;2026;12
Terrestre;Paraná;Macedônia;Janeiro;2026;3
Aérea;Ceará;Madagascar;Janeiro;2026;4
Aérea;Rio de Janeiro;Madagascar;Janeiro;2026;1
Aérea;São Paulo;Malauí;Janeiro;2026;5
Aérea;São Paulo;Mali;Janeiro;2026;14
Aérea;Amazonas;Malta;Janeiro;2026;1
Aérea;Ceará;Malta;Janeiro;2026;1
Aérea;Bahia;Malta;Janeiro;2026;2
Aérea;Rio de Janeiro;Malta;Janeiro;2026;17
Aérea;São Paulo;Malta;Janeiro;2026;3
Aérea;São Paulo;Malta;Janeiro;2026;63
Aérea;Paraná;Malta;Janeiro;2026;1
Aérea;Santa Catarina;Malta;Janeiro;2026;1
Terrestre;Paraná;Malta;Janeiro;2026;6
Fluvial;Amapá;Malta;Janeiro;2026;1
Aérea;Ceará;Malásia;Janeiro;2026;2
Aérea;Rio de Janeiro;Malásia;Janeiro;2026;105
Aérea;São Paulo;Malásia;Janeiro;2026;1
Aérea;São Paulo;Malásia;Janeiro;2026;114
Aérea;Paraná;Malásia;Janeiro;2026;2
Aérea;Santa Catarina;Malásia;Janeiro;2026;1
Aérea;Distrito Federal;Malásia;Janeiro;2026;1
Terrestre;Amazonas;Malásia;Janeiro;2026;1
Terrestre;Paraná;Malásia;Janeiro;2026;1
Terrestre;Paraná;Malásia;Janeiro;2026;104
Marítima;Rio de Janeiro;Malásia;Janeiro;2026;2
Aérea;Pará;Marrocos;Janeiro;2026;8
Aérea;Ceará;Marrocos;Janeiro;2026;3
Aérea;Pernambuco;Marrocos;Janeiro;2026;1
Aérea;Bahia;Marrocos;Janeiro;2026;5
Aérea;Rio de Janeiro;Marrocos;Janeiro;2026;77
Aérea;São Paulo;Marrocos;Janeiro;2026;2
Aérea;São Paulo;Marrocos;Janeiro;2026;455
Aérea;Santa Catarina;Marrocos;Janeiro;2026;3
Aérea;Distrito Federal;Marrocos;Janeiro;2026;1
Terrestre;Amazonas;Marrocos;Janeiro;2026;2
Terrestre;Roraima;Marrocos;Janeiro;2026;1
Terrestre;Amapá;Marrocos;Janeiro;2026;1
Terrestre;Paraná;Marrocos;Janeiro;2026;2
Terrestre;Rio Grande do Sul;Marrocos;Janeiro;2026;2
Terrestre;Rio Grande do Sul;Marrocos;Janeiro;2026;1
Fluvial;Amapá;Marrocos;Janeiro;2026;2
Aérea;São Paulo;Mauritânia;Janeiro;2026;10
Aérea;Rio de Janeiro;Maurício;Janeiro;2026;4
Aérea;São Paulo;Maurício;Janeiro;2026;3
Fluvial;Pará;Maurício;Janeiro;2026;1
Aérea;Rio de Janeiro;Mianma;Janeiro;2026;1
Marítima;Ceará;Mianma;Janeiro;2026;1
Marítima;Santa Catarina;Mianma;Janeiro;2026;1
Marítima;Santa Catarina;Mianma;Janeiro;2026;2
Aérea;Ceará;Moldávia;Janeiro;2026;1
Aérea;Bahia;Moldávia;Janeiro;2026;1
Aérea;Rio de Janeiro;Moldávia;Janeiro;2026;1
Aérea;São Paulo;Moldávia;Janeiro;2026;15
Aérea;Santa Catarina;Moldávia;Janeiro;2026;1
Aérea;Rio de Janeiro;Mongólia;Janeiro;2026;5
Aérea;São Paulo;Mongólia;Janeiro;2026;18
Terrestre;Paraná;Mongólia;Janeiro;2026;16
Aérea;Rio de Janeiro;Montenegro;Janeiro;2026;19
Aérea;São Paulo;Montenegro;Janeiro;2026;12
Terrestre;Paraná;Montenegro;Janeiro;2026;6
Terrestre;Mato Grosso do Sul;Montenegro;Janeiro;2026;1
Aérea;Bahia;Moçambique;Janeiro;2026;1
Aérea;São Paulo;Moçambique;Janeiro;2026;527
Terrestre;Paraná;Moçambique;Janeiro;2026;1
Aérea;Amazonas;México;Janeiro;2026;34
Aérea;Pará;México;Janeiro;2026;5
Aérea;Ceará;México;Janeiro;2026;7
Aérea;Rio Grande do Norte;México;Janeiro;2026;1
Aérea;Pernambuco;México;Janeiro;2026;2
Aérea;Bahia;México;Janeiro;2026;1
Aérea;Bahia;México;Janeiro;2026;26
Aérea;Minas Gerais;México;Janeiro;2026;13
Aérea;Rio de Janeiro;México;Janeiro;2026;1549
Aérea;São Paulo;México;Janeiro;2026;4
Aérea;São Paulo;México;Janeiro;2026;5908
Aérea;Paraná;México;Janeiro;2026;22
Aérea;Paraná;México;Janeiro;2026;10
Aérea;Santa Catarina;México;Janeiro;2026;89
Aérea;Rio Grande do Sul;México;Janeiro;2026;43
Aérea;Distrito Federal;México;Janeiro;2026;66
Terrestre;Acre;México;Janeiro;2026;4
Terrestre;Acre;México;Janeiro;2026;1
Terrestre;Amazonas;México;Janeiro;2026;12
Terrestre;Roraima;México;Janeiro;2026;4
Terrestre;Paraná;México;Janeiro;2026;44
Terrestre;Paraná;México;Janeiro;2026;609
Terrestre;Paraná;México;Janeiro;2026;1
Terrestre;Paraná;México;Janeiro;2026;2
Terrestre;Santa Catarina;México;Janeiro;2026;1
Terrestre;Rio Grande do Sul;México;Janeiro;2026;1
Terrestre;Rio Grande do Sul;México;Janeiro;2026;10
Terrestre;Rio Grande do Sul;México;Janeiro;2026;6
Terrestre;Rio Grande do Sul;México;Janeiro;2026;10
Terrestre;Rio Grande do Sul;México;Janeiro;2026;7
Terrestre;Mato Grosso do Sul;México;Janeiro;2026;30
Terrestre;Mato Grosso do Sul;México;Janeiro;2026;22
Marítima;Rio de Janeiro;México;Janeiro;2026;17
Marítima;Santa Catarina;México;Janeiro;2026;21
Marítima;Santa Catarina;México;Janeiro;2026;24
Fluvial;Pará;México;Janeiro;2026;11
Fluvial;Amapá;México;Janeiro;2026;2
Aérea;Ceará;Mônaco;Janeiro;2026;1
Aérea;Rio de Janeiro;Mônaco;Janeiro;2026;2
Aérea;São Paulo;Mônaco;Janeiro;2026;4
Terrestre;Paraná;Mônaco;Janeiro;2026;5
Aérea;Rio de Janeiro;Namíbia;Janeiro;2026;11
Aérea;São Paulo;Namíbia;Janeiro;2026;37
Terrestre;Paraná;Namíbia;Janeiro;2026;4
Aérea;Rio de Janeiro;Nepal;Janeiro;2026;2
Aérea;São Paulo;Nepal;Janeiro;2026;12
Fluvial;Pará;Nepal;Janeiro;2026;1
Aérea;Minas Gerais;Nicarágua;Janeiro;2026;1
Aérea;Rio de Janeiro;Nicarágua;Janeiro;2026;31
Aérea;São Paulo;Nicarágua;Janeiro;2026;1
Aérea;São Paulo;Nicarágua;Janeiro;2026;75
Aérea;Santa Catarina;Nicarágua;Janeiro;2026;4
Aérea;Rio Grande do Sul;Nicarágua;Janeiro;2026;1
Aérea;Distrito Federal;Nicarágua;Janeiro;2026;5
Terrestre;Paraná;Nicarágua;Janeiro;2026;4
Terrestre;Paraná;Nicarágua;Janeiro;2026;4
Terrestre;Rio Grande do Sul;Nicarágua;Janeiro;2026;2
Terrestre;Rio Grande do Sul;Nicarágua;Janeiro;2026;1
Terrestre;Mato Grosso do Sul;Nicarágua;Janeiro;2026;1
Marítima;Santa Catarina;Nicarágua;Janeiro;2026;1
Aérea;Rio de Janeiro;Nigéria;Janeiro;2026;5
Aérea;São Paulo;Nigéria;Janeiro;2026;92
Marítima;Ceará;Nigéria;Janeiro;2026;1
Aérea;Amazonas;Noruega;Janeiro;2026;2
Aérea;Pará;Noruega;Janeiro;2026;12
Aérea;Ceará;Noruega;Janeiro;2026;144
Aérea;Rio Grande do Norte;Noruega;Janeiro;2026;118
Aérea;Pernambuco;Noruega;Janeiro;2026;28
Aérea;Alagoas;Noruega;Janeiro;2026;5
Aérea;Bahia;Noruega;Janeiro;2026;51
Aérea;Minas Gerais;Noruega;Janeiro;2026;3
Aérea;Rio de Janeiro;Noruega;Janeiro;2026;527
Aérea;São Paulo;Noruega;Janeiro;2026;9
Aérea;São Paulo;Noruega;Janeiro;2026;380
Aérea;Paraná;Noruega;Janeiro;2026;6
Aérea;Santa Catarina;Noruega;Janeiro;2026;14
Aérea;Rio Grande do Sul;Noruega;Janeiro;2026;1
Aérea;Distrito Federal;Noruega;Janeiro;2026;9
Terrestre;Amazonas;Noruega;Janeiro;2026;3
Terrestre;Roraima;Noruega;Janeiro;2026;1
Terrestre;Paraná;Noruega;Janeiro;2026;5
Terrestre;Paraná;Noruega;Janeiro;2026;58
Terrestre;Rio Grande do Sul;Noruega;Janeiro;2026;1
Terrestre;Rio Grande do Sul;Noruega;Janeiro;2026;2
Marítima;Pernambuco;Noruega;Janeiro;2026;12
Marítima;Pernambuco;Noruega;Janeiro;2026;2
Marítima;Rio de Janeiro;Noruega;Janeiro;2026;1
Marítima;Santa Catarina;Noruega;Janeiro;2026;2
Marítima;Santa Catarina;Noruega;Janeiro;2026;2
Fluvial;Pará;Noruega;Janeiro;2026;16
Fluvial;Amapá;Noruega;Janeiro;2026;3
Aérea;Ceará;Nova Zelândia;Janeiro;2026;2
Aérea;Pernambuco;Nova Zelândia;Janeiro;2026;1
Aérea;Alagoas;Nova Zelândia;Janeiro;2026;1
Aérea;Bahia;Nova Zelândia;Janeiro;2026;3
Aérea;Minas Gerais;Nova Zelândia;Janeiro;2026;6
Aérea;Rio de Janeiro;Nova Zelândia;Janeiro;2026;128
Aérea;São Paulo;Nova Zelândia;Janeiro;2026;1
Aérea;São Paulo;Nova Zelândia;Janeiro;2026;966
Aérea;Paraná;Nova Zelândia;Janeiro;2026;4
Aérea;Paraná;Nova Zelândia;Janeiro;2026;1
Aérea;Santa Catarina;Nova Zelândia;Janeiro;2026;25
Aérea;Rio Grande do Sul;Nova Zelândia;Janeiro;2026;14
Aérea;Distrito Federal;Nova Zelândia;Janeiro;2026;2
Terrestre;Rondônia;Nova Zelândia;Janeiro;2026;1
Terrestre;Amazonas;Nova Zelândia;Janeiro;2026;2
Terrestre;Roraima;Nova Zelândia;Janeiro;2026;1
Terrestre;Paraná;Nova Zelândia;Janeiro;2026;8
Terrestre;Paraná;Nova Zelândia;Janeiro;2026;136
Terrestre;Rio Grande do Sul;Nova Zelândia;Janeiro;2026;5
Terrestre;Rio Grande do Sul;Nova Zelândia;Janeiro;2026;1
Terrestre;Rio Grande do Sul;Nova Zelândia;Janeiro;2026;1
Marítima;Pernambuco;Nova Zelândia;Janeiro;2026;4
Marítima;Pernambuco;Nova Zelândia;Janeiro;2026;1
Marítima;Bahia;Nova Zelândia;Janeiro;2026;1
Marítima;Rio de Janeiro;Nova Zelândia;Janeiro;2026;1
Marítima;São Paulo;Nova Zelândia;Janeiro;2026;1
Marítima;Santa Catarina;Nova Zelândia;Janeiro;2026;4
Fluvial;Pará;Nova Zelândia;Janeiro;2026;7
Aérea;São Paulo;Níger;Janeiro;2026;1
Aérea;São Paulo;Omã;Janeiro;2026;3
Terrestre;Paraná;Omã;Janeiro;2026;2
Aérea;Rio de Janeiro;Palestina;Janeiro;2026;1
Aérea;São Paulo;Palestina;Janeiro;2026;39
Aérea;Amazonas;Panamá;Janeiro;2026;10
Aérea;Pará;Panamá;Janeiro;2026;2
Aérea;Rio Grande do Norte;Panamá;Janeiro;2026;1
Aérea;Alagoas;Panamá;Janeiro;2026;1
Aérea;Bahia;Panamá;Janeiro;2026;19
Aérea;Minas Gerais;Panamá;Janeiro;2026;10
Aérea;Rio de Janeiro;Panamá;Janeiro;2026;660
Aérea;São Paulo;Panamá;Janeiro;2026;374
Aérea;Santa Catarina;Panamá;Janeiro;2026;11
Aérea;Rio Grande do Sul;Panamá;Janeiro;2026;53
Aérea;Distrito Federal;Panamá;Janeiro;2026;52
Terrestre;Roraima;Panamá;Janeiro;2026;1
Terrestre;Paraná;Panamá;Janeiro;2026;8
Terrestre;Paraná;Panamá;Janeiro;2026;19
Terrestre;Rio Grande do Sul;Panamá;Janeiro;2026;1
Terrestre;Rio Grande do Sul;Panamá;Janeiro;2026;1
Terrestre;Mato Grosso do Sul;Panamá;Janeiro;2026;1
Marítima;São Paulo;Panamá;Janeiro;2026;2
Marítima;Santa Catarina;Panamá;Janeiro;2026;3
Aérea;Rio de Janeiro;Paquistão;Janeiro;2026;10
Aérea;São Paulo;Paquistão;Janeiro;2026;1
Aérea;São Paulo;Paquistão;Janeiro;2026;65
Aérea;Paraná;Paquistão;Janeiro;2026;2
Terrestre;Roraima;Paquistão;Janeiro;2026;2
Terrestre;Paraná;Paquistão;Janeiro;2026;1
Aérea;Pará;Paraguai;Janeiro;2026;3
Aérea;Ceará;Paraguai;Janeiro;2026;8
Aérea;Rio Grande do Norte;Paraguai;Janeiro;2026;11
Aérea;Pernambuco;Paraguai;Janeiro;2026;15
Aérea;Alagoas;Paraguai;Janeiro;2026;6
Aérea;Bahia;Paraguai;Janeiro;2026;20
Aérea;Rio de Janeiro;Paraguai;Janeiro;2026;4
Aérea;Rio de Janeiro;Paraguai;Janeiro;2026;3016
Aérea;São Paulo;Paraguai;Janeiro;2026;10
Aérea;São Paulo;Paraguai;Janeiro;2026;4934
Aérea;Paraná;Paraguai;Janeiro;2026;81
Aérea;Paraná;Paraguai;Janeiro;2026;360
Aérea;Santa Catarina;Paraguai;Janeiro;2026;856
Aérea;Santa Catarina;Paraguai;Janeiro;2026;28
Aérea;Rio Grande do Sul;Paraguai;Janeiro;2026;6
Aérea;Mato Grosso do Sul;Paraguai;Janeiro;2026;5
Aérea;Distrito Federal;Paraguai;Janeiro;2026;3
Terrestre;Paraná;Paraguai;Janeiro;2026;90507
Terrestre;Paraná;Paraguai;Janeiro;2026;349
Terrestre;Paraná;Paraguai;Janeiro;2026;656
Terrestre;Paraná;Paraguai;Janeiro;2026;3045
Terrestre;Paraná;Paraguai;Janeiro;2026;297
Terrestre;Paraná;Paraguai;Janeiro;2026;4
Terrestre;Santa Catarina;Paraguai;Janeiro;2026;1805
Terrestre;Santa Catarina;Paraguai;Janeiro;2026;296
Terrestre;Rio Grande do Sul;Paraguai;Janeiro;2026;35
Terrestre;Rio Grande do Sul;Paraguai;Janeiro;2026;50
Terrestre;Rio Grande do Sul;Paraguai;Janeiro;2026;23
Terrestre;Rio Grande do Sul;Paraguai;Janeiro;2026;12
Terrestre;Rio Grande do Sul;Paraguai;Janeiro;2026;141
Terrestre;Rio Grande do Sul;Paraguai;Janeiro;2026;11
Terrestre;Rio Grande do Sul;Paraguai;Janeiro;2026;887
Terrestre;Rio Grande do Sul;Paraguai;Janeiro;2026;367
Terrestre;Mato Grosso do Sul;Paraguai;Janeiro;2026;97
Terrestre;Mato Grosso do Sul;Paraguai;Janeiro;2026;4106
Marítima;Rio de Janeiro;Paraguai;Janeiro;2026;23
Marítima;Santa Catarina;Paraguai;Janeiro;2026;18
Marítima;Santa Catarina;Paraguai;Janeiro;2026;13
Fluvial;Rio Grande do Sul;Paraguai;Janeiro;2026;374
Fluvial;Rio Grande do Sul;Paraguai;Janeiro;2026;216
Aérea;São Paulo;Países não especificados;Janeiro;2026;1
Aérea;Santa Catarina;Países não especificados;Janeiro;2026;1
Terrestre;Paraná;Países não especificados;Janeiro;2026;6
Terrestre;Rio Grande do Sul;Países não especificados;Janeiro;2026;1
Aérea;Amazonas;Peru;Janeiro;2026;19
Aérea;Pará;Peru;Janeiro;2026;6
Aérea;Ceará;Peru;Janeiro;2026;3
Aérea;Rio Grande do Norte;Peru;Janeiro;2026;5
Aérea;Pernambuco;Peru;Janeiro;2026;6
Aérea;Bahia;Peru;Janeiro;2026;4
Aérea;Bahia;Peru;Janeiro;2026;12
Aérea;Minas Gerais;Peru;Janeiro;2026;6
Aérea;Rio de Janeiro;Peru;Janeiro;2026;10
Aérea;Rio de Janeiro;Peru;Janeiro;2026;5075
Aérea;São Paulo;Peru;Janeiro;2026;6
Aérea;São Paulo;Peru;Janeiro;2026;6339
Aérea;Paraná;Peru;Janeiro;2026;99
Aérea;Paraná;Peru;Janeiro;2026;339
Aérea;Santa Catarina;Peru;Janeiro;2026;799
Aérea;Rio Grande do Sul;Peru;Janeiro;2026;218
Aérea;Distrito Federal;Peru;Janeiro;2026;524
Terrestre;Rondônia;Peru;Janeiro;2026;5
Terrestre;Acre;Peru;Janeiro;2026;1999
Terrestre;Acre;Peru;Janeiro;2026;161
Terrestre;Acre;Peru;Janeiro;2026;3
Terrestre;Amazonas;Peru;Janeiro;2026;239
Terrestre;Roraima;Peru;Janeiro;2026;10
Terrestre;Amapá;Peru;Janeiro;2026;15
Terrestre;Paraná;Peru;Janeiro;2026;237
Terrestre;Paraná;Peru;Janeiro;2026;1100
Terrestre;Paraná;Peru;Janeiro;2026;1
Terrestre;Santa Catarina;Peru;Janeiro;2026;15
Terrestre;Santa Catarina;Peru;Janeiro;2026;2
Terrestre;Rio Grande do Sul;Peru;Janeiro;2026;1
Terrestre;Rio Grande do Sul;Peru;Janeiro;2026;29
Terrestre;Rio Grande do Sul;Peru;Janeiro;2026;21
Terrestre;Rio Grande do Sul;Peru;Janeiro;2026;35
Terrestre;Rio Grande do Sul;Peru;Janeiro;2026;28
Terrestre;Rio Grande do Sul;Peru;Janeiro;2026;152
Terrestre;Mato Grosso do Sul;Peru;Janeiro;2026;137
Terrestre;Mato Grosso do Sul;Peru;Janeiro;2026;2
Terrestre;Mato Grosso;Peru;Janeiro;2026;1
Marítima;Maranhão;Peru;Janeiro;2026;8
Marítima;Rio de Janeiro;Peru;Janeiro;2026;29
Marítima;São Paulo;Peru;Janeiro;2026;6
Marítima;Santa Catarina;Peru;Janeiro;2026;52
Marítima;Santa Catarina;Peru;Janeiro;2026;197
Marítima;Santa Catarina;Peru;Janeiro;2026;1
Fluvial;Amapá;Peru;Janeiro;2026;3
Fluvial;Rio Grande do Sul;Peru;Janeiro;2026;4
Fluvial;Rio Grande do Sul;Peru;Janeiro;2026;3
Aérea;Amazonas;Polônia;Janeiro;2026;15
Aérea;Pará;Polônia;Janeiro;2026;2
Aérea;Ceará;Polônia;Janeiro;2026;129
Aérea;Rio Grande do Norte;Polônia;Janeiro;2026;7
Aérea;Pernambuco;Polônia;Janeiro;2026;22
Aérea;Alagoas;Polônia;Janeiro;2026;12
Aérea;Bahia;Polônia;Janeiro;2026;56
Aérea;Minas Gerais;Polônia;Janeiro;2026;7
Aérea;Rio de Janeiro;Polônia;Janeiro;2026;988
Aérea;São Paulo;Polônia;Janeiro;2026;38
Aérea;São Paulo;Polônia;Janeiro;2026;1201
Aérea;Paraná;Polônia;Janeiro;2026;16
Aérea;Paraná;Polônia;Janeiro;2026;2
Aérea;Santa Catarina;Polônia;Janeiro;2026;14
Aérea;Rio Grande do Sul;Polônia;Janeiro;2026;2
Aérea;Distrito Federal;Polônia;Janeiro;2026;12
Terrestre;Rondônia;Polônia;Janeiro;2026;1
Terrestre;Amazonas;Polônia;Janeiro;2026;2
Terrestre;Roraima;Polônia;Janeiro;2026;2
Terrestre;Roraima;Polônia;Janeiro;2026;1
Terrestre;Amapá;Polônia;Janeiro;2026;1
Terrestre;Paraná;Polônia;Janeiro;2026;29
Terrestre;Paraná;Polônia;Janeiro;2026;661
Terrestre;Santa Catarina;Polônia;Janeiro;2026;2
Terrestre;Rio Grande do Sul;Polônia;Janeiro;2026;4
Terrestre;Rio Grande do Sul;Polônia;Janeiro;2026;1
Terrestre;Rio Grande do Sul;Polônia;Janeiro;2026;2
Terrestre;Rio Grande do Sul;Polônia;Janeiro;2026;4
Terrestre;Mato Grosso do Sul;Polônia;Janeiro;2026;1
Marítima;Ceará;Polônia;Janeiro;2026;7
Marítima;Rio de Janeiro;Polônia;Janeiro;2026;2
Marítima;Rio de Janeiro;Polônia;Janeiro;2026;46
Marítima;Santa Catarina;Polônia;Janeiro;2026;2
Marítima;Santa Catarina;Polônia;Janeiro;2026;2
Marítima;Santa Catarina;Polônia;Janeiro;2026;1
Fluvial;Pará;Polônia;Janeiro;2026;3
Fluvial;Amapá;Polônia;Janeiro;2026;4
Fluvial;Amapá;Polônia;Janeiro;2026;5
Fluvial;Rio Grande do Sul;Polônia;Janeiro;2026;1
Terrestre;Rio Grande do Sul;Porto Rico;Janeiro;2026;1
Aérea;Amazonas;Portugal;Janeiro;2026;39
Aérea;Pará;Portugal;Janeiro;2026;250
Aérea;Ceará;Portugal;Janeiro;2026;3416
Aérea;Rio Grande do Norte;Portugal;Janeiro;2026;717
Aérea;Pernambuco;Portugal;Janeiro;2026;1
Aérea;Pernambuco;Portugal;Janeiro;2026;2487
Aérea;Alagoas;Portugal;Janeiro;2026;334
Aérea;Bahia;Portugal;Janeiro;2026;2257
Aérea;Minas Gerais;Portugal;Janeiro;2026;1673
Aérea;Rio de Janeiro;Portugal;Janeiro;2026;1
Aérea;Rio de Janeiro;Portugal;Janeiro;2026;5032
Aérea;São Paulo;Portugal;Janeiro;2026;3030
Aérea;São Paulo;Portugal;Janeiro;2026;7491
Aérea;São Paulo;Portugal;Janeiro;2026;3
Aérea;Paraná;Portugal;Janeiro;2026;1
Aérea;Paraná;Portugal;Janeiro;2026;5
Aérea;Santa Catarina;Portugal;Janeiro;2026;267
Aérea;Rio Grande do Sul;Portugal;Janeiro;2026;196
Aérea;Distrito Federal;Portugal;Janeiro;2026;1255
Terrestre;Acre;Portugal;Janeiro;2026;2
Terrestre;Amazonas;Portugal;Janeiro;2026;2
Terrestre;Roraima;Portugal;Janeiro;2026;1
Terrestre;Roraima;Portugal;Janeiro;2026;5
Terrestre;Amapá;Portugal;Janeiro;2026;1
Terrestre;Paraná;Portugal;Janeiro;2026;10
Terrestre;Paraná;Portugal;Janeiro;2026;76
Terrestre;Paraná;Portugal;Janeiro;2026;3
Terrestre;Santa Catarina;Portugal;Janeiro;2026;1
Terrestre;Rio Grande do Sul;Portugal;Janeiro;2026;7
Terrestre;Rio Grande do Sul;Portugal;Janeiro;2026;3
Terrestre;Rio Grande do Sul;Portugal;Janeiro;2026;1
Terrestre;Rio Grande do Sul;Portugal;Janeiro;2026;1
Terrestre;Rio Grande do Sul;Portugal;Janeiro;2026;2
Terrestre;Mato Grosso do Sul;Portugal;Janeiro;2026;4
Terrestre;Mato Grosso do Sul;Portugal;Janeiro;2026;1
Marítima;Paraíba;Portugal;Janeiro;2026;1
Marítima;Pernambuco;Portugal;Janeiro;2026;9
Marítima;Pernambuco;Portugal;Janeiro;2026;1
Marítima;Rio de Janeiro;Portugal;Janeiro;2026;3
Marítima;São Paulo;Portugal;Janeiro;2026;6
Marítima;Santa Catarina;Portugal;Janeiro;2026;28
Marítima;Santa Catarina;Portugal;Janeiro;2026;49
Fluvial;Pará;Portugal;Janeiro;2026;4
Fluvial;Amapá;Portugal;Janeiro;2026;2
Aérea;Rio de Janeiro;Quirguistão;Janeiro;2026;1
Aérea;São Paulo;Quirguistão;Janeiro;2026;3
Aérea;Ceará;Quênia;Janeiro;2026;1
Aérea;Rio de Janeiro;Quênia;Janeiro;2026;4
Aérea;São Paulo;Quênia;Janeiro;2026;24
Aérea;Amazonas;Reino Unido;Janeiro;2026;47
Aérea;Pará;Reino Unido;Janeiro;2026;34
Aérea;Ceará;Reino Unido;Janeiro;2026;181
Aérea;Rio Grande do Norte;Reino Unido;Janeiro;2026;43
Aérea;Paraíba;Reino Unido;Janeiro;2026;2
Aérea;Pernambuco;Reino Unido;Janeiro;2026;3
Aérea;Pernambuco;Reino Unido;Janeiro;2026;135
Aérea;Alagoas;Reino Unido;Janeiro;2026;6
Aérea;Bahia;Reino Unido;Janeiro;2026;3
Aérea;Bahia;Reino Unido;Janeiro;2026;279
Aérea;Minas Gerais;Reino Unido;Janeiro;2026;202
Aérea;Rio de Janeiro;Reino Unido;Janeiro;2026;1
Aérea;Rio de Janeiro;Reino Unido;Janeiro;2026;5109
Aérea;São Paulo;Reino Unido;Janeiro;2026;138
Aérea;São Paulo;Reino Unido;Janeiro;2026;7627
Aérea;Paraná;Reino Unido;Janeiro;2026;19
Aérea;Paraná;Reino Unido;Janeiro;2026;16
Aérea;Santa Catarina;Reino Unido;Janeiro;2026;138
Aérea;Rio Grande do Sul;Reino Unido;Janeiro;2026;140
Aérea;Distrito Federal;Reino Unido;Janeiro;2026;50
Terrestre;Rondônia;Reino Unido;Janeiro;2026;1
Terrestre;Acre;Reino Unido;Janeiro;2026;1
Terrestre;Amazonas;Reino Unido;Janeiro;2026;26
Terrestre;Roraima;Reino Unido;Janeiro;2026;5
Terrestre;Roraima;Reino Unido;Janeiro;2026;2
Terrestre;Amapá;Reino Unido;Janeiro;2026;5
Terrestre;Paraná;Reino Unido;Janeiro;2026;109
Terrestre;Paraná;Reino Unido;Janeiro;2026;1397
Terrestre;Rio Grande do Sul;Reino Unido;Janeiro;2026;27
Terrestre;Rio Grande do Sul;Reino Unido;Janeiro;2026;1
Terrestre;Rio Grande do Sul;Reino Unido;Janeiro;2026;4
Terrestre;Rio Grande do Sul;Reino Unido;Janeiro;2026;3
Terrestre;Rio Grande do Sul;Reino Unido;Janeiro;2026;4
Terrestre;Mato Grosso do Sul;Reino Unido;Janeiro;2026;11
Terrestre;Mato Grosso do Sul;Reino Unido;Janeiro;2026;2
Marítima;Ceará;Reino Unido;Janeiro;2026;1
Marítima;Pernambuco;Reino Unido;Janeiro;2026;3
Marítima;Pernambuco;Reino Unido;Janeiro;2026;1681
Marítima;Bahia;Reino Unido;Janeiro;2026;1
Marítima;Bahia;Reino Unido;Janeiro;2026;1
Marítima;Rio de Janeiro;Reino Unido;Janeiro;2026;40
Marítima;São Paulo;Reino Unido;Janeiro;2026;5
Marítima;São Paulo;Reino Unido;Janeiro;2026;2
Marítima;Santa Catarina;Reino Unido;Janeiro;2026;2
Marítima;Santa Catarina;Reino Unido;Janeiro;2026;176
Fluvial;Pará;Reino Unido;Janeiro;2026;343
Fluvial;Amapá;Reino Unido;Janeiro;2026;218
Fluvial;Amapá;Reino Unido;Janeiro;2026;1
Aérea;São Paulo;República Centro Africana;Janeiro;2026;1
Aérea;São Paulo;República Democrática do Congo;Janeiro;2026;36
Terrestre;Paraná;República Democrática do Congo;Janeiro;2026;1
Aérea;Amazonas;República Dominicana;Janeiro;2026;3
Aérea;Roraima;República Dominicana;Janeiro;2026;1
Aérea;Pará;República Dominicana;Janeiro;2026;4
Aérea;Ceará;República Dominicana;Janeiro;2026;1
Aérea;Bahia;República Dominicana;Janeiro;2026;2
Aérea;Minas Gerais;República Dominicana;Janeiro;2026;1
Aérea;Rio de Janeiro;República Dominicana;Janeiro;2026;144
Aérea;São Paulo;República Dominicana;Janeiro;2026;1
Aérea;São Paulo;República Dominicana;Janeiro;2026;462
Aérea;Santa Catarina;República Dominicana;Janeiro;2026;7
Aérea;Rio Grande do Sul;República Dominicana;Janeiro;2026;19
Aérea;Distrito Federal;República Dominicana;Janeiro;2026;54
Terrestre;Acre;República Dominicana;Janeiro;2026;1
Terrestre;Amazonas;República Dominicana;Janeiro;2026;1
Terrestre;Roraima;República Dominicana;Janeiro;2026;2
Terrestre;Roraima;República Dominicana;Janeiro;2026;1
Terrestre;Amapá;República Dominicana;Janeiro;2026;14
Terrestre;Paraná;República Dominicana;Janeiro;2026;10
Terrestre;Paraná;República Dominicana;Janeiro;2026;37
Terrestre;Rio Grande do Sul;República Dominicana;Janeiro;2026;3
Terrestre;Rio Grande do Sul;República Dominicana;Janeiro;2026;1
Terrestre;Rio Grande do Sul;República Dominicana;Janeiro;2026;5
Marítima;Santa Catarina;República Dominicana;Janeiro;2026;6
Fluvial;Amapá;República Dominicana;Janeiro;2026;1
Aérea;Amazonas;República Tcheca;Janeiro;2026;4
Aérea;Pará;República Tcheca;Janeiro;2026;3
Aérea;Ceará;República Tcheca;Janeiro;2026;40
Aérea;Rio Grande do Norte;República Tcheca;Janeiro;2026;4
Aérea;Pernambuco;República Tcheca;Janeiro;2026;3
Aérea;Bahia;República Tcheca;Janeiro;2026;44
Aérea;Minas Gerais;República Tcheca;Janeiro;2026;2
Aérea;Rio de Janeiro;República Tcheca;Janeiro;2026;318
Aérea;São Paulo;República Tcheca;Janeiro;2026;24
Aérea;São Paulo;República Tcheca;Janeiro;2026;248
Aérea;Santa Catarina;República Tcheca;Janeiro;2026;10
Aérea;Rio Grande do Sul;República Tcheca;Janeiro;2026;3
Aérea;Distrito Federal;República Tcheca;Janeiro;2026;11
Terrestre;Amazonas;República Tcheca;Janeiro;2026;1
Terrestre;Amapá;República Tcheca;Janeiro;2026;2
Terrestre;Paraná;República Tcheca;Janeiro;2026;22
Terrestre;Paraná;República Tcheca;Janeiro;2026;113
Terrestre;Santa Catarina;República Tcheca;Janeiro;2026;1
Terrestre;Rio Grande do Sul;República Tcheca;Janeiro;2026;2
Terrestre;Rio Grande do Sul;República Tcheca;Janeiro;2026;3
Terrestre;Mato Grosso do Sul;República Tcheca;Janeiro;2026;1
Marítima;Pernambuco;República Tcheca;Janeiro;2026;2
Marítima;Rio de Janeiro;República Tcheca;Janeiro;2026;4
Marítima;São Paulo;República Tcheca;Janeiro;2026;1
Marítima;Santa Catarina;República Tcheca;Janeiro;2026;3
Marítima;Santa Catarina;República Tcheca;Janeiro;2026;2
Aérea;Amazonas;República da Coreia;Janeiro;2026;22
Aérea;Ceará;República da Coreia;Janeiro;2026;1
Aérea;Bahia;República da Coreia;Janeiro;2026;6
Aérea;Bahia;República da Coreia;Janeiro;2026;10
Aérea;Minas Gerais;República da Coreia;Janeiro;2026;1
Aérea;Rio de Janeiro;República da Coreia;Janeiro;2026;347
Aérea;São Paulo;República da Coreia;Janeiro;2026;6
Aérea;São Paulo;República da Coreia;Janeiro;2026;1918
Aérea;Paraná;República da Coreia;Janeiro;2026;12
Aérea;Paraná;República da Coreia;Janeiro;2026;1
Aérea;Santa Catarina;República da Coreia;Janeiro;2026;10
Aérea;Rio Grande do Sul;República da Coreia;Janeiro;2026;4
Aérea;Distrito Federal;República da Coreia;Janeiro;2026;2
Terrestre;Roraima;República da Coreia;Janeiro;2026;1
Terrestre;Roraima;República da Coreia;Janeiro;2026;1
Terrestre;Paraná;República da Coreia;Janeiro;2026;85
Terrestre;Paraná;República da Coreia;Janeiro;2026;1516
Terrestre;Rio Grande do Sul;República da Coreia;Janeiro;2026;5
Terrestre;Rio Grande do Sul;República da Coreia;Janeiro;2026;2
Terrestre;Rio Grande do Sul;República da Coreia;Janeiro;2026;1
Terrestre;Rio Grande do Sul;República da Coreia;Janeiro;2026;4
Terrestre;Mato Grosso do Sul;República da Coreia;Janeiro;2026;16
Marítima;Ceará;República da Coreia;Janeiro;2026;2
Marítima;Rio de Janeiro;República da Coreia;Janeiro;2026;4
Marítima;Rio de Janeiro;República da Coreia;Janeiro;2026;6
Marítima;Santa Catarina;República da Coreia;Janeiro;2026;4
Marítima;Santa Catarina;República da Coreia;Janeiro;2026;1
Fluvial;Pará;República da Coreia;Janeiro;2026;2
Fluvial;Santa Catarina;República da Coreia;Janeiro;2026;3
Aérea;Rio de Janeiro;República do Kosovo;Janeiro;2026;4
Aérea;São Paulo;República do Kosovo;Janeiro;2026;1
Aérea;São Paulo;República do Kosovo;Janeiro;2026;3
Aérea;Amazonas;Romênia;Janeiro;2026;3
Aérea;Pará;Romênia;Janeiro;2026;1
Aérea;Ceará;Romênia;Janeiro;2026;14
Aérea;Rio Grande do Norte;Romênia;Janeiro;2026;6
Aérea;Pernambuco;Romênia;Janeiro;2026;1
Aérea;Pernambuco;Romênia;Janeiro;2026;8
Aérea;Alagoas;Romênia;Janeiro;2026;1
Aérea;Bahia;Romênia;Janeiro;2026;1
Aérea;Bahia;Romênia;Janeiro;2026;16
Aérea;Minas Gerais;Romênia;Janeiro;2026;1
Aérea;Rio de Janeiro;Romênia;Janeiro;2026;269
Aérea;São Paulo;Romênia;Janeiro;2026;14
Aérea;São Paulo;Romênia;Janeiro;2026;718
Aérea;Paraná;Romênia;Janeiro;2026;1
Aérea;Paraná;Romênia;Janeiro;2026;1
Aérea;Santa Catarina;Romênia;Janeiro;2026;21
Aérea;Rio Grande do Sul;Romênia;Janeiro;2026;1
Aérea;Distrito Federal;Romênia;Janeiro;2026;6
Terrestre;Paraná;Romênia;Janeiro;2026;16
Terrestre;Paraná;Romênia;Janeiro;2026;208
Terrestre;Santa Catarina;Romênia;Janeiro;2026;3
Terrestre;Rio Grande do Sul;Romênia;Janeiro;2026;1
Terrestre;Rio Grande do Sul;Romênia;Janeiro;2026;1
Terrestre;Mato Grosso do Sul;Romênia;Janeiro;2026;3
Marítima;Ceará;Romênia;Janeiro;2026;1
Marítima;Pernambuco;Romênia;Janeiro;2026;7
Marítima;Espírito Santo;Romênia;Janeiro;2026;3
Marítima;Rio de Janeiro;Romênia;Janeiro;2026;2
Marítima;Rio de Janeiro;Romênia;Janeiro;2026;2
Marítima;São Paulo;Romênia;Janeiro;2026;1
Marítima;Santa Catarina;Romênia;Janeiro;2026;3
Marítima;Santa Catarina;Romênia;Janeiro;2026;96
Marítima;Santa Catarina;Romênia;Janeiro;2026;1
Fluvial;Pará;Romênia;Janeiro;2026;2
Fluvial;Amapá;Romênia;Janeiro;2026;2
Fluvial;Amapá;Romênia;Janeiro;2026;1
Aérea;São Paulo;Ruanda;Janeiro;2026;5
Aérea;Distrito Federal;Ruanda;Janeiro;2026;1
Aérea;Pará;Rússia;Janeiro;2026;3
Aérea;Ceará;Rússia;Janeiro;2026;6
Aérea;Rio Grande do Norte;Rússia;Janeiro;2026;7
Aérea;Paraíba;Rússia;Janeiro;2026;2
Aérea;Pernambuco;Rússia;Janeiro;2026;7
Aérea;Alagoas;Rússia;Janeiro;2026;3
Aérea;Bahia;Rússia;Janeiro;2026;4
Aérea;Bahia;Rússia;Janeiro;2026;20
Aérea;Rio de Janeiro;Rússia;Janeiro;2026;638
Aérea;São Paulo;Rússia;Janeiro;2026;10
Aérea;São Paulo;Rússia;Janeiro;2026;1990
Aérea;Paraná;Rússia;Janeiro;2026;15
Aérea;Paraná;Rússia;Janeiro;2026;2
Aérea;Santa Catarina;Rússia;Janeiro;2026;117
Aérea;Rio Grande do Sul;Rússia;Janeiro;2026;8
Aérea;Distrito Federal;Rússia;Janeiro;2026;67
Terrestre;Acre;Rússia;Janeiro;2026;3
Terrestre;Amapá;Rússia;Janeiro;2026;1
Terrestre;Paraná;Rússia;Janeiro;2026;72
Terrestre;Paraná;Rússia;Janeiro;2026;614
Terrestre;Santa Catarina;Rússia;Janeiro;2026;6
Terrestre;Rio Grande do Sul;Rússia;Janeiro;2026;2
Terrestre;Rio Grande do Sul;Rússia;Janeiro;2026;22
Terrestre;Rio Grande do Sul;Rússia;Janeiro;2026;1
Terrestre;Rio Grande do Sul;Rússia;Janeiro;2026;2
Terrestre;Rio Grande do Sul;Rússia;Janeiro;2026;3
Terrestre;Rio Grande do Sul;Rússia;Janeiro;2026;12
Terrestre;Mato Grosso do Sul;Rússia;Janeiro;2026;8
Marítima;Rio de Janeiro;Rússia;Janeiro;2026;1
Marítima;Rio de Janeiro;Rússia;Janeiro;2026;29
Marítima;São Paulo;Rússia;Janeiro;2026;70
Marítima;Santa Catarina;Rússia;Janeiro;2026;7
Marítima;Santa Catarina;Rússia;Janeiro;2026;1
Fluvial;Pará;Rússia;Janeiro;2026;1
Fluvial;Rio Grande do Sul;Rússia;Janeiro;2026;33
Aérea;Rio de Janeiro;San Marino;Janeiro;2026;1
Aérea;São Paulo;San Marino;Janeiro;2026;4
Terrestre;Paraná;San Marino;Janeiro;2026;1
Aérea;Pará;Santa Lúcia;Janeiro;2026;1
Aérea;Rio de Janeiro;Santa Lúcia;Janeiro;2026;3
Aérea;São Paulo;Santa Lúcia;Janeiro;2026;5
Marítima;Pernambuco;Santa Lúcia;Janeiro;2026;1
Aérea;Bahia;Senegal;Janeiro;2026;1
Aérea;Minas Gerais;Senegal;Janeiro;2026;1
Aérea;Rio de Janeiro;Senegal;Janeiro;2026;4
Aérea;São Paulo;Senegal;Janeiro;2026;15
Terrestre;Paraná;Senegal;Janeiro;2026;1
Aérea;São Paulo;Serra Leoa;Janeiro;2026;2
Aérea;São Paulo;Somália;Janeiro;2026;1
Aérea;Rio de Janeiro;Sri Lanka;Janeiro;2026;3
Aérea;São Paulo;Sri Lanka;Janeiro;2026;8
Aérea;Rio de Janeiro;Sudão;Janeiro;2026;1
Aérea;São Paulo;Sudão;Janeiro;2026;13
Terrestre;Roraima;Sudão;Janeiro;2026;1
Aérea;Amazonas;Suriname;Janeiro;2026;2
Aérea;Pará;Suriname;Janeiro;2026;1178
Aérea;Rio de Janeiro;Suriname;Janeiro;2026;2
Aérea;São Paulo;Suriname;Janeiro;2026;11
Terrestre;Roraima;Suriname;Janeiro;2026;1
Terrestre;Amapá;Suriname;Janeiro;2026;8
Fluvial;Amapá;Suriname;Janeiro;2026;3
Aérea;Amazonas;Suécia;Janeiro;2026;18
Aérea;Pará;Suécia;Janeiro;2026;7
Aérea;Ceará;Suécia;Janeiro;2026;56
Aérea;Rio Grande do Norte;Suécia;Janeiro;2026;61
Aérea;Pernambuco;Suécia;Janeiro;2026;1
Aérea;Pernambuco;Suécia;Janeiro;2026;88
Aérea;Alagoas;Suécia;Janeiro;2026;4
Aérea;Bahia;Suécia;Janeiro;2026;1
Aérea;Bahia;Suécia;Janeiro;2026;73
Aérea;Minas Gerais;Suécia;Janeiro;2026;12
Aérea;Rio de Janeiro;Suécia;Janeiro;2026;903
Aérea;São Paulo;Suécia;Janeiro;2026;23
Aérea;São Paulo;Suécia;Janeiro;2026;1725
Aérea;Paraná;Suécia;Janeiro;2026;1
Aérea;Paraná;Suécia;Janeiro;2026;1
Aérea;Santa Catarina;Suécia;Janeiro;2026;29
Aérea;Rio Grande do Sul;Suécia;Janeiro;2026;7
Aérea;Distrito Federal;Suécia;Janeiro;2026;9
Terrestre;Acre;Suécia;Janeiro;2026;1
Terrestre;Paraná;Suécia;Janeiro;2026;62
Terrestre;Paraná;Suécia;Janeiro;2026;130
Terrestre;Rio Grande do Sul;Suécia;Janeiro;2026;6
Terrestre;Rio Grande do Sul;Suécia;Janeiro;2026;2
Terrestre;Rio Grande do Sul;Suécia;Janeiro;2026;1
Terrestre;Rio Grande do Sul;Suécia;Janeiro;2026;2
Terrestre;Rio Grande do Sul;Suécia;Janeiro;2026;6
Marítima;Pernambuco;Suécia;Janeiro;2026;2
Marítima;Rio de Janeiro;Suécia;Janeiro;2026;5
Marítima;São Paulo;Suécia;Janeiro;2026;2
Marítima;Santa Catarina;Suécia;Janeiro;2026;2
Marítima;Santa Catarina;Suécia;Janeiro;2026;3
Fluvial;Pará;Suécia;Janeiro;2026;9
Fluvial;Amapá;Suécia;Janeiro;2026;2
Fluvial;Rio Grande do Sul;Suécia;Janeiro;2026;1
Aérea;Amazonas;Suíça;Janeiro;2026;33
Aérea;Pará;Suíça;Janeiro;2026;16
Aérea;Ceará;Suíça;Janeiro;2026;224
Aérea;Rio Grande do Norte;Suíça;Janeiro;2026;73
Aérea;Pernambuco;Suíça;Janeiro;2026;203
Aérea;Alagoas;Suíça;Janeiro;2026;2
Aérea;Bahia;Suíça;Janeiro;2026;472
Aérea;Minas Gerais;Suíça;Janeiro;2026;52
Aérea;Rio de Janeiro;Suíça;Janeiro;2026;1054
Aérea;São Paulo;Suíça;Janeiro;2026;6
Aérea;São Paulo;Suíça;Janeiro;2026;2608
Aérea;Paraná;Suíça;Janeiro;2026;4
Aérea;Paraná;Suíça;Janeiro;2026;2
Aérea;Santa Catarina;Suíça;Janeiro;2026;64
Aérea;Rio Grande do Sul;Suíça;Janeiro;2026;7
Aérea;Distrito Federal;Suíça;Janeiro;2026;102
Terrestre;Rondônia;Suíça;Janeiro;2026;2
Terrestre;Acre;Suíça;Janeiro;2026;1
Terrestre;Amazonas;Suíça;Janeiro;2026;12
Terrestre;Roraima;Suíça;Janeiro;2026;1
Terrestre;Paraná;Suíça;Janeiro;2026;72
Terrestre;Paraná;Suíça;Janeiro;2026;383
Terrestre;Paraná;Suíça;Janeiro;2026;1
Terrestre;Santa Catarina;Suíça;Janeiro;2026;10
Terrestre;Santa Catarina;Suíça;Janeiro;2026;4
Terrestre;Rio Grande do Sul;Suíça;Janeiro;2026;14
Terrestre;Rio Grande do Sul;Suíça;Janeiro;2026;2
Terrestre;Rio Grande do Sul;Suíça;Janeiro;2026;3
Terrestre;Rio Grande do Sul;Suíça;Janeiro;2026;1
Terrestre;Rio Grande do Sul;Suíça;Janeiro;2026;2
Terrestre;Mato Grosso do Sul;Suíça;Janeiro;2026;5
Marítima;Maranhão;Suíça;Janeiro;2026;1
Marítima;Ceará;Suíça;Janeiro;2026;19
Marítima;Pernambuco;Suíça;Janeiro;2026;2
Marítima;Pernambuco;Suíça;Janeiro;2026;2
Marítima;Rio de Janeiro;Suíça;Janeiro;2026;9
Marítima;São Paulo;Suíça;Janeiro;2026;1
Marítima;Santa Catarina;Suíça;Janeiro;2026;1
Marítima;Santa Catarina;Suíça;Janeiro;2026;5
Fluvial;Pará;Suíça;Janeiro;2026;12
Fluvial;Amapá;Suíça;Janeiro;2026;20
Fluvial;Amapá;Suíça;Janeiro;2026;3
Fluvial;Rio Grande do Sul;Suíça;Janeiro;2026;5
Aérea;Rio de Janeiro;São Cristóvão e Nevis;Janeiro;2026;3
Aérea;São Paulo;São Cristóvão e Nevis;Janeiro;2026;1
Aérea;São Paulo;São Cristóvão e Nevis;Janeiro;2026;17
Aérea;Santa Catarina;São Cristóvão e Nevis;Janeiro;2026;1
Aérea;Distrito Federal;São Cristóvão e Nevis;Janeiro;2026;1
Terrestre;Paraná;São Cristóvão e Nevis;Janeiro;2026;3
Terrestre;Rio Grande do Sul;São Cristóvão e Nevis;Janeiro;2026;3
Aérea;Pará;São Tome e Príncipe;Janeiro;2026;1
Aérea;São Paulo;São Tome e Príncipe;Janeiro;2026;5
Aérea;Pará;São Vicente e Granadinas;Janeiro;2026;1
Aérea;Pernambuco;São Vicente e Granadinas;Janeiro;2026;2
Aérea;Rio de Janeiro;São Vicente e Granadinas;Janeiro;2026;2
Aérea;São Paulo;São Vicente e Granadinas;Janeiro;2026;2
Marítima;Pernambuco;São Vicente e Granadinas;Janeiro;2026;3
Aérea;Amazonas;Sérvia;Janeiro;2026;3
Aérea;Pará;Sérvia;Janeiro;2026;1
Aérea;Ceará;Sérvia;Janeiro;2026;6
Aérea;Pernambuco;Sérvia;Janeiro;2026;3
Aérea;Bahia;Sérvia;Janeiro;2026;1
Aérea;Rio de Janeiro;Sérvia;Janeiro;2026;208
Aérea;São Paulo;Sérvia;Janeiro;2026;7
Aérea;São Paulo;Sérvia;Janeiro;2026;122
Aérea;Paraná;Sérvia;Janeiro;2026;2
Aérea;Santa Catarina;Sérvia;Janeiro;2026;7
Terrestre;Paraná;Sérvia;Janeiro;2026;33
Terrestre;Rio Grande do Sul;Sérvia;Janeiro;2026;4
Terrestre;Rio Grande do Sul;Sérvia;Janeiro;2026;1
Marítima;Santa Catarina;Sérvia;Janeiro;2026;1
Fluvial;Rio Grande do Sul;Sérvia;Janeiro;2026;1
Aérea;Ceará;Síria;Janeiro;2026;1
Aérea;Rio de Janeiro;Síria;Janeiro;2026;4
Aérea;São Paulo;Síria;Janeiro;2026;1
Aérea;São Paulo;Síria;Janeiro;2026;41
Terrestre;Paraná;Síria;Janeiro;2026;2
Terrestre;Rio Grande do Sul;Síria;Janeiro;2026;1
Terrestre;Rio Grande do Sul;Síria;Janeiro;2026;2
Aérea;São Paulo;Tadjiquistão;Janeiro;2026;1
Aérea;Ceará;Tailândia;Janeiro;2026;4
Aérea;Pernambuco;Tailândia;Janeiro;2026;1
Aérea;Bahia;Tailândia;Janeiro;2026;4
Aérea;Rio de Janeiro;Tailândia;Janeiro;2026;27
Aérea;São Paulo;Tailândia;Janeiro;2026;158
Aérea;Paraná;Tailândia;Janeiro;2026;1
Aérea;Santa Catarina;Tailândia;Janeiro;2026;1
Aérea;Rio Grande do Sul;Tailândia;Janeiro;2026;1
Aérea;Distrito Federal;Tailândia;Janeiro;2026;2
Terrestre;Paraná;Tailândia;Janeiro;2026;1
Terrestre;Paraná;Tailândia;Janeiro;2026;3
Fluvial;Pará;Tailândia;Janeiro;2026;1
Aérea;Amazonas;Taiwan;Janeiro;2026;3
Aérea;Ceará;Taiwan;Janeiro;2026;1
Aérea;Bahia;Taiwan;Janeiro;2026;2
Aérea;Minas Gerais;Taiwan;Janeiro;2026;1
Aérea;Rio de Janeiro;Taiwan;Janeiro;2026;63
Aérea;São Paulo;Taiwan;Janeiro;2026;1
Aérea;São Paulo;Taiwan;Janeiro;2026;194
Aérea;Paraná;Taiwan;Janeiro;2026;1
Aérea;Santa Catarina;Taiwan;Janeiro;2026;2
Aérea;Distrito Federal;Taiwan;Janeiro;2026;2
Terrestre;Amazonas;Taiwan;Janeiro;2026;1
Terrestre;Paraná;Taiwan;Janeiro;2026;18
Terrestre;Paraná;Taiwan;Janeiro;2026;31
Terrestre;Rio Grande do Sul;Taiwan;Janeiro;2026;1
Terrestre;Mato Grosso do Sul;Taiwan;Janeiro;2026;1
Fluvial;Pará;Taiwan;Janeiro;2026;1
Aérea;Pará;Tanzânia;Janeiro;2026;1
Aérea;Rio de Janeiro;Tanzânia;Janeiro;2026;8
Aérea;São Paulo;Tanzânia;Janeiro;2026;13
Aérea;São Paulo;Togo;Janeiro;2026;3
Aérea;Pará;Trinidad e Tobago;Janeiro;2026;1
Aérea;Rio de Janeiro;Trinidad e Tobago;Janeiro;2026;21
Aérea;São Paulo;Trinidad e Tobago;Janeiro;2026;1
Aérea;São Paulo;Trinidad e Tobago;Janeiro;2026;30
Aérea;Rio Grande do Sul;Trinidad e Tobago;Janeiro;2026;3
Aérea;Distrito Federal;Trinidad e Tobago;Janeiro;2026;1
Terrestre;Roraima;Trinidad e Tobago;Janeiro;2026;9
Aérea;Ceará;Tunísia;Janeiro;2026;1
Aérea;Pernambuco;Tunísia;Janeiro;2026;2
Aérea;Bahia;Tunísia;Janeiro;2026;4
Aérea;Rio de Janeiro;Tunísia;Janeiro;2026;42
Aérea;São Paulo;Tunísia;Janeiro;2026;2
Aérea;São Paulo;Tunísia;Janeiro;2026;198
Aérea;Santa Catarina;Tunísia;Janeiro;2026;2
Aérea;Distrito Federal;Tunísia;Janeiro;2026;2
Aérea;São Paulo;Turcomenistão;Janeiro;2026;1
Aérea;Amazonas;Turquia;Janeiro;2026;3
Aérea;Ceará;Turquia;Janeiro;2026;4
Aérea;Pernambuco;Turquia;Janeiro;2026;4
Aérea;Bahia;Turquia;Janeiro;2026;6
Aérea;Rio de Janeiro;Turquia;Janeiro;2026;1
Aérea;Rio de Janeiro;Turquia;Janeiro;2026;107
Aérea;São Paulo;Turquia;Janeiro;2026;7
Aérea;São Paulo;Turquia;Janeiro;2026;1437
Aérea;Paraná;Turquia;Janeiro;2026;1
Aérea;Santa Catarina;Turquia;Janeiro;2026;4
Aérea;Rio Grande do Sul;Turquia;Janeiro;2026;3
Aérea;Distrito Federal;Turquia;Janeiro;2026;3
Terrestre;Paraná;Turquia;Janeiro;2026;7
Terrestre;Paraná;Turquia;Janeiro;2026;183
Terrestre;Rio Grande do Sul;Turquia;Janeiro;2026;5
Terrestre;Rio Grande do Sul;Turquia;Janeiro;2026;7
Terrestre;Mato Grosso do Sul;Turquia;Janeiro;2026;1
Marítima;Rio de Janeiro;Turquia;Janeiro;2026;35
Marítima;São Paulo;Turquia;Janeiro;2026;25
Marítima;Santa Catarina;Turquia;Janeiro;2026;5
Aérea;Amazonas;Ucrânia;Janeiro;2026;2
Aérea;Pará;Ucrânia;Janeiro;2026;1
Aérea;Ceará;Ucrânia;Janeiro;2026;11
Aérea;Rio Grande do Norte;Ucrânia;Janeiro;2026;1
Aérea;Paraíba;Ucrânia;Janeiro;2026;1
Aérea;Pernambuco;Ucrânia;Janeiro;2026;8
Aérea;Alagoas;Ucrânia;Janeiro;2026;1
Aérea;Bahia;Ucrânia;Janeiro;2026;10
Aérea;Minas Gerais;Ucrânia;Janeiro;2026;2
Aérea;Rio de Janeiro;Ucrânia;Janeiro;2026;1
Aérea;Rio de Janeiro;Ucrânia;Janeiro;2026;158
Aérea;São Paulo;Ucrânia;Janeiro;2026;21
Aérea;São Paulo;Ucrânia;Janeiro;2026;197
Aérea;Santa Catarina;Ucrânia;Janeiro;2026;22
Aérea;Rio Grande do Sul;Ucrânia;Janeiro;2026;2
Aérea;Distrito Federal;Ucrânia;Janeiro;2026;2
Terrestre;Acre;Ucrânia;Janeiro;2026;1
Terrestre;Paraná;Ucrânia;Janeiro;2026;8
Terrestre;Paraná;Ucrânia;Janeiro;2026;29
Terrestre;Santa Catarina;Ucrânia;Janeiro;2026;2
Terrestre;Rio Grande do Sul;Ucrânia;Janeiro;2026;2
Terrestre;Rio Grande do Sul;Ucrânia;Janeiro;2026;2
Terrestre;Rio Grande do Sul;Ucrânia;Janeiro;2026;1
Terrestre;Rio Grande do Sul;Ucrânia;Janeiro;2026;7
Marítima;Ceará;Ucrânia;Janeiro;2026;1
Marítima;Rio de Janeiro;Ucrânia;Janeiro;2026;6
Marítima;Rio de Janeiro;Ucrânia;Janeiro;2026;1
Marítima;São Paulo;Ucrânia;Janeiro;2026;1
Marítima;Santa Catarina;Ucrânia;Janeiro;2026;2
Marítima;Santa Catarina;Ucrânia;Janeiro;2026;2
Marítima;Santa Catarina;Ucrânia;Janeiro;2026;2
Fluvial;Pará;Ucrânia;Janeiro;2026;1
Aérea;Rio de Janeiro;Uganda;Janeiro;2026;1
Aérea;São Paulo;Uganda;Janeiro;2026;5
Terrestre;Rio Grande do Sul;Uganda;Janeiro;2026;1
Terrestre;Rio Grande do Sul;Uganda;Janeiro;2026;1
Aérea;Pará;Uruguai;Janeiro;2026;5
Aérea;Ceará;Uruguai;Janeiro;2026;613
Aérea;Rio Grande do Norte;Uruguai;Janeiro;2026;32
Aérea;Paraíba;Uruguai;Janeiro;2026;1
Aérea;Pernambuco;Uruguai;Janeiro;2026;698
Aérea;Alagoas;Uruguai;Janeiro;2026;8
Aérea;Bahia;Uruguai;Janeiro;2026;7
Aérea;Bahia;Uruguai;Janeiro;2026;1635
Aérea;Minas Gerais;Uruguai;Janeiro;2026;1
Aérea;Rio de Janeiro;Uruguai;Janeiro;2026;11
Aérea;Rio de Janeiro;Uruguai;Janeiro;2026;9492
Aérea;São Paulo;Uruguai;Janeiro;2026;1
Aérea;São Paulo;Uruguai;Janeiro;2026;6678
Aérea;São Paulo;Uruguai;Janeiro;2026;1
Aérea;Paraná;Uruguai;Janeiro;2026;2
Aérea;Paraná;Uruguai;Janeiro;2026;52
Aérea;Santa Catarina;Uruguai;Janeiro;2026;1965
Aérea;Rio Grande do Sul;Uruguai;Janeiro;2026;98
Aérea;Distrito Federal;Uruguai;Janeiro;2026;22
Terrestre;Acre;Uruguai;Janeiro;2026;2
Terrestre;Amazonas;Uruguai;Janeiro;2026;5
Terrestre;Roraima;Uruguai;Janeiro;2026;1
Terrestre;Paraná;Uruguai;Janeiro;2026;92
Terrestre;Paraná;Uruguai;Janeiro;2026;373
Terrestre;Paraná;Uruguai;Janeiro;2026;2
Terrestre;Santa Catarina;Uruguai;Janeiro;2026;34
Terrestre;Santa Catarina;Uruguai;Janeiro;2026;12
Terrestre;Rio Grande do Sul;Uruguai;Janeiro;2026;1335
Terrestre;Rio Grande do Sul;Uruguai;Janeiro;2026;31
Terrestre;Rio Grande do Sul;Uruguai;Janeiro;2026;14771
Terrestre;Rio Grande do Sul;Uruguai;Janeiro;2026;20687
Terrestre;Rio Grande do Sul;Uruguai;Janeiro;2026;3073
Terrestre;Rio Grande do Sul;Uruguai;Janeiro;2026;14424
Terrestre;Rio Grande do Sul;Uruguai;Janeiro;2026;66
Terrestre;Rio Grande do Sul;Uruguai;Janeiro;2026;614
Terrestre;Mato Grosso do Sul;Uruguai;Janeiro;2026;5
Terrestre;Mato Grosso do Sul;Uruguai;Janeiro;2026;6
Marítima;Maranhão;Uruguai;Janeiro;2026;3
Marítima;Pernambuco;Uruguai;Janeiro;2026;1
Marítima;Rio de Janeiro;Uruguai;Janeiro;2026;958
Marítima;São Paulo;Uruguai;Janeiro;2026;6
Marítima;Santa Catarina;Uruguai;Janeiro;2026;777
Marítima;Santa Catarina;Uruguai;Janeiro;2026;423
Marítima;Rio Grande do Sul;Uruguai;Janeiro;2026;2
Fluvial;Pará;Uruguai;Janeiro;2026;1
Fluvial;Rio Grande do Sul;Uruguai;Janeiro;2026;23
Fluvial;Rio Grande do Sul;Uruguai;Janeiro;2026;6
Aérea;Rio de Janeiro;Uzbequistão;Janeiro;2026;1
Aérea;São Paulo;Uzbequistão;Janeiro;2026;25
Terrestre;Rio Grande do Sul;Vanuatu;Janeiro;2026;1
Aérea;Rio de Janeiro;Vaticano;Janeiro;2026;1
Aérea;São Paulo;Vaticano;Janeiro;2026;1
Aérea;Amazonas;Venezuela;Janeiro;2026;30
Aérea;Pará;Venezuela;Janeiro;2026;18
Aérea;Ceará;Venezuela;Janeiro;2026;12
Aérea;Rio Grande do Norte;Venezuela;Janeiro;2026;9
Aérea;Paraíba;Venezuela;Janeiro;2026;1
Aérea;Pernambuco;Venezuela;Janeiro;2026;23
Aérea;Alagoas;Venezuela;Janeiro;2026;2
Aérea;Bahia;Venezuela;Janeiro;2026;3
Aérea;Bahia;Venezuela;Janeiro;2026;21
Aérea;Minas Gerais;Venezuela;Janeiro;2026;10
Aérea;Rio de Janeiro;Venezuela;Janeiro;2026;5
Aérea;Rio de Janeiro;Venezuela;Janeiro;2026;1584
Aérea;São Paulo;Venezuela;Janeiro;2026;13
Aérea;São Paulo;Venezuela;Janeiro;2026;1004
Aérea;Paraná;Venezuela;Janeiro;2026;24
Aérea;Paraná;Venezuela;Janeiro;2026;51
Aérea;Santa Catarina;Venezuela;Janeiro;2026;1117
Aérea;Rio Grande do Sul;Venezuela;Janeiro;2026;53
Aérea;Distrito Federal;Venezuela;Janeiro;2026;72
Terrestre;Rondônia;Venezuela;Janeiro;2026;6
Terrestre;Acre;Venezuela;Janeiro;2026;51
Terrestre;Acre;Venezuela;Janeiro;2026;3
Terrestre;Amazonas;Venezuela;Janeiro;2026;23
Terrestre;Roraima;Venezuela;Janeiro;2026;53
Terrestre;Roraima;Venezuela;Janeiro;2026;7943
Terrestre;Paraná;Venezuela;Janeiro;2026;61
Terrestre;Paraná;Venezuela;Janeiro;2026;225
Terrestre;Santa Catarina;Venezuela;Janeiro;2026;5
Terrestre;Santa Catarina;Venezuela;Janeiro;2026;3
Terrestre;Rio Grande do Sul;Venezuela;Janeiro;2026;2
Terrestre;Rio Grande do Sul;Venezuela;Janeiro;2026;1
Terrestre;Rio Grande do Sul;Venezuela;Janeiro;2026;78
Terrestre;Rio Grande do Sul;Venezuela;Janeiro;2026;69
Terrestre;Rio Grande do Sul;Venezuela;Janeiro;2026;7
Terrestre;Rio Grande do Sul;Venezuela;Janeiro;2026;50
Terrestre;Rio Grande do Sul;Venezuela;Janeiro;2026;20
Terrestre;Rio Grande do Sul;Venezuela;Janeiro;2026;179
Terrestre;Mato Grosso do Sul;Venezuela;Janeiro;2026;94
Terrestre;Mato Grosso do Sul;Venezuela;Janeiro;2026;9
Marítima;Maranhão;Venezuela;Janeiro;2026;1
Marítima;Rio de Janeiro;Venezuela;Janeiro;2026;37
Marítima;São Paulo;Venezuela;Janeiro;2026;2
Marítima;Santa Catarina;Venezuela;Janeiro;2026;25
Marítima;Santa Catarina;Venezuela;Janeiro;2026;21
Fluvial;Amazonas;Venezuela;Janeiro;2026;1
Fluvial;Amapá;Venezuela;Janeiro;2026;1
Aérea;Rio de Janeiro;Vietnã;Janeiro;2026;9
Aérea;São Paulo;Vietnã;Janeiro;2026;20
Terrestre;Paraná;Vietnã;Janeiro;2026;2
Marítima;Santa Catarina;Vietnã;Janeiro;2026;1
Fluvial;Pará;Vietnã;Janeiro;2026;1
Aérea;Rio de Janeiro;Zimbábue;Janeiro;2026;1
Aérea;São Paulo;Zimbábue;Janeiro;2026;25
Terrestre;Paraná;Zimbábue;Janeiro;2026;1
Marítima;Rio de Janeiro;Zimbábue;Janeiro;2026;2
Aérea;São Paulo;Zâmbia;Janeiro;2026;4
Aérea;Amazonas;África do Sul;Janeiro;2026;5
Aérea;Ceará;África do Sul;Janeiro;2026;2
Aérea;Rio Grande do Norte;África do Sul;Janeiro;2026;1
Aérea;Alagoas;África do Sul;Janeiro;2026;2
Aérea;Minas Gerais;África do Sul;Janeiro;2026;1
Aérea;Rio de Janeiro;África do Sul;Janeiro;2026;192
Aérea;São Paulo;África do Sul;Janeiro;2026;2
Aérea;São Paulo;África do Sul;Janeiro;2026;1078
Aérea;Santa Catarina;África do Sul;Janeiro;2026;6
Aérea;Distrito Federal;África do Sul;Janeiro;2026;2
Terrestre;Acre;África do Sul;Janeiro;2026;1
Terrestre;Roraima;África do Sul;Janeiro;2026;1
Terrestre;Roraima;África do Sul;Janeiro;2026;1
Terrestre;Paraná;África do Sul;Janeiro;2026;7
Terrestre;Paraná;África do Sul;Janeiro;2026;47
Terrestre;Paraná;África do Sul;Janeiro;2026;4
Terrestre;Rio Grande do Sul;África do Sul;Janeiro;2026;4
Marítima;Pernambuco;África do Sul;Janeiro;2026;1
Marítima;Bahia;África do Sul;Janeiro;2026;6
Marítima;Rio de Janeiro;África do Sul;Janeiro;2026;29
Marítima;São Paulo;África do Sul;Janeiro;2026;4
Marítima;Santa Catarina;África do Sul;Janeiro;2026;6
Marítima;Santa Catarina;África do Sul;Janeiro;2026;1
Fluvial;Pará;África do Sul;Janeiro;2026;6
Aérea;Amazonas;Áustria;Janeiro;2026;5
Aérea;Pará;Áustria;Janeiro;2026;6
Aérea;Ceará;Áustria;Janeiro;2026;59
Aérea;Rio Grande do Norte;Áustria;Janeiro;2026;20
Aérea;Pernambuco;Áustria;Janeiro;2026;176
Aérea;Bahia;Áustria;Janeiro;2026;77
Aérea;Minas Gerais;Áustria;Janeiro;2026;5
Aérea;Rio de Janeiro;Áustria;Janeiro;2026;441
Aérea;São Paulo;Áustria;Janeiro;2026;8
Aérea;São Paulo;Áustria;Janeiro;2026;1226
Aérea;Santa Catarina;Áustria;Janeiro;2026;25
Aérea;Rio Grande do Sul;Áustria;Janeiro;2026;1
Aérea;Distrito Federal;Áustria;Janeiro;2026;14
Terrestre;Acre;Áustria;Janeiro;2026;1
Terrestre;Amazonas;Áustria;Janeiro;2026;2
Terrestre;Roraima;Áustria;Janeiro;2026;4
Terrestre;Paraná;Áustria;Janeiro;2026;26
Terrestre;Paraná;Áustria;Janeiro;2026;161
Terrestre;Rio Grande do Sul;Áustria;Janeiro;2026;3
Terrestre;Rio Grande do Sul;Áustria;Janeiro;2026;2
Terrestre;Rio Grande do Sul;Áustria;Janeiro;2026;2
Terrestre;Rio Grande do Sul;Áustria;Janeiro;2026;1
Terrestre;Mato Grosso do Sul;Áustria;Janeiro;2026;1
Marítima;Ceará;Áustria;Janeiro;2026;25
Marítima;Pernambuco;Áustria;Janeiro;2026;3
Marítima;Santa Catarina;Áustria;Janeiro;2026;2
Fluvial;Santa Catarina;Áustria;Janeiro;2026;1
Fluvial;Rio Grande do Sul;Áustria;Janeiro;2026;2
Aérea;Amazonas;Índia;Janeiro;2026;1
Aérea;Pará;Índia;Janeiro;2026;1
Aérea;Ceará;Índia;Janeiro;2026;5
Aérea;Pernambuco;Índia;Janeiro;2026;2
Aérea;Bahia;Índia;Janeiro;2026;3
Aérea;Minas Gerais;Índia;Janeiro;2026;1
Aérea;Rio de Janeiro;Índia;Janeiro;2026;134
Aérea;São Paulo;Índia;Janeiro;2026;631
Aérea;Paraná;Índia;Janeiro;2026;6
Aérea;Santa Catarina;Índia;Janeiro;2026;3
Aérea;Distrito Federal;Índia;Janeiro;2026;4
Terrestre;Paraná;Índia;Janeiro;2026;4
Terrestre;Paraná;Índia;Janeiro;2026;25
Terrestre;Rio Grande do Sul;Índia;Janeiro;2026;2
Terrestre;Rio Grande do Sul;Índia;Janeiro;2026;1
Marítima;Maranhão;Índia;Janeiro;2026;1
Marítima;Santa Catarina;Índia;Janeiro;2026;12
Marítima;Santa Catarina;Índia;Janeiro;2026;29
Fluvial;Pará;Índia;Janeiro;2026;3
Aérea;São Paulo;Afeganistão;Fevereiro;2026;2
Terrestre;Santa Catarina;Afeganistão;Fevereiro;2026;1
Terrestre;Rio Grande do Sul;Afeganistão;Fevereiro;2026;1
Terrestre;Rio Grande do Sul;Afeganistão;Fevereiro;2026;4
Fluvial;Rio Grande do Sul;Afeganistão;Fevereiro;2026;1
Aérea;Ceará;Albânia;Fevereiro;2026;2
Aérea;Alagoas;Albânia;Fevereiro;2026;1
Aérea;Bahia;Albânia;Fevereiro;2026;3
Aérea;Minas Gerais;Albânia;Fevereiro;2026;1
Aérea;Rio de Janeiro;Albânia;Fevereiro;2026;51
Aérea;São Paulo;Albânia;Fevereiro;2026;65
Aérea;Santa Catarina;Albânia;Fevereiro;2026;1
Aérea;Amazonas;Alemanha;Fevereiro;2026;102
Aérea;Pará;Alemanha;Fevereiro;2026;66
Aérea;Ceará;Alemanha;Fevereiro;2026;474
Aérea;Rio Grande do Norte;Alemanha;Fevereiro;2026;91
Aérea;Paraíba;Alemanha;Fevereiro;2026;1
Aérea;Pernambuco;Alemanha;Fevereiro;2026;738
Aérea;Alagoas;Alemanha;Fevereiro;2026;26
Aérea;Bahia;Alemanha;Fevereiro;2026;4
Aérea;Bahia;Alemanha;Fevereiro;2026;1020
Aérea;Minas Gerais;Alemanha;Fevereiro;2026;492
Aérea;Rio de Janeiro;Alemanha;Fevereiro;2026;7003
Aérea;São Paulo;Alemanha;Fevereiro;2026;512
Aérea;São Paulo;Alemanha;Fevereiro;2026;15908
Aérea;Paraná;Alemanha;Fevereiro;2026;12
Aérea;Paraná;Alemanha;Fevereiro;2026;27
Aérea;Santa Catarina;Alemanha;Fevereiro;2026;540
Aérea;Rio Grande do Sul;Alemanha;Fevereiro;2026;264
Aérea;Distrito Federal;Alemanha;Fevereiro;2026;330
Terrestre;Rondônia;Alemanha;Fevereiro;2026;18
Terrestre;Acre;Alemanha;Fevereiro;2026;13
Terrestre;Amazonas;Alemanha;Fevereiro;2026;32
Terrestre;Roraima;Alemanha;Fevereiro;2026;4
Terrestre;Roraima;Alemanha;Fevereiro;2026;4
Terrestre;Amapá;Alemanha;Fevereiro;2026;4
Terrestre;Paraná;Alemanha;Fevereiro;2026;295
Terrestre;Paraná;Alemanha;Fevereiro;2026;1221
Terrestre;Paraná;Alemanha;Fevereiro;2026;1
Terrestre;Paraná;Alemanha;Fevereiro;2026;2
Terrestre;Santa Catarina;Alemanha;Fevereiro;2026;13
Terrestre;Santa Catarina;Alemanha;Fevereiro;2026;2
Terrestre;Rio Grande do Sul;Alemanha;Fevereiro;2026;66
Terrestre;Rio Grande do Sul;Alemanha;Fevereiro;2026;7
Terrestre;Rio Grande do Sul;Alemanha;Fevereiro;2026;1
Terrestre;Rio Grande do Sul;Alemanha;Fevereiro;2026;1
Terrestre;Rio Grande do Sul;Alemanha;Fevereiro;2026;11
Terrestre;Rio Grande do Sul;Alemanha;Fevereiro;2026;12
Terrestre;Mato Grosso do Sul;Alemanha;Fevereiro;2026;23
Terrestre;Mato Grosso do Sul;Alemanha;Fevereiro;2026;10
Marítima;Ceará;Alemanha;Fevereiro;2026;749
Marítima;Ceará;Alemanha;Fevereiro;2026;18
Marítima;Pernambuco;Alemanha;Fevereiro;2026;9
Marítima;Pernambuco;Alemanha;Fevereiro;2026;17
Marítima;Bahia;Alemanha;Fevereiro;2026;7
Marítima;Rio de Janeiro;Alemanha;Fevereiro;2026;87
Marítima;São Paulo;Alemanha;Fevereiro;2026;24
Marítima;Santa Catarina;Alemanha;Fevereiro;2026;2063
Marítima;Santa Catarina;Alemanha;Fevereiro;2026;2
Marítima;Santa Catarina;Alemanha;Fevereiro;2026;179
Marítima;Rio Grande do Sul;Alemanha;Fevereiro;2026;29
Fluvial;Santa Catarina;Alemanha;Fevereiro;2026;1
Fluvial;Rio Grande do Sul;Alemanha;Fevereiro;2026;5
Aérea;Ceará;Andorra;Fevereiro;2026;1
Aérea;Minas Gerais;Andorra;Fevereiro;2026;1
Aérea;Rio de Janeiro;Andorra;Fevereiro;2026;6
Aérea;São Paulo;Andorra;Fevereiro;2026;5
Aérea;Santa Catarina;Andorra;Fevereiro;2026;1
Terrestre;Paraná;Andorra;Fevereiro;2026;1
Aérea;Amazonas;Angola;Fevereiro;2026;1
Aérea;Ceará;Angola;Fevereiro;2026;1
Aérea;Pernambuco;Angola;Fevereiro;2026;3
Aérea;Minas Gerais;Angola;Fevereiro;2026;2
Aérea;Rio de Janeiro;Angola;Fevereiro;2026;21
Aérea;São Paulo;Angola;Fevereiro;2026;3
Aérea;São Paulo;Angola;Fevereiro;2026;485
Aérea;São Paulo;Angola;Fevereiro;2026;1
Aérea;Santa Catarina;Angola;Fevereiro;2026;2
Aérea;Distrito Federal;Angola;Fevereiro;2026;2
Terrestre;Paraná;Angola;Fevereiro;2026;1
Aérea;Rio de Janeiro;Antilhas Holandesas;Fevereiro;2026;1
Marítima;Rio de Janeiro;Antilhas Holandesas;Fevereiro;2026;1
Aérea;Rio de Janeiro;Antígua e Barbuda;Fevereiro;2026;8
Aérea;São Paulo;Antígua e Barbuda;Fevereiro;2026;9
Aérea;Santa Catarina;Antígua e Barbuda;Fevereiro;2026;1
Aérea;Amazonas;Argentina;Fevereiro;2026;20
Aérea;Roraima;Argentina;Fevereiro;2026;3
Aérea;Pará;Argentina;Fevereiro;2026;16
Aérea;Ceará;Argentina;Fevereiro;2026;1554
Aérea;Rio Grande do Norte;Argentina;Fevereiro;2026;6013
Aérea;Paraíba;Argentina;Fevereiro;2026;249
Aérea;Pernambuco;Argentina;Fevereiro;2026;8005
Aérea;Alagoas;Argentina;Fevereiro;2026;5210
Aérea;Bahia;Argentina;Fevereiro;2026;3802
Aérea;Bahia;Argentina;Fevereiro;2026;9990
Aérea;Minas Gerais;Argentina;Fevereiro;2026;20
Aérea;Rio de Janeiro;Argentina;Fevereiro;2026;3138
Aérea;Rio de Janeiro;Argentina;Fevereiro;2026;96056
Aérea;São Paulo;Argentina;Fevereiro;2026;75
Aérea;São Paulo;Argentina;Fevereiro;2026;44761
Aérea;São Paulo;Argentina;Fevereiro;2026;6
Aérea;São Paulo;Argentina;Fevereiro;2026;1
Aérea;Paraná;Argentina;Fevereiro;2026;32
Aérea;Paraná;Argentina;Fevereiro;2026;528
Aérea;Santa Catarina;Argentina;Fevereiro;2026;63225
Aérea;Santa Catarina;Argentina;Fevereiro;2026;17
Aérea;Rio Grande do Sul;Argentina;Fevereiro;2026;1229
Aérea;Rio Grande do Sul;Argentina;Fevereiro;2026;13
Aérea;Distrito Federal;Argentina;Fevereiro;2026;2825
Terrestre;Amazonas;Argentina;Fevereiro;2026;6
Terrestre;Roraima;Argentina;Fevereiro;2026;4
Terrestre;Amapá;Argentina;Fevereiro;2026;3
Terrestre;Paraná;Argentina;Fevereiro;2026;364
Terrestre;Paraná;Argentina;Fevereiro;2026;6154
Terrestre;Paraná;Argentina;Fevereiro;2026;34119
Terrestre;Paraná;Argentina;Fevereiro;2026;175
Terrestre;Paraná;Argentina;Fevereiro;2026;13
Terrestre;Paraná;Argentina;Fevereiro;2026;373
Terrestre;Santa Catarina;Argentina;Fevereiro;2026;25681
Terrestre;Santa Catarina;Argentina;Fevereiro;2026;14624
Terrestre;Rio Grande do Sul;Argentina;Fevereiro;2026;48
Terrestre;Rio Grande do Sul;Argentina;Fevereiro;2026;21
Terrestre;Rio Grande do Sul;Argentina;Fevereiro;2026;1181
Terrestre;Rio Grande do Sul;Argentina;Fevereiro;2026;1412
Terrestre;Rio Grande do Sul;Argentina;Fevereiro;2026;2046
Terrestre;Rio Grande do Sul;Argentina;Fevereiro;2026;26869
Terrestre;Rio Grande do Sul;Argentina;Fevereiro;2026;67
Terrestre;Rio Grande do Sul;Argentina;Fevereiro;2026;31732
Terrestre;Rio Grande do Sul;Argentina;Fevereiro;2026;115991
Terrestre;Mato Grosso do Sul;Argentina;Fevereiro;2026;26
Terrestre;Mato Grosso do Sul;Argentina;Fevereiro;2026;72
Marítima;Maranhão;Argentina;Fevereiro;2026;49
Marítima;Pernambuco;Argentina;Fevereiro;2026;3
Marítima;Alagoas;Argentina;Fevereiro;2026;14
Marítima;Bahia;Argentina;Fevereiro;2026;44
Marítima;Rio de Janeiro;Argentina;Fevereiro;2026;4
Marítima;Rio de Janeiro;Argentina;Fevereiro;2026;10944
Marítima;São Paulo;Argentina;Fevereiro;2026;2674
Marítima;Santa Catarina;Argentina;Fevereiro;2026;9695
Marítima;Santa Catarina;Argentina;Fevereiro;2026;1
Marítima;Santa Catarina;Argentina;Fevereiro;2026;2620
Marítima;Santa Catarina;Argentina;Fevereiro;2026;2
Marítima;Rio Grande do Sul;Argentina;Fevereiro;2026;8
Fluvial;Santa Catarina;Argentina;Fevereiro;2026;290
Fluvial;Rio Grande do Sul;Argentina;Fevereiro;2026;5594
Fluvial;Rio Grande do Sul;Argentina;Fevereiro;2026;4981
Aérea;Ceará;Argélia;Fevereiro;2026;1
Aérea;Rio de Janeiro;Argélia;Fevereiro;2026;12
Aérea;São Paulo;Argélia;Fevereiro;2026;18
Terrestre;Santa Catarina;Argélia;Fevereiro;2026;2
Terrestre;Rio Grande do Sul;Argélia;Fevereiro;2026;1
Terrestre;Rio Grande do Sul;Argélia;Fevereiro;2026;2
Terrestre;Rio Grande do Sul;Argélia;Fevereiro;2026;2
Aérea;Ceará;Armênia;Fevereiro;2026;1
Aérea;Pernambuco;Armênia;Fevereiro;2026;1
Aérea;Rio de Janeiro;Armênia;Fevereiro;2026;24
Aérea;São Paulo;Armênia;Fevereiro;2026;1
Aérea;São Paulo;Armênia;Fevereiro;2026;117
Aérea;Santa Catarina;Armênia;Fevereiro;2026;4
Aérea;Rio Grande do Sul;Armênia;Fevereiro;2026;1
Terrestre;Paraná;Armênia;Fevereiro;2026;3
Terrestre;Paraná;Armênia;Fevereiro;2026;12
Terrestre;Santa Catarina;Armênia;Fevereiro;2026;3
Terrestre;Rio Grande do Sul;Armênia;Fevereiro;2026;1
Marítima;Rio de Janeiro;Armênia;Fevereiro;2026;2
Marítima;Santa Catarina;Armênia;Fevereiro;2026;1
Aérea;Rio de Janeiro;Arábia Saudita;Fevereiro;2026;11
Aérea;São Paulo;Arábia Saudita;Fevereiro;2026;37
Terrestre;Paraná;Arábia Saudita;Fevereiro;2026;1
Aérea;Amazonas;Austrália;Fevereiro;2026;17
Aérea;Pará;Austrália;Fevereiro;2026;1
Aérea;Ceará;Austrália;Fevereiro;2026;3
Aérea;Pernambuco;Austrália;Fevereiro;2026;6
Aérea;Bahia;Austrália;Fevereiro;2026;18
Aérea;Minas Gerais;Austrália;Fevereiro;2026;17
Aérea;Rio de Janeiro;Austrália;Fevereiro;2026;2968
Aérea;São Paulo;Austrália;Fevereiro;2026;3
Aérea;São Paulo;Austrália;Fevereiro;2026;4790
Aérea;São Paulo;Austrália;Fevereiro;2026;1
Aérea;Paraná;Austrália;Fevereiro;2026;11
Aérea;Paraná;Austrália;Fevereiro;2026;28
Aérea;Santa Catarina;Austrália;Fevereiro;2026;66
Aérea;Rio Grande do Sul;Austrália;Fevereiro;2026;42
Aérea;Distrito Federal;Austrália;Fevereiro;2026;24
Terrestre;Acre;Austrália;Fevereiro;2026;2
Terrestre;Amazonas;Austrália;Fevereiro;2026;5
Terrestre;Roraima;Austrália;Fevereiro;2026;4
Terrestre;Paraná;Austrália;Fevereiro;2026;17
Terrestre;Paraná;Austrália;Fevereiro;2026;657
Terrestre;Rio Grande do Sul;Austrália;Fevereiro;2026;1
Terrestre;Rio Grande do Sul;Austrália;Fevereiro;2026;2
Terrestre;Rio Grande do Sul;Austrália;Fevereiro;2026;99
Terrestre;Mato Grosso do Sul;Austrália;Fevereiro;2026;4
Marítima;Pernambuco;Austrália;Fevereiro;2026;2
Marítima;Pernambuco;Austrália;Fevereiro;2026;7
Marítima;Bahia;Austrália;Fevereiro;2026;4
Marítima;Espírito Santo;Austrália;Fevereiro;2026;1
Marítima;Rio de Janeiro;Austrália;Fevereiro;2026;201
Marítima;São Paulo;Austrália;Fevereiro;2026;3
Marítima;Santa Catarina;Austrália;Fevereiro;2026;6
Marítima;Rio Grande do Sul;Austrália;Fevereiro;2026;19
Aérea;Pará;Azerbaijão;Fevereiro;2026;3
Aérea;Pernambuco;Azerbaijão;Fevereiro;2026;1
Aérea;Rio de Janeiro;Azerbaijão;Fevereiro;2026;7
Aérea;São Paulo;Azerbaijão;Fevereiro;2026;20
Aérea;Rio de Janeiro;Bahamas;Fevereiro;2026;18
Aérea;São Paulo;Bahamas;Fevereiro;2026;1
Aérea;São Paulo;Bahamas;Fevereiro;2026;16
Aérea;Distrito Federal;Bahamas;Fevereiro;2026;1
Aérea;Rio de Janeiro;Bangladesh;Fevereiro;2026;1
Aérea;São Paulo;Bangladesh;Fevereiro;2026;41
Aérea;Santa Catarina;Bangladesh;Fevereiro;2026;1
Aérea;Distrito Federal;Bangladesh;Fevereiro;2026;2
Terrestre;Paraná;Bangladesh;Fevereiro;2026;2
Aérea;Amazonas;Barbados;Fevereiro;2026;1
Aérea;Rio de Janeiro;Barbados;Fevereiro;2026;5
Aérea;São Paulo;Barbados;Fevereiro;2026;6
Terrestre;Roraima;Barbados;Fevereiro;2026;1
Aérea;Rio de Janeiro;Barein;Fevereiro;2026;5
Aérea;São Paulo;Barein;Fevereiro;2026;3
Aérea;Rio de Janeiro;Belize;Fevereiro;2026;12
Aérea;São Paulo;Belize;Fevereiro;2026;11
Aérea;Rio de Janeiro;Benin;Fevereiro;2026;1
Aérea;São Paulo;Benin;Fevereiro;2026;11
Aérea;Amazonas;Bielorússia;Fevereiro;2026;1
Aérea;Ceará;Bielorússia;Fevereiro;2026;3
Aérea;Pernambuco;Bielorússia;Fevereiro;2026;3
Aérea;Bahia;Bielorússia;Fevereiro;2026;2
Aérea;Minas Gerais;Bielorússia;Fevereiro;2026;1
Aérea;Rio de Janeiro;Bielorússia;Fevereiro;2026;52
Aérea;São Paulo;Bielorússia;Fevereiro;2026;3
Aérea;São Paulo;Bielorússia;Fevereiro;2026;89
Aérea;Santa Catarina;Bielorússia;Fevereiro;2026;1
Aérea;Distrito Federal;Bielorússia;Fevereiro;2026;2
Terrestre;Paraná;Bielorússia;Fevereiro;2026;2
Terrestre;Paraná;Bielorússia;Fevereiro;2026;37
Terrestre;Rio Grande do Sul;Bielorússia;Fevereiro;2026;2
Terrestre;Rio Grande do Sul;Bielorússia;Fevereiro;2026;3
Marítima;Pernambuco;Bielorússia;Fevereiro;2026;1
Marítima;Rio de Janeiro;Bielorússia;Fevereiro;2026;1
Marítima;Santa Catarina;Bielorússia;Fevereiro;2026;2
Aérea;Amazonas;Bolívia;Fevereiro;2026;2
Aérea;Roraima;Bolívia;Fevereiro;2026;1
Aérea;Ceará;Bolívia;Fevereiro;2026;3
Aérea;Rio Grande do Norte;Bolívia;Fevereiro;2026;1
Aérea;Paraíba;Bolívia;Fevereiro;2026;1
Aérea;Pernambuco;Bolívia;Fevereiro;2026;4
Aérea;Alagoas;Bolívia;Fevereiro;2026;1
Aérea;Bahia;Bolívia;Fevereiro;2026;2
Aérea;Bahia;Bolívia;Fevereiro;2026;8
Aérea;Minas Gerais;Bolívia;Fevereiro;2026;3
Aérea;Rio de Janeiro;Bolívia;Fevereiro;2026;2
Aérea;Rio de Janeiro;Bolívia;Fevereiro;2026;965
Aérea;São Paulo;Bolívia;Fevereiro;2026;1
Aérea;São Paulo;Bolívia;Fevereiro;2026;4647
Aérea;Paraná;Bolívia;Fevereiro;2026;13
Aérea;Paraná;Bolívia;Fevereiro;2026;1
Aérea;Santa Catarina;Bolívia;Fevereiro;2026;164
Aérea;Rio Grande do Sul;Bolívia;Fevereiro;2026;4
Aérea;Distrito Federal;Bolívia;Fevereiro;2026;6
Terrestre;Rondônia;Bolívia;Fevereiro;2026;372
Terrestre;Rondônia;Bolívia;Fevereiro;2026;7
Terrestre;Acre;Bolívia;Fevereiro;2026;37
Terrestre;Acre;Bolívia;Fevereiro;2026;272
Terrestre;Amazonas;Bolívia;Fevereiro;2026;3
Terrestre;Roraima;Bolívia;Fevereiro;2026;1
Terrestre;Roraima;Bolívia;Fevereiro;2026;2
Terrestre;Amapá;Bolívia;Fevereiro;2026;7
Terrestre;Paraná;Bolívia;Fevereiro;2026;169
Terrestre;Paraná;Bolívia;Fevereiro;2026;163
Terrestre;Santa Catarina;Bolívia;Fevereiro;2026;5
Terrestre;Santa Catarina;Bolívia;Fevereiro;2026;3
Terrestre;Rio Grande do Sul;Bolívia;Fevereiro;2026;1
Terrestre;Rio Grande do Sul;Bolívia;Fevereiro;2026;9
Terrestre;Rio Grande do Sul;Bolívia;Fevereiro;2026;1
Terrestre;Rio Grande do Sul;Bolívia;Fevereiro;2026;38
Terrestre;Rio Grande do Sul;Bolívia;Fevereiro;2026;23
Terrestre;Rio Grande do Sul;Bolívia;Fevereiro;2026;157
Terrestre;Mato Grosso do Sul;Bolívia;Fevereiro;2026;4120
Terrestre;Mato Grosso do Sul;Bolívia;Fevereiro;2026;17
Terrestre;Mato Grosso;Bolívia;Fevereiro;2026;57
Marítima;Rio de Janeiro;Bolívia;Fevereiro;2026;12
Marítima;São Paulo;Bolívia;Fevereiro;2026;10
Marítima;Santa Catarina;Bolívia;Fevereiro;2026;16
Marítima;Santa Catarina;Bolívia;Fevereiro;2026;2
Fluvial;Amapá;Bolívia;Fevereiro;2026;1
Aérea;Rio de Janeiro;Botsuana;Fevereiro;2026;1
Aérea;São Paulo;Botsuana;Fevereiro;2026;7
Terrestre;Roraima;Botsuana;Fevereiro;2026;1
Aérea;Amazonas;Bulgária;Fevereiro;2026;1
Aérea;Pará;Bulgária;Fevereiro;2026;1
Aérea;Ceará;Bulgária;Fevereiro;2026;7
Aérea;Rio Grande do Norte;Bulgária;Fevereiro;2026;3
Aérea;Pernambuco;Bulgária;Fevereiro;2026;2
Aérea;Bahia;Bulgária;Fevereiro;2026;10
Aérea;Minas Gerais;Bulgária;Fevereiro;2026;2
Aérea;Rio de Janeiro;Bulgária;Fevereiro;2026;266
Aérea;São Paulo;Bulgária;Fevereiro;2026;13
Aérea;São Paulo;Bulgária;Fevereiro;2026;301
Aérea;Paraná;Bulgária;Fevereiro;2026;2
Aérea;Santa Catarina;Bulgária;Fevereiro;2026;11
Aérea;Distrito Federal;Bulgária;Fevereiro;2026;3
Terrestre;Amazonas;Bulgária;Fevereiro;2026;1
Terrestre;Paraná;Bulgária;Fevereiro;2026;132
Terrestre;Rio Grande do Sul;Bulgária;Fevereiro;2026;2
Marítima;Bahia;Bulgária;Fevereiro;2026;1
Marítima;Rio de Janeiro;Bulgária;Fevereiro;2026;5
Marítima;Santa Catarina;Bulgária;Fevereiro;2026;26
Aérea;São Paulo;Burkina Faso;Fevereiro;2026;2
Aérea;São Paulo;Burundi;Fevereiro;2026;2
Aérea;Distrito Federal;Butão;Fevereiro;2026;1
Aérea;Amazonas;Bélgica;Fevereiro;2026;13
Aérea;Pará;Bélgica;Fevereiro;2026;13
Aérea;Ceará;Bélgica;Fevereiro;2026;105
Aérea;Rio Grande do Norte;Bélgica;Fevereiro;2026;29
Aérea;Pernambuco;Bélgica;Fevereiro;2026;82
Aérea;Alagoas;Bélgica;Fevereiro;2026;2
Aérea;Bahia;Bélgica;Fevereiro;2026;2
Aérea;Bahia;Bélgica;Fevereiro;2026;121
Aérea;Minas Gerais;Bélgica;Fevereiro;2026;62
Aérea;Rio de Janeiro;Bélgica;Fevereiro;2026;1229
Aérea;São Paulo;Bélgica;Fevereiro;2026;34
Aérea;São Paulo;Bélgica;Fevereiro;2026;1984
Aérea;Paraná;Bélgica;Fevereiro;2026;1
Aérea;Santa Catarina;Bélgica;Fevereiro;2026;62
Aérea;Rio Grande do Sul;Bélgica;Fevereiro;2026;15
Aérea;Distrito Federal;Bélgica;Fevereiro;2026;47
Terrestre;Amazonas;Bélgica;Fevereiro;2026;4
Terrestre;Roraima;Bélgica;Fevereiro;2026;2
Terrestre;Roraima;Bélgica;Fevereiro;2026;3
Terrestre;Amapá;Bélgica;Fevereiro;2026;5
Terrestre;Paraná;Bélgica;Fevereiro;2026;13
Terrestre;Paraná;Bélgica;Fevereiro;2026;212
Terrestre;Santa Catarina;Bélgica;Fevereiro;2026;1
Terrestre;Rio Grande do Sul;Bélgica;Fevereiro;2026;14
Terrestre;Rio Grande do Sul;Bélgica;Fevereiro;2026;2
Terrestre;Mato Grosso do Sul;Bélgica;Fevereiro;2026;2
Terrestre;Mato Grosso do Sul;Bélgica;Fevereiro;2026;2
Marítima;Ceará;Bélgica;Fevereiro;2026;2
Marítima;Paraíba;Bélgica;Fevereiro;2026;2
Marítima;Pernambuco;Bélgica;Fevereiro;2026;3
Marítima;Pernambuco;Bélgica;Fevereiro;2026;2
Marítima;Bahia;Bélgica;Fevereiro;2026;3
Marítima;Rio de Janeiro;Bélgica;Fevereiro;2026;21
Marítima;São Paulo;Bélgica;Fevereiro;2026;1
Marítima;Santa Catarina;Bélgica;Fevereiro;2026;14
Marítima;Rio Grande do Sul;Bélgica;Fevereiro;2026;14
Aérea;Ceará;Bósnia-Herzegovina;Fevereiro;2026;1
Aérea;Rio Grande do Norte;Bósnia-Herzegovina;Fevereiro;2026;1
Aérea;Bahia;Bósnia-Herzegovina;Fevereiro;2026;3
Aérea;Rio de Janeiro;Bósnia-Herzegovina;Fevereiro;2026;24
Aérea;São Paulo;Bósnia-Herzegovina;Fevereiro;2026;1
Aérea;São Paulo;Bósnia-Herzegovina;Fevereiro;2026;24
Terrestre;Paraná;Bósnia-Herzegovina;Fevereiro;2026;3
Aérea;Pará;Cabo Verde;Fevereiro;2026;1
Aérea;Ceará;Cabo Verde;Fevereiro;2026;1
Aérea;Bahia;Cabo Verde;Fevereiro;2026;1
Aérea;Rio de Janeiro;Cabo Verde;Fevereiro;2026;37
Aérea;São Paulo;Cabo Verde;Fevereiro;2026;2
Aérea;São Paulo;Cabo Verde;Fevereiro;2026;26
Aérea;Santa Catarina;Cabo Verde;Fevereiro;2026;3
Aérea;Distrito Federal;Cabo Verde;Fevereiro;2026;5
Aérea;Bahia;Camarões;Fevereiro;2026;2
Aérea;Rio de Janeiro;Camarões;Fevereiro;2026;5
Aérea;São Paulo;Camarões;Fevereiro;2026;48
Aérea;Santa Catarina;Camarões;Fevereiro;2026;1
Aérea;Distrito Federal;Camarões;Fevereiro;2026;1
Terrestre;Amapá;Camarões;Fevereiro;2026;1
Aérea;São Paulo;Camboja;Fevereiro;2026;1
Aérea;Amazonas;Canadá;Fevereiro;2026;60
Aérea;Pará;Canadá;Fevereiro;2026;5
Aérea;Ceará;Canadá;Fevereiro;2026;7
Aérea;Rio Grande do Norte;Canadá;Fevereiro;2026;4
Aérea;Pernambuco;Canadá;Fevereiro;2026;2
Aérea;Bahia;Canadá;Fevereiro;2026;3
Aérea;Bahia;Canadá;Fevereiro;2026;132
Aérea;Minas Gerais;Canadá;Fevereiro;2026;21
Aérea;Rio de Janeiro;Canadá;Fevereiro;2026;1
Aérea;Rio de Janeiro;Canadá;Fevereiro;2026;7018
Aérea;São Paulo;Canadá;Fevereiro;2026;12
Aérea;São Paulo;Canadá;Fevereiro;2026;7337
Aérea;São Paulo;Canadá;Fevereiro;2026;1
Aérea;Paraná;Canadá;Fevereiro;2026;3
Aérea;Paraná;Canadá;Fevereiro;2026;13
Aérea;Santa Catarina;Canadá;Fevereiro;2026;76
Aérea;Rio Grande do Sul;Canadá;Fevereiro;2026;16
Aérea;Distrito Federal;Canadá;Fevereiro;2026;66
Terrestre;Amazonas;Canadá;Fevereiro;2026;9
Terrestre;Roraima;Canadá;Fevereiro;2026;1
Terrestre;Amapá;Canadá;Fevereiro;2026;1
Terrestre;Paraná;Canadá;Fevereiro;2026;77
Terrestre;Paraná;Canadá;Fevereiro;2026;725
Terrestre;Rio Grande do Sul;Canadá;Fevereiro;2026;9
Terrestre;Rio Grande do Sul;Canadá;Fevereiro;2026;2
Terrestre;Mato Grosso do Sul;Canadá;Fevereiro;2026;1
Marítima;Pernambuco;Canadá;Fevereiro;2026;2
Marítima;Pernambuco;Canadá;Fevereiro;2026;2
Marítima;Bahia;Canadá;Fevereiro;2026;5
Marítima;Espírito Santo;Canadá;Fevereiro;2026;1
Marítima;Rio de Janeiro;Canadá;Fevereiro;2026;367
Marítima;São Paulo;Canadá;Fevereiro;2026;27
Marítima;Santa Catarina;Canadá;Fevereiro;2026;35
Marítima;Santa Catarina;Canadá;Fevereiro;2026;6
Marítima;Rio Grande do Sul;Canadá;Fevereiro;2026;37
Fluvial;Rio Grande do Sul;Canadá;Fevereiro;2026;2
Aérea;Pernambuco;Casaquistão;Fevereiro;2026;4
Aérea;Bahia;Casaquistão;Fevereiro;2026;1
Aérea;Rio de Janeiro;Casaquistão;Fevereiro;2026;36
Aérea;São Paulo;Casaquistão;Fevereiro;2026;2
Aérea;São Paulo;Casaquistão;Fevereiro;2026;184
Aérea;Santa Catarina;Casaquistão;Fevereiro;2026;4
Aérea;Distrito Federal;Casaquistão;Fevereiro;2026;1
Terrestre;Paraná;Casaquistão;Fevereiro;2026;43
Marítima;São Paulo;Casaquistão;Fevereiro;2026;21
Marítima;Santa Catarina;Casaquistão;Fevereiro;2026;12
Aérea;São Paulo;Catar;Fevereiro;2026;34
Aérea;Pará;Chile;Fevereiro;2026;3
Aérea;Ceará;Chile;Fevereiro;2026;926
Aérea;Rio Grande do Norte;Chile;Fevereiro;2026;36
Aérea;Pernambuco;Chile;Fevereiro;2026;567
Aérea;Alagoas;Chile;Fevereiro;2026;2
Aérea;Bahia;Chile;Fevereiro;2026;3
Aérea;Bahia;Chile;Fevereiro;2026;1640
Aérea;Minas Gerais;Chile;Fevereiro;2026;264
Aérea;Rio de Janeiro;Chile;Fevereiro;2026;2
Aérea;Rio de Janeiro;Chile;Fevereiro;2026;56053
Aérea;São Paulo;Chile;Fevereiro;2026;98
Aérea;São Paulo;Chile;Fevereiro;2026;23089
Aérea;São Paulo;Chile;Fevereiro;2026;13
Aérea;São Paulo;Chile;Fevereiro;2026;7
Aérea;Paraná;Chile;Fevereiro;2026;1416
Aérea;Paraná;Chile;Fevereiro;2026;393
Aérea;Santa Catarina;Chile;Fevereiro;2026;45914
Aérea;Rio Grande do Sul;Chile;Fevereiro;2026;986
Aérea;Distrito Federal;Chile;Fevereiro;2026;1103
Terrestre;Rondônia;Chile;Fevereiro;2026;1
Terrestre;Acre;Chile;Fevereiro;2026;3
Terrestre;Acre;Chile;Fevereiro;2026;3
Terrestre;Amazonas;Chile;Fevereiro;2026;12
Terrestre;Roraima;Chile;Fevereiro;2026;5
Terrestre;Paraná;Chile;Fevereiro;2026;158
Terrestre;Paraná;Chile;Fevereiro;2026;1306
Terrestre;Paraná;Chile;Fevereiro;2026;1
Terrestre;Paraná;Chile;Fevereiro;2026;1
Terrestre;Santa Catarina;Chile;Fevereiro;2026;12
Terrestre;Santa Catarina;Chile;Fevereiro;2026;17
Terrestre;Rio Grande do Sul;Chile;Fevereiro;2026;120
Terrestre;Rio Grande do Sul;Chile;Fevereiro;2026;38
Terrestre;Rio Grande do Sul;Chile;Fevereiro;2026;4
Terrestre;Rio Grande do Sul;Chile;Fevereiro;2026;37
Terrestre;Rio Grande do Sul;Chile;Fevereiro;2026;32
Terrestre;Rio Grande do Sul;Chile;Fevereiro;2026;311
Terrestre;Mato Grosso do Sul;Chile;Fevereiro;2026;29
Terrestre;Mato Grosso do Sul;Chile;Fevereiro;2026;6
Marítima;Maranhão;Chile;Fevereiro;2026;7
Marítima;Bahia;Chile;Fevereiro;2026;11
Marítima;Rio de Janeiro;Chile;Fevereiro;2026;326
Marítima;São Paulo;Chile;Fevereiro;2026;368
Marítima;Santa Catarina;Chile;Fevereiro;2026;405
Marítima;Santa Catarina;Chile;Fevereiro;2026;349
Marítima;Rio Grande do Sul;Chile;Fevereiro;2026;1
Fluvial;Santa Catarina;Chile;Fevereiro;2026;2
Fluvial;Rio Grande do Sul;Chile;Fevereiro;2026;4
Aérea;Amazonas;China;Fevereiro;2026;23
Aérea;Pará;China;Fevereiro;2026;9
Aérea;Ceará;China;Fevereiro;2026;23
Aérea;Rio Grande do Norte;China;Fevereiro;2026;2
Aérea;Pernambuco;China;Fevereiro;2026;1
Aérea;Bahia;China;Fevereiro;2026;22
Aérea;Minas Gerais;China;Fevereiro;2026;9
Aérea;Rio de Janeiro;China;Fevereiro;2026;1
Aérea;Rio de Janeiro;China;Fevereiro;2026;761
Aérea;São Paulo;China;Fevereiro;2026;8
Aérea;São Paulo;China;Fevereiro;2026;4893
Aérea;São Paulo;China;Fevereiro;2026;2
Aérea;Paraná;China;Fevereiro;2026;17
Aérea;Paraná;China;Fevereiro;2026;6
Aérea;Santa Catarina;China;Fevereiro;2026;11
Aérea;Rio Grande do Sul;China;Fevereiro;2026;17
Aérea;Distrito Federal;China;Fevereiro;2026;6
Terrestre;Acre;China;Fevereiro;2026;2
Terrestre;Amazonas;China;Fevereiro;2026;1
Terrestre;Roraima;China;Fevereiro;2026;1
Terrestre;Roraima;China;Fevereiro;2026;2
Terrestre;Amapá;China;Fevereiro;2026;1
Terrestre;Paraná;China;Fevereiro;2026;36
Terrestre;Paraná;China;Fevereiro;2026;667
Terrestre;Rio Grande do Sul;China;Fevereiro;2026;1
Terrestre;Rio Grande do Sul;China;Fevereiro;2026;2
Terrestre;Rio Grande do Sul;China;Fevereiro;2026;1
Terrestre;Mato Grosso do Sul;China;Fevereiro;2026;6
Terrestre;Mato Grosso do Sul;China;Fevereiro;2026;2
Marítima;Rio de Janeiro;China;Fevereiro;2026;20
Marítima;São Paulo;China;Fevereiro;2026;93
Marítima;Santa Catarina;China;Fevereiro;2026;6
Marítima;Santa Catarina;China;Fevereiro;2026;9
Marítima;Santa Catarina;China;Fevereiro;2026;1
Fluvial;Pará;China;Fevereiro;2026;2
Aérea;Minas Gerais;China, Hong Kong;Fevereiro;2026;1
Aérea;Rio de Janeiro;China, Hong Kong;Fevereiro;2026;286
Aérea;São Paulo;China, Hong Kong;Fevereiro;2026;1
Aérea;São Paulo;China, Hong Kong;Fevereiro;2026;420
Aérea;Paraná;China, Hong Kong;Fevereiro;2026;3
Aérea;Santa Catarina;China, Hong Kong;Fevereiro;2026;1
Aérea;Rio Grande do Sul;China, Hong Kong;Fevereiro;2026;1
Aérea;Distrito Federal;China, Hong Kong;Fevereiro;2026;2
Terrestre;Amazonas;China, Hong Kong;Fevereiro;2026;1
Terrestre;Paraná;China, Hong Kong;Fevereiro;2026;1
Terrestre;Paraná;China, Hong Kong;Fevereiro;2026;225
Terrestre;Rio Grande do Sul;China, Hong Kong;Fevereiro;2026;2
Terrestre;Mato Grosso do Sul;China, Hong Kong;Fevereiro;2026;1
Marítima;Rio de Janeiro;China, Hong Kong;Fevereiro;2026;10
Aérea;Rio de Janeiro;China, Macao;Fevereiro;2026;5
Aérea;São Paulo;China, Macao;Fevereiro;2026;14
Terrestre;Paraná;China, Macao;Fevereiro;2026;4
Aérea;Amazonas;Chipre;Fevereiro;2026;1
Aérea;Ceará;Chipre;Fevereiro;2026;2
Aérea;Pernambuco;Chipre;Fevereiro;2026;1
Aérea;Rio de Janeiro;Chipre;Fevereiro;2026;38
Aérea;São Paulo;Chipre;Fevereiro;2026;2
Aérea;São Paulo;Chipre;Fevereiro;2026;39
Aérea;Santa Catarina;Chipre;Fevereiro;2026;3
Aérea;Distrito Federal;Chipre;Fevereiro;2026;1
Terrestre;Paraná;Chipre;Fevereiro;2026;8
Aérea;Bahia;Cingapura;Fevereiro;2026;5
Aérea;Rio de Janeiro;Cingapura;Fevereiro;2026;96
Aérea;São Paulo;Cingapura;Fevereiro;2026;1
Aérea;São Paulo;Cingapura;Fevereiro;2026;167
Terrestre;Paraná;Cingapura;Fevereiro;2026;1
Terrestre;Paraná;Cingapura;Fevereiro;2026;72
Marítima;São Paulo;Cingapura;Fevereiro;2026;53
Aérea;Amazonas;Colômbia;Fevereiro;2026;278
Aérea;Pará;Colômbia;Fevereiro;2026;233
Aérea;Ceará;Colômbia;Fevereiro;2026;6
Aérea;Rio Grande do Norte;Colômbia;Fevereiro;2026;4
Aérea;Pernambuco;Colômbia;Fevereiro;2026;12
Aérea;Alagoas;Colômbia;Fevereiro;2026;2
Aérea;Bahia;Colômbia;Fevereiro;2026;2
Aérea;Bahia;Colômbia;Fevereiro;2026;93
Aérea;Minas Gerais;Colômbia;Fevereiro;2026;199
Aérea;Rio de Janeiro;Colômbia;Fevereiro;2026;4221
Aérea;São Paulo;Colômbia;Fevereiro;2026;26
Aérea;São Paulo;Colômbia;Fevereiro;2026;6932
Aérea;São Paulo;Colômbia;Fevereiro;2026;1
Aérea;Paraná;Colômbia;Fevereiro;2026;19
Aérea;Paraná;Colômbia;Fevereiro;2026;82
Aérea;Santa Catarina;Colômbia;Fevereiro;2026;422
Aérea;Rio Grande do Sul;Colômbia;Fevereiro;2026;116
Aérea;Distrito Federal;Colômbia;Fevereiro;2026;572
Terrestre;Rondônia;Colômbia;Fevereiro;2026;4
Terrestre;Acre;Colômbia;Fevereiro;2026;8
Terrestre;Acre;Colômbia;Fevereiro;2026;1
Terrestre;Amazonas;Colômbia;Fevereiro;2026;279
Terrestre;Roraima;Colômbia;Fevereiro;2026;4
Terrestre;Roraima;Colômbia;Fevereiro;2026;27
Terrestre;Amapá;Colômbia;Fevereiro;2026;3
Terrestre;Paraná;Colômbia;Fevereiro;2026;130
Terrestre;Paraná;Colômbia;Fevereiro;2026;404
Terrestre;Paraná;Colômbia;Fevereiro;2026;1
Terrestre;Santa Catarina;Colômbia;Fevereiro;2026;23
Terrestre;Santa Catarina;Colômbia;Fevereiro;2026;8
Terrestre;Rio Grande do Sul;Colômbia;Fevereiro;2026;39
Terrestre;Rio Grande do Sul;Colômbia;Fevereiro;2026;11
Terrestre;Rio Grande do Sul;Colômbia;Fevereiro;2026;2
Terrestre;Rio Grande do Sul;Colômbia;Fevereiro;2026;20
Terrestre;Rio Grande do Sul;Colômbia;Fevereiro;2026;35
Terrestre;Rio Grande do Sul;Colômbia;Fevereiro;2026;65
Terrestre;Mato Grosso do Sul;Colômbia;Fevereiro;2026;37
Terrestre;Mato Grosso do Sul;Colômbia;Fevereiro;2026;6
Marítima;Rio de Janeiro;Colômbia;Fevereiro;2026;28
Marítima;São Paulo;Colômbia;Fevereiro;2026;22
Marítima;Santa Catarina;Colômbia;Fevereiro;2026;58
Marítima;Santa Catarina;Colômbia;Fevereiro;2026;13
Marítima;Rio Grande do Sul;Colômbia;Fevereiro;2026;2
Fluvial;Amapá;Colômbia;Fevereiro;2026;5
Fluvial;Rio Grande do Sul;Colômbia;Fevereiro;2026;3
Fluvial;Rio Grande do Sul;Colômbia;Fevereiro;2026;2
Aérea;São Paulo;Comores;Fevereiro;2026;1
Aérea;Ceará;Congo;Fevereiro;2026;1
Aérea;Rio de Janeiro;Congo;Fevereiro;2026;2
Aérea;São Paulo;Congo;Fevereiro;2026;134
Terrestre;Amapá;Congo;Fevereiro;2026;1
Aérea;Amazonas;Costa Rica;Fevereiro;2026;3
Aérea;Pará;Costa Rica;Fevereiro;2026;1
Aérea;Ceará;Costa Rica;Fevereiro;2026;1
Aérea;Bahia;Costa Rica;Fevereiro;2026;19
Aérea;Minas Gerais;Costa Rica;Fevereiro;2026;9
Aérea;Rio de Janeiro;Costa Rica;Fevereiro;2026;555
Aérea;São Paulo;Costa Rica;Fevereiro;2026;1
Aérea;São Paulo;Costa Rica;Fevereiro;2026;829
Aérea;Paraná;Costa Rica;Fevereiro;2026;5
Aérea;Santa Catarina;Costa Rica;Fevereiro;2026;17
Aérea;Rio Grande do Sul;Costa Rica;Fevereiro;2026;21
Aérea;Distrito Federal;Costa Rica;Fevereiro;2026;29
Terrestre;Roraima;Costa Rica;Fevereiro;2026;1
Terrestre;Paraná;Costa Rica;Fevereiro;2026;17
Terrestre;Paraná;Costa Rica;Fevereiro;2026;53
Terrestre;Mato Grosso do Sul;Costa Rica;Fevereiro;2026;2
Marítima;Rio de Janeiro;Costa Rica;Fevereiro;2026;1
Marítima;Santa Catarina;Costa Rica;Fevereiro;2026;6
Marítima;Santa Catarina;Costa Rica;Fevereiro;2026;1
Marítima;Rio Grande do Sul;Costa Rica;Fevereiro;2026;2
Aérea;Rio de Janeiro;Costa do Marfim;Fevereiro;2026;11
Aérea;São Paulo;Costa do Marfim;Fevereiro;2026;12
Aérea;Santa Catarina;Costa do Marfim;Fevereiro;2026;1
Aérea;Amazonas;Croácia;Fevereiro;2026;7
Aérea;Pará;Croácia;Fevereiro;2026;4
Aérea;Ceará;Croácia;Fevereiro;2026;3
Aérea;Rio Grande do Norte;Croácia;Fevereiro;2026;1
Aérea;Pernambuco;Croácia;Fevereiro;2026;11
Aérea;Bahia;Croácia;Fevereiro;2026;5
Aérea;Rio de Janeiro;Croácia;Fevereiro;2026;164
Aérea;São Paulo;Croácia;Fevereiro;2026;7
Aérea;São Paulo;Croácia;Fevereiro;2026;738
Aérea;Santa Catarina;Croácia;Fevereiro;2026;3
Aérea;Rio Grande do Sul;Croácia;Fevereiro;2026;1
Aérea;Distrito Federal;Croácia;Fevereiro;2026;3
Terrestre;Paraná;Croácia;Fevereiro;2026;5
Terrestre;Paraná;Croácia;Fevereiro;2026;16
Terrestre;Mato Grosso do Sul;Croácia;Fevereiro;2026;1
Marítima;Ceará;Croácia;Fevereiro;2026;1
Marítima;Rio de Janeiro;Croácia;Fevereiro;2026;3
Marítima;São Paulo;Croácia;Fevereiro;2026;3
Marítima;Santa Catarina;Croácia;Fevereiro;2026;1
Aérea;Amazonas;Cuba;Fevereiro;2026;7
Aérea;Pará;Cuba;Fevereiro;2026;9
Aérea;Paraíba;Cuba;Fevereiro;2026;1
Aérea;Pernambuco;Cuba;Fevereiro;2026;1
Aérea;Bahia;Cuba;Fevereiro;2026;6
Aérea;Minas Gerais;Cuba;Fevereiro;2026;10
Aérea;Rio de Janeiro;Cuba;Fevereiro;2026;66
Aérea;São Paulo;Cuba;Fevereiro;2026;141
Aérea;Paraná;Cuba;Fevereiro;2026;3
Aérea;Santa Catarina;Cuba;Fevereiro;2026;31
Aérea;Rio Grande do Sul;Cuba;Fevereiro;2026;23
Aérea;Distrito Federal;Cuba;Fevereiro;2026;44
Terrestre;Paraná;Cuba;Fevereiro;2026;7
Terrestre;Rio Grande do Sul;Cuba;Fevereiro;2026;11
Terrestre;Rio Grande do Sul;Cuba;Fevereiro;2026;21
Terrestre;Rio Grande do Sul;Cuba;Fevereiro;2026;11
Terrestre;Rio Grande do Sul;Cuba;Fevereiro;2026;2
Marítima;Rio de Janeiro;Cuba;Fevereiro;2026;3
Marítima;Santa Catarina;Cuba;Fevereiro;2026;1
Aérea;Amazonas;Dinamarca;Fevereiro;2026;37
Aérea;Pará;Dinamarca;Fevereiro;2026;4
Aérea;Ceará;Dinamarca;Fevereiro;2026;39
Aérea;Rio Grande do Norte;Dinamarca;Fevereiro;2026;6
Aérea;Pernambuco;Dinamarca;Fevereiro;2026;36
Aérea;Bahia;Dinamarca;Fevereiro;2026;57
Aérea;Minas Gerais;Dinamarca;Fevereiro;2026;10
Aérea;Rio de Janeiro;Dinamarca;Fevereiro;2026;874
Aérea;São Paulo;Dinamarca;Fevereiro;2026;52
Aérea;São Paulo;Dinamarca;Fevereiro;2026;812
Aérea;Paraná;Dinamarca;Fevereiro;2026;5
Aérea;Santa Catarina;Dinamarca;Fevereiro;2026;46
Aérea;Rio Grande do Sul;Dinamarca;Fevereiro;2026;5
Aérea;Distrito Federal;Dinamarca;Fevereiro;2026;28
Terrestre;Amazonas;Dinamarca;Fevereiro;2026;3
Terrestre;Paraná;Dinamarca;Fevereiro;2026;13
Terrestre;Paraná;Dinamarca;Fevereiro;2026;220
Terrestre;Rio Grande do Sul;Dinamarca;Fevereiro;2026;5
Terrestre;Rio Grande do Sul;Dinamarca;Fevereiro;2026;3
Terrestre;Mato Grosso do Sul;Dinamarca;Fevereiro;2026;2
Marítima;Ceará;Dinamarca;Fevereiro;2026;2
Marítima;Pernambuco;Dinamarca;Fevereiro;2026;1
Marítima;Bahia;Dinamarca;Fevereiro;2026;1
Marítima;São Paulo;Dinamarca;Fevereiro;2026;2
Marítima;Santa Catarina;Dinamarca;Fevereiro;2026;3
Marítima;Santa Catarina;Dinamarca;Fevereiro;2026;1
Aérea;Rio de Janeiro;Dominica;Fevereiro;2026;3
Aérea;São Paulo;Dominica;Fevereiro;2026;9
Terrestre;Roraima;Dominica;Fevereiro;2026;1
Marítima;Rio de Janeiro;Dominica;Fevereiro;2026;1
Aérea;Amazonas;Egito;Fevereiro;2026;1
Aérea;Pará;Egito;Fevereiro;2026;2
Aérea;Pernambuco;Egito;Fevereiro;2026;1
Aérea;Bahia;Egito;Fevereiro;2026;2
Aérea;Rio de Janeiro;Egito;Fevereiro;2026;61
Aérea;São Paulo;Egito;Fevereiro;2026;120
Aérea;Distrito Federal;Egito;Fevereiro;2026;1
Terrestre;Roraima;Egito;Fevereiro;2026;2
Terrestre;Rio Grande do Sul;Egito;Fevereiro;2026;2
Marítima;Rio de Janeiro;Egito;Fevereiro;2026;33
Aérea;Amazonas;El Salvador;Fevereiro;2026;1
Aérea;Pará;El Salvador;Fevereiro;2026;2
Aérea;Bahia;El Salvador;Fevereiro;2026;5
Aérea;Minas Gerais;El Salvador;Fevereiro;2026;2
Aérea;Rio de Janeiro;El Salvador;Fevereiro;2026;107
Aérea;São Paulo;El Salvador;Fevereiro;2026;1
Aérea;São Paulo;El Salvador;Fevereiro;2026;616
Aérea;Santa Catarina;El Salvador;Fevereiro;2026;5
Aérea;Rio Grande do Sul;El Salvador;Fevereiro;2026;3
Aérea;Distrito Federal;El Salvador;Fevereiro;2026;10
Terrestre;Paraná;El Salvador;Fevereiro;2026;7
Terrestre;Paraná;El Salvador;Fevereiro;2026;5
Terrestre;Rio Grande do Sul;El Salvador;Fevereiro;2026;1
Marítima;Rio de Janeiro;El Salvador;Fevereiro;2026;1
Marítima;Santa Catarina;El Salvador;Fevereiro;2026;1
Fluvial;Amazonas;El Salvador;Fevereiro;2026;1
Aérea;Pernambuco;Emirados Árabes Unidos;Fevereiro;2026;1
Aérea;Rio de Janeiro;Emirados Árabes Unidos;Fevereiro;2026;51
Aérea;São Paulo;Emirados Árabes Unidos;Fevereiro;2026;104
Aérea;Distrito Federal;Emirados Árabes Unidos;Fevereiro;2026;13
Aérea;Amazonas;Equador;Fevereiro;2026;21
Aérea;Pará;Equador;Fevereiro;2026;12
Aérea;Ceará;Equador;Fevereiro;2026;4
Aérea;Rio Grande do Norte;Equador;Fevereiro;2026;2
Aérea;Pernambuco;Equador;Fevereiro;2026;3
Aérea;Bahia;Equador;Fevereiro;2026;1
Aérea;Bahia;Equador;Fevereiro;2026;9
Aérea;Minas Gerais;Equador;Fevereiro;2026;29
Aérea;Rio de Janeiro;Equador;Fevereiro;2026;1559
Aérea;São Paulo;Equador;Fevereiro;2026;8
Aérea;São Paulo;Equador;Fevereiro;2026;2720
Aérea;São Paulo;Equador;Fevereiro;2026;3
Aérea;Paraná;Equador;Fevereiro;2026;5
Aérea;Paraná;Equador;Fevereiro;2026;72
Aérea;Santa Catarina;Equador;Fevereiro;2026;120
Aérea;Rio Grande do Sul;Equador;Fevereiro;2026;188
Aérea;Distrito Federal;Equador;Fevereiro;2026;290
Terrestre;Acre;Equador;Fevereiro;2026;9
Terrestre;Amazonas;Equador;Fevereiro;2026;1
Terrestre;Roraima;Equador;Fevereiro;2026;3
Terrestre;Paraná;Equador;Fevereiro;2026;38
Terrestre;Paraná;Equador;Fevereiro;2026;171
Terrestre;Rio Grande do Sul;Equador;Fevereiro;2026;14
Terrestre;Rio Grande do Sul;Equador;Fevereiro;2026;2
Terrestre;Rio Grande do Sul;Equador;Fevereiro;2026;4
Terrestre;Rio Grande do Sul;Equador;Fevereiro;2026;2
Terrestre;Rio Grande do Sul;Equador;Fevereiro;2026;3
Terrestre;Rio Grande do Sul;Equador;Fevereiro;2026;10
Terrestre;Mato Grosso do Sul;Equador;Fevereiro;2026;53
Terrestre;Mato Grosso do Sul;Equador;Fevereiro;2026;6
Marítima;Rio de Janeiro;Equador;Fevereiro;2026;44
Marítima;São Paulo;Equador;Fevereiro;2026;19
Marítima;Santa Catarina;Equador;Fevereiro;2026;5
Marítima;Santa Catarina;Equador;Fevereiro;2026;27
Fluvial;Santa Catarina;Equador;Fevereiro;2026;1
Fluvial;Rio Grande do Sul;Equador;Fevereiro;2026;1
Aérea;São Paulo;Eritréia;Fevereiro;2026;1
Aérea;Amazonas;Eslováquia;Fevereiro;2026;7
Aérea;Ceará;Eslováquia;Fevereiro;2026;3
Aérea;Rio Grande do Norte;Eslováquia;Fevereiro;2026;7
Aérea;Pernambuco;Eslováquia;Fevereiro;2026;7
Aérea;Bahia;Eslováquia;Fevereiro;2026;11
Aérea;Minas Gerais;Eslováquia;Fevereiro;2026;2
Aérea;Rio de Janeiro;Eslováquia;Fevereiro;2026;206
Aérea;São Paulo;Eslováquia;Fevereiro;2026;7
Aérea;São Paulo;Eslováquia;Fevereiro;2026;211
Aérea;Paraná;Eslováquia;Fevereiro;2026;1
Aérea;Santa Catarina;Eslováquia;Fevereiro;2026;3
Aérea;Distrito Federal;Eslováquia;Fevereiro;2026;1
Terrestre;Amazonas;Eslováquia;Fevereiro;2026;2
Terrestre;Roraima;Eslováquia;Fevereiro;2026;1
Terrestre;Paraná;Eslováquia;Fevereiro;2026;4
Terrestre;Paraná;Eslováquia;Fevereiro;2026;213
Terrestre;Rio Grande do Sul;Eslováquia;Fevereiro;2026;1
Marítima;Santa Catarina;Eslováquia;Fevereiro;2026;3
Aérea;Amazonas;Eslovênia;Fevereiro;2026;1
Aérea;Ceará;Eslovênia;Fevereiro;2026;9
Aérea;Rio Grande do Norte;Eslovênia;Fevereiro;2026;1
Aérea;Pernambuco;Eslovênia;Fevereiro;2026;1
Aérea;Alagoas;Eslovênia;Fevereiro;2026;9
Aérea;Bahia;Eslovênia;Fevereiro;2026;8
Aérea;Rio de Janeiro;Eslovênia;Fevereiro;2026;66
Aérea;São Paulo;Eslovênia;Fevereiro;2026;5
Aérea;São Paulo;Eslovênia;Fevereiro;2026;171
Aérea;Santa Catarina;Eslovênia;Fevereiro;2026;1
Terrestre;Paraná;Eslovênia;Fevereiro;2026;4
Terrestre;Paraná;Eslovênia;Fevereiro;2026;88
Terrestre;Rio Grande do Sul;Eslovênia;Fevereiro;2026;1
Marítima;Rio de Janeiro;Eslovênia;Fevereiro;2026;7
Marítima;São Paulo;Eslovênia;Fevereiro;2026;2
Aérea;Amazonas;Espanha;Fevereiro;2026;58
Aérea;Pará;Espanha;Fevereiro;2026;30
Aérea;Ceará;Espanha;Fevereiro;2026;383
Aérea;Rio Grande do Norte;Espanha;Fevereiro;2026;165
Aérea;Paraíba;Espanha;Fevereiro;2026;2
Aérea;Pernambuco;Espanha;Fevereiro;2026;777
Aérea;Alagoas;Espanha;Fevereiro;2026;9
Aérea;Bahia;Espanha;Fevereiro;2026;5
Aérea;Bahia;Espanha;Fevereiro;2026;616
Aérea;Minas Gerais;Espanha;Fevereiro;2026;71
Aérea;Rio de Janeiro;Espanha;Fevereiro;2026;7
Aérea;Rio de Janeiro;Espanha;Fevereiro;2026;3356
Aérea;São Paulo;Espanha;Fevereiro;2026;556
Aérea;São Paulo;Espanha;Fevereiro;2026;8438
Aérea;São Paulo;Espanha;Fevereiro;2026;1
Aérea;Paraná;Espanha;Fevereiro;2026;16
Aérea;Paraná;Espanha;Fevereiro;2026;16
Aérea;Santa Catarina;Espanha;Fevereiro;2026;196
Aérea;Rio Grande do Sul;Espanha;Fevereiro;2026;49
Aérea;Distrito Federal;Espanha;Fevereiro;2026;188
Terrestre;Acre;Espanha;Fevereiro;2026;3
Terrestre;Amazonas;Espanha;Fevereiro;2026;14
Terrestre;Roraima;Espanha;Fevereiro;2026;2
Terrestre;Roraima;Espanha;Fevereiro;2026;4
Terrestre;Amapá;Espanha;Fevereiro;2026;7
Terrestre;Paraná;Espanha;Fevereiro;2026;245
Terrestre;Paraná;Espanha;Fevereiro;2026;1191
Terrestre;Paraná;Espanha;Fevereiro;2026;3
Terrestre;Paraná;Espanha;Fevereiro;2026;1
Terrestre;Santa Catarina;Espanha;Fevereiro;2026;3
Terrestre;Santa Catarina;Espanha;Fevereiro;2026;3
Terrestre;Rio Grande do Sul;Espanha;Fevereiro;2026;3
Terrestre;Rio Grande do Sul;Espanha;Fevereiro;2026;29
Terrestre;Rio Grande do Sul;Espanha;Fevereiro;2026;18
Terrestre;Rio Grande do Sul;Espanha;Fevereiro;2026;1
Terrestre;Rio Grande do Sul;Espanha;Fevereiro;2026;5
Terrestre;Rio Grande do Sul;Espanha;Fevereiro;2026;7
Terrestre;Rio Grande do Sul;Espanha;Fevereiro;2026;21
Terrestre;Mato Grosso do Sul;Espanha;Fevereiro;2026;17
Terrestre;Mato Grosso do Sul;Espanha;Fevereiro;2026;1
Marítima;Ceará;Espanha;Fevereiro;2026;1
Marítima;Paraíba;Espanha;Fevereiro;2026;3
Marítima;Pernambuco;Espanha;Fevereiro;2026;1
Marítima;Pernambuco;Espanha;Fevereiro;2026;5
Marítima;Bahia;Espanha;Fevereiro;2026;2
Marítima;Rio de Janeiro;Espanha;Fevereiro;2026;67
Marítima;São Paulo;Espanha;Fevereiro;2026;14
Marítima;Santa Catarina;Espanha;Fevereiro;2026;21
Marítima;Santa Catarina;Espanha;Fevereiro;2026;19
Fluvial;Amapá;Espanha;Fevereiro;2026;2
Fluvial;Rio Grande do Sul;Espanha;Fevereiro;2026;7
Aérea;Amazonas;Estados Unidos;Fevereiro;2026;697
Aérea;Roraima;Estados Unidos;Fevereiro;2026;1
Aérea;Pará;Estados Unidos;Fevereiro;2026;213
Aérea;Ceará;Estados Unidos;Fevereiro;2026;198
Aérea;Rio Grande do Norte;Estados Unidos;Fevereiro;2026;6
Aérea;Pernambuco;Estados Unidos;Fevereiro;2026;98
Aérea;Bahia;Estados Unidos;Fevereiro;2026;1
Aérea;Bahia;Estados Unidos;Fevereiro;2026;506
Aérea;Minas Gerais;Estados Unidos;Fevereiro;2026;634
Aérea;Rio de Janeiro;Estados Unidos;Fevereiro;2026;1
Aérea;Rio de Janeiro;Estados Unidos;Fevereiro;2026;27953
Aérea;São Paulo;Estados Unidos;Fevereiro;2026;1174
Aérea;São Paulo;Estados Unidos;Fevereiro;2026;41620
Aérea;São Paulo;Estados Unidos;Fevereiro;2026;2
Aérea;Paraná;Estados Unidos;Fevereiro;2026;66
Aérea;Paraná;Estados Unidos;Fevereiro;2026;53
Aérea;Santa Catarina;Estados Unidos;Fevereiro;2026;372
Aérea;Santa Catarina;Estados Unidos;Fevereiro;2026;2
Aérea;Rio Grande do Sul;Estados Unidos;Fevereiro;2026;546
Aérea;Mato Grosso;Estados Unidos;Fevereiro;2026;4
Aérea;Distrito Federal;Estados Unidos;Fevereiro;2026;1873
Terrestre;Rondônia;Estados Unidos;Fevereiro;2026;1
Terrestre;Acre;Estados Unidos;Fevereiro;2026;1
Terrestre;Acre;Estados Unidos;Fevereiro;2026;1
Terrestre;Amazonas;Estados Unidos;Fevereiro;2026;27
Terrestre;Roraima;Estados Unidos;Fevereiro;2026;4
Terrestre;Roraima;Estados Unidos;Fevereiro;2026;1
Terrestre;Amapá;Estados Unidos;Fevereiro;2026;4
Terrestre;Paraná;Estados Unidos;Fevereiro;2026;148
Terrestre;Paraná;Estados Unidos;Fevereiro;2026;3077
Terrestre;Santa Catarina;Estados Unidos;Fevereiro;2026;3
Terrestre;Santa Catarina;Estados Unidos;Fevereiro;2026;2
Terrestre;Rio Grande do Sul;Estados Unidos;Fevereiro;2026;2
Terrestre;Rio Grande do Sul;Estados Unidos;Fevereiro;2026;12
Terrestre;Rio Grande do Sul;Estados Unidos;Fevereiro;2026;9
Terrestre;Rio Grande do Sul;Estados Unidos;Fevereiro;2026;4
Terrestre;Rio Grande do Sul;Estados Unidos;Fevereiro;2026;1
Terrestre;Rio Grande do Sul;Estados Unidos;Fevereiro;2026;17
Terrestre;Mato Grosso do Sul;Estados Unidos;Fevereiro;2026;1
Terrestre;Mato Grosso do Sul;Estados Unidos;Fevereiro;2026;3
Marítima;Ceará;Estados Unidos;Fevereiro;2026;1
Marítima;Rio Grande do Norte;Estados Unidos;Fevereiro;2026;5
Marítima;Paraíba;Estados Unidos;Fevereiro;2026;1
Marítima;Pernambuco;Estados Unidos;Fevereiro;2026;18
Marítima;Pernambuco;Estados Unidos;Fevereiro;2026;30
Marítima;Bahia;Estados Unidos;Fevereiro;2026;5
Marítima;Espírito Santo;Estados Unidos;Fevereiro;2026;1
Marítima;Rio de Janeiro;Estados Unidos;Fevereiro;2026;1
Marítima;Rio de Janeiro;Estados Unidos;Fevereiro;2026;838
Marítima;São Paulo;Estados Unidos;Fevereiro;2026;109
Marítima;Santa Catarina;Estados Unidos;Fevereiro;2026;135
Marítima;Santa Catarina;Estados Unidos;Fevereiro;2026;9
Marítima;Santa Catarina;Estados Unidos;Fevereiro;2026;2
Marítima;Rio Grande do Sul;Estados Unidos;Fevereiro;2026;275
Fluvial;Amapá;Estados Unidos;Fevereiro;2026;6
Fluvial;Rio Grande do Sul;Estados Unidos;Fevereiro;2026;3
Fluvial;Rio Grande do Sul;Estados Unidos;Fevereiro;2026;1
Aérea;Ceará;Estônia;Fevereiro;2026;2
Aérea;Pernambuco;Estônia;Fevereiro;2026;2
Aérea;Bahia;Estônia;Fevereiro;2026;3
Aérea;Rio de Janeiro;Estônia;Fevereiro;2026;57
Aérea;São Paulo;Estônia;Fevereiro;2026;189
Aérea;Santa Catarina;Estônia;Fevereiro;2026;2
Aérea;Distrito Federal;Estônia;Fevereiro;2026;1
Terrestre;Paraná;Estônia;Fevereiro;2026;3
Terrestre;Paraná;Estônia;Fevereiro;2026;24
Terrestre;Rio Grande do Sul;Estônia;Fevereiro;2026;1
Terrestre;Mato Grosso do Sul;Estônia;Fevereiro;2026;2
Terrestre;Mato Grosso do Sul;Estônia;Fevereiro;2026;4
Marítima;Rio de Janeiro;Estônia;Fevereiro;2026;1
Marítima;São Paulo;Estônia;Fevereiro;2026;4
Aérea;Bahia;Etiópia;Fevereiro;2026;1
Aérea;Rio de Janeiro;Etiópia;Fevereiro;2026;2
Aérea;São Paulo;Etiópia;Fevereiro;2026;37
Terrestre;Amazonas;Etiópia;Fevereiro;2026;2
Marítima;Rio de Janeiro;Etiópia;Fevereiro;2026;2
Marítima;Santa Catarina;Etiópia;Fevereiro;2026;3
Aérea;Rio de Janeiro;Fiji;Fevereiro;2026;4
Aérea;São Paulo;Fiji;Fevereiro;2026;2
Aérea;Amazonas;Filipinas;Fevereiro;2026;5
Aérea;Pará;Filipinas;Fevereiro;2026;1
Aérea;Ceará;Filipinas;Fevereiro;2026;1
Aérea;Pernambuco;Filipinas;Fevereiro;2026;1
Aérea;Bahia;Filipinas;Fevereiro;2026;1
Aérea;Rio de Janeiro;Filipinas;Fevereiro;2026;85
Aérea;São Paulo;Filipinas;Fevereiro;2026;2
Aérea;São Paulo;Filipinas;Fevereiro;2026;480
Aérea;Paraná;Filipinas;Fevereiro;2026;1
Aérea;Santa Catarina;Filipinas;Fevereiro;2026;1
Aérea;Rio Grande do Sul;Filipinas;Fevereiro;2026;1
Aérea;Distrito Federal;Filipinas;Fevereiro;2026;2
Terrestre;Paraná;Filipinas;Fevereiro;2026;1
Terrestre;Paraná;Filipinas;Fevereiro;2026;7
Terrestre;Rio Grande do Sul;Filipinas;Fevereiro;2026;2
Terrestre;Mato Grosso do Sul;Filipinas;Fevereiro;2026;1
Marítima;Maranhão;Filipinas;Fevereiro;2026;2
Marítima;Ceará;Filipinas;Fevereiro;2026;2
Marítima;Rio de Janeiro;Filipinas;Fevereiro;2026;53
Marítima;Rio de Janeiro;Filipinas;Fevereiro;2026;16
Marítima;Santa Catarina;Filipinas;Fevereiro;2026;10
Marítima;Santa Catarina;Filipinas;Fevereiro;2026;13
Marítima;Rio Grande do Sul;Filipinas;Fevereiro;2026;1
Fluvial;Amapá;Filipinas;Fevereiro;2026;1
Aérea;Pará;Finlândia;Fevereiro;2026;1
Aérea;Ceará;Finlândia;Fevereiro;2026;6
Aérea;Rio Grande do Norte;Finlândia;Fevereiro;2026;5
Aérea;Pernambuco;Finlândia;Fevereiro;2026;11
Aérea;Bahia;Finlândia;Fevereiro;2026;27
Aérea;Minas Gerais;Finlândia;Fevereiro;2026;1
Aérea;Rio de Janeiro;Finlândia;Fevereiro;2026;242
Aérea;São Paulo;Finlândia;Fevereiro;2026;8
Aérea;São Paulo;Finlândia;Fevereiro;2026;425
Aérea;Paraná;Finlândia;Fevereiro;2026;1
Aérea;Paraná;Finlândia;Fevereiro;2026;1
Aérea;Santa Catarina;Finlândia;Fevereiro;2026;11
Aérea;Rio Grande do Sul;Finlândia;Fevereiro;2026;1
Aérea;Distrito Federal;Finlândia;Fevereiro;2026;4
Terrestre;Paraná;Finlândia;Fevereiro;2026;4
Terrestre;Paraná;Finlândia;Fevereiro;2026;48
Terrestre;Rio Grande do Sul;Finlândia;Fevereiro;2026;1
Marítima;Pernambuco;Finlândia;Fevereiro;2026;2
Marítima;Rio de Janeiro;Finlândia;Fevereiro;2026;1
Marítima;Santa Catarina;Finlândia;Fevereiro;2026;3
Aérea;Amazonas;França;Fevereiro;2026;95
Aérea;Pará;França;Fevereiro;2026;1060
Aérea;Ceará;França;Fevereiro;2026;1549
Aérea;Rio Grande do Norte;França;Fevereiro;2026;395
Aérea;Paraíba;França;Fevereiro;2026;2
Aérea;Pernambuco;França;Fevereiro;2026;664
Aérea;Alagoas;França;Fevereiro;2026;20
Aérea;Bahia;França;Fevereiro;2026;6
Aérea;Bahia;França;Fevereiro;2026;2796
Aérea;Minas Gerais;França;Fevereiro;2026;235
Aérea;Rio de Janeiro;França;Fevereiro;2026;1
Aérea;Rio de Janeiro;França;Fevereiro;2026;14867
Aérea;São Paulo;França;Fevereiro;2026;1527
Aérea;São Paulo;França;Fevereiro;2026;13742
Aérea;São Paulo;França;Fevereiro;2026;5
Aérea;Paraná;França;Fevereiro;2026;8
Aérea;Paraná;França;Fevereiro;2026;26
Aérea;Santa Catarina;França;Fevereiro;2026;201
Aérea;Rio Grande do Sul;França;Fevereiro;2026;34
Aérea;Distrito Federal;França;Fevereiro;2026;271
Terrestre;Rondônia;França;Fevereiro;2026;3
Terrestre;Acre;França;Fevereiro;2026;10
Terrestre;Amazonas;França;Fevereiro;2026;42
Terrestre;Roraima;França;Fevereiro;2026;3
Terrestre;Roraima;França;Fevereiro;2026;7
Terrestre;Amapá;França;Fevereiro;2026;3151
Terrestre;Paraná;França;Fevereiro;2026;96
Terrestre;Paraná;França;Fevereiro;2026;1289
Terrestre;Paraná;França;Fevereiro;2026;3
Terrestre;Santa Catarina;França;Fevereiro;2026;6
Terrestre;Rio Grande do Sul;França;Fevereiro;2026;37
Terrestre;Rio Grande do Sul;França;Fevereiro;2026;2
Terrestre;Rio Grande do Sul;França;Fevereiro;2026;2
Terrestre;Rio Grande do Sul;França;Fevereiro;2026;2
Terrestre;Rio Grande do Sul;França;Fevereiro;2026;7
Terrestre;Mato Grosso do Sul;França;Fevereiro;2026;32
Terrestre;Mato Grosso do Sul;França;Fevereiro;2026;2
Terrestre;Mato Grosso;França;Fevereiro;2026;1
Marítima;Rio Grande do Norte;França;Fevereiro;2026;4
Marítima;Paraíba;França;Fevereiro;2026;1
Marítima;Pernambuco;França;Fevereiro;2026;29
Marítima;Pernambuco;França;Fevereiro;2026;16
Marítima;Bahia;França;Fevereiro;2026;18
Marítima;Espírito Santo;França;Fevereiro;2026;2
Marítima;Rio de Janeiro;França;Fevereiro;2026;50
Marítima;São Paulo;França;Fevereiro;2026;10
Marítima;Santa Catarina;França;Fevereiro;2026;12
Marítima;Santa Catarina;França;Fevereiro;2026;11
Marítima;Rio Grande do Sul;França;Fevereiro;2026;2
Fluvial;Pará;França;Fevereiro;2026;5
Fluvial;Amapá;França;Fevereiro;2026;557
Fluvial;Rio Grande do Sul;França;Fevereiro;2026;4
Aérea;Bahia;Gabão;Fevereiro;2026;1
Aérea;Rio de Janeiro;Gabão;Fevereiro;2026;1
Aérea;São Paulo;Gabão;Fevereiro;2026;15
Aérea;Rio de Janeiro;Gana;Fevereiro;2026;6
Aérea;São Paulo;Gana;Fevereiro;2026;1
Aérea;São Paulo;Gana;Fevereiro;2026;55
Aérea;Rio Grande do Sul;Gana;Fevereiro;2026;3
Aérea;Pará;Geórgia;Fevereiro;2026;1
Aérea;Pernambuco;Geórgia;Fevereiro;2026;2
Aérea;Bahia;Geórgia;Fevereiro;2026;2
Aérea;Rio de Janeiro;Geórgia;Fevereiro;2026;30
Aérea;São Paulo;Geórgia;Fevereiro;2026;12
Aérea;São Paulo;Geórgia;Fevereiro;2026;48
Terrestre;Amazonas;Geórgia;Fevereiro;2026;1
Terrestre;Paraná;Geórgia;Fevereiro;2026;3
Marítima;Rio de Janeiro;Geórgia;Fevereiro;2026;1
Aérea;Rio de Janeiro;Granada;Fevereiro;2026;9
Aérea;São Paulo;Granada;Fevereiro;2026;6
Aérea;Paraná;Granada;Fevereiro;2026;2
Aérea;Pará;Grécia;Fevereiro;2026;4
Aérea;Ceará;Grécia;Fevereiro;2026;3
Aérea;Rio Grande do Norte;Grécia;Fevereiro;2026;4
Aérea;Pernambuco;Grécia;Fevereiro;2026;13
Aérea;Bahia;Grécia;Fevereiro;2026;30
Aérea;Minas Gerais;Grécia;Fevereiro;2026;5
Aérea;Rio de Janeiro;Grécia;Fevereiro;2026;330
Aérea;São Paulo;Grécia;Fevereiro;2026;13
Aérea;São Paulo;Grécia;Fevereiro;2026;544
Aérea;Santa Catarina;Grécia;Fevereiro;2026;3
Aérea;Distrito Federal;Grécia;Fevereiro;2026;4
Terrestre;Acre;Grécia;Fevereiro;2026;1
Terrestre;Amazonas;Grécia;Fevereiro;2026;1
Terrestre;Paraná;Grécia;Fevereiro;2026;2
Terrestre;Paraná;Grécia;Fevereiro;2026;66
Terrestre;Rio Grande do Sul;Grécia;Fevereiro;2026;1
Terrestre;Rio Grande do Sul;Grécia;Fevereiro;2026;1
Marítima;Ceará;Grécia;Fevereiro;2026;4
Marítima;Rio de Janeiro;Grécia;Fevereiro;2026;16
Marítima;Rio de Janeiro;Grécia;Fevereiro;2026;2
Marítima;São Paulo;Grécia;Fevereiro;2026;2
Marítima;Santa Catarina;Grécia;Fevereiro;2026;1
Aérea;Amazonas;Guatemala;Fevereiro;2026;1
Aérea;Pará;Guatemala;Fevereiro;2026;3
Aérea;Rio Grande do Norte;Guatemala;Fevereiro;2026;2
Aérea;Bahia;Guatemala;Fevereiro;2026;4
Aérea;Minas Gerais;Guatemala;Fevereiro;2026;4
Aérea;Rio de Janeiro;Guatemala;Fevereiro;2026;284
Aérea;São Paulo;Guatemala;Fevereiro;2026;4
Aérea;São Paulo;Guatemala;Fevereiro;2026;327
Aérea;Paraná;Guatemala;Fevereiro;2026;2
Aérea;Santa Catarina;Guatemala;Fevereiro;2026;12
Aérea;Rio Grande do Sul;Guatemala;Fevereiro;2026;8
Aérea;Distrito Federal;Guatemala;Fevereiro;2026;12
Terrestre;Paraná;Guatemala;Fevereiro;2026;3
Terrestre;Paraná;Guatemala;Fevereiro;2026;19
Terrestre;Mato Grosso do Sul;Guatemala;Fevereiro;2026;2
Marítima;Santa Catarina;Guatemala;Fevereiro;2026;1
Marítima;Santa Catarina;Guatemala;Fevereiro;2026;1
Aérea;Amazonas;Guiana;Fevereiro;2026;3
Aérea;Roraima;Guiana;Fevereiro;2026;2
Aérea;Pará;Guiana;Fevereiro;2026;6
Aérea;Ceará;Guiana;Fevereiro;2026;4
Aérea;Bahia;Guiana;Fevereiro;2026;1
Aérea;Rio de Janeiro;Guiana;Fevereiro;2026;28
Aérea;São Paulo;Guiana;Fevereiro;2026;20
Aérea;Santa Catarina;Guiana;Fevereiro;2026;1
Aérea;Distrito Federal;Guiana;Fevereiro;2026;2
Terrestre;Roraima;Guiana;Fevereiro;2026;387
Terrestre;Roraima;Guiana;Fevereiro;2026;1
Terrestre;Amapá;Guiana;Fevereiro;2026;19
Terrestre;Paraná;Guiana;Fevereiro;2026;1
Terrestre;Paraná;Guiana;Fevereiro;2026;3
Fluvial;Amapá;Guiana;Fevereiro;2026;2
Aérea;Ceará;Guiné;Fevereiro;2026;1
Aérea;São Paulo;Guiné;Fevereiro;2026;38
Aérea;Santa Catarina;Guiné;Fevereiro;2026;1
Aérea;Amazonas;Guiné-Bissau;Fevereiro;2026;2
Aérea;Bahia;Guiné-Bissau;Fevereiro;2026;4
Aérea;Rio de Janeiro;Guiné-Bissau;Fevereiro;2026;2
Aérea;São Paulo;Guiné-Bissau;Fevereiro;2026;8
Aérea;Distrito Federal;Guiné-Bissau;Fevereiro;2026;2
Marítima;Bahia;Guiné-Bissau;Fevereiro;2026;2
Aérea;Pernambuco;Gâmbia;Fevereiro;2026;1
Aérea;São Paulo;Gâmbia;Fevereiro;2026;4
Aérea;Distrito Federal;Gâmbia;Fevereiro;2026;9
Aérea;Amazonas;Haiti;Fevereiro;2026;1
Aérea;Pará;Haiti;Fevereiro;2026;1
Aérea;Ceará;Haiti;Fevereiro;2026;1
Aérea;Bahia;Haiti;Fevereiro;2026;1
Aérea;Minas Gerais;Haiti;Fevereiro;2026;1
Aérea;Rio de Janeiro;Haiti;Fevereiro;2026;23
Aérea;São Paulo;Haiti;Fevereiro;2026;3
Aérea;São Paulo;Haiti;Fevereiro;2026;69
Aérea;Paraná;Haiti;Fevereiro;2026;1
Aérea;Santa Catarina;Haiti;Fevereiro;2026;90
Aérea;Rio Grande do Sul;Haiti;Fevereiro;2026;3
Aérea;Distrito Federal;Haiti;Fevereiro;2026;1
Terrestre;Amapá;Haiti;Fevereiro;2026;8
Terrestre;Rio Grande do Sul;Haiti;Fevereiro;2026;1
Terrestre;Mato Grosso do Sul;Haiti;Fevereiro;2026;1
Marítima;Rio de Janeiro;Haiti;Fevereiro;2026;1
Fluvial;Amapá;Haiti;Fevereiro;2026;1
Aérea;Amazonas;Holanda;Fevereiro;2026;34
Aérea;Pará;Holanda;Fevereiro;2026;127
Aérea;Ceará;Holanda;Fevereiro;2026;255
Aérea;Rio Grande do Norte;Holanda;Fevereiro;2026;98
Aérea;Pernambuco;Holanda;Fevereiro;2026;119
Aérea;Alagoas;Holanda;Fevereiro;2026;5
Aérea;Bahia;Holanda;Fevereiro;2026;3
Aérea;Bahia;Holanda;Fevereiro;2026;630
Aérea;Minas Gerais;Holanda;Fevereiro;2026;39
Aérea;Rio de Janeiro;Holanda;Fevereiro;2026;1
Aérea;Rio de Janeiro;Holanda;Fevereiro;2026;2557
Aérea;São Paulo;Holanda;Fevereiro;2026;70
Aérea;São Paulo;Holanda;Fevereiro;2026;3279
Aérea;Paraná;Holanda;Fevereiro;2026;7
Aérea;Paraná;Holanda;Fevereiro;2026;10
Aérea;Santa Catarina;Holanda;Fevereiro;2026;55
Aérea;Rio Grande do Sul;Holanda;Fevereiro;2026;36
Aérea;Distrito Federal;Holanda;Fevereiro;2026;43
Terrestre;Acre;Holanda;Fevereiro;2026;2
Terrestre;Amazonas;Holanda;Fevereiro;2026;2
Terrestre;Amapá;Holanda;Fevereiro;2026;10
Terrestre;Paraná;Holanda;Fevereiro;2026;39
Terrestre;Paraná;Holanda;Fevereiro;2026;399
Terrestre;Rio Grande do Sul;Holanda;Fevereiro;2026;1
Terrestre;Rio Grande do Sul;Holanda;Fevereiro;2026;8
Terrestre;Rio Grande do Sul;Holanda;Fevereiro;2026;2
Terrestre;Rio Grande do Sul;Holanda;Fevereiro;2026;1
Terrestre;Mato Grosso do Sul;Holanda;Fevereiro;2026;6
Marítima;Ceará;Holanda;Fevereiro;2026;1
Marítima;Paraíba;Holanda;Fevereiro;2026;1
Marítima;Pernambuco;Holanda;Fevereiro;2026;2
Marítima;Pernambuco;Holanda;Fevereiro;2026;8
Marítima;Bahia;Holanda;Fevereiro;2026;8
Marítima;Espírito Santo;Holanda;Fevereiro;2026;1
Marítima;Rio de Janeiro;Holanda;Fevereiro;2026;30
Marítima;São Paulo;Holanda;Fevereiro;2026;5
Marítima;Santa Catarina;Holanda;Fevereiro;2026;19
Marítima;Santa Catarina;Holanda;Fevereiro;2026;1
Marítima;Santa Catarina;Holanda;Fevereiro;2026;1
Marítima;Rio Grande do Sul;Holanda;Fevereiro;2026;9
Fluvial;Amazonas;Holanda;Fevereiro;2026;1
Aérea;Ceará;Honduras;Fevereiro;2026;2
Aérea;Pernambuco;Honduras;Fevereiro;2026;1
Aérea;Bahia;Honduras;Fevereiro;2026;1
Aérea;Minas Gerais;Honduras;Fevereiro;2026;2
Aérea;Rio de Janeiro;Honduras;Fevereiro;2026;100
Aérea;São Paulo;Honduras;Fevereiro;2026;2
Aérea;São Paulo;Honduras;Fevereiro;2026;113
Aérea;Santa Catarina;Honduras;Fevereiro;2026;6
Aérea;Rio Grande do Sul;Honduras;Fevereiro;2026;7
Aérea;Distrito Federal;Honduras;Fevereiro;2026;6
Terrestre;Paraná;Honduras;Fevereiro;2026;3
Terrestre;Rio Grande do Sul;Honduras;Fevereiro;2026;3
Terrestre;Rio Grande do Sul;Honduras;Fevereiro;2026;1
Marítima;Rio de Janeiro;Honduras;Fevereiro;2026;24
Marítima;Santa Catarina;Honduras;Fevereiro;2026;2
Marítima;Santa Catarina;Honduras;Fevereiro;2026;4
Aérea;Amazonas;Hungria;Fevereiro;2026;7
Aérea;Pará;Hungria;Fevereiro;2026;2
Aérea;Ceará;Hungria;Fevereiro;2026;15
Aérea;Rio Grande do Norte;Hungria;Fevereiro;2026;2
Aérea;Pernambuco;Hungria;Fevereiro;2026;10
Aérea;Bahia;Hungria;Fevereiro;2026;7
Aérea;Minas Gerais;Hungria;Fevereiro;2026;5
Aérea;Rio de Janeiro;Hungria;Fevereiro;2026;873
Aérea;São Paulo;Hungria;Fevereiro;2026;10
Aérea;São Paulo;Hungria;Fevereiro;2026;482
Aérea;Paraná;Hungria;Fevereiro;2026;1
Aérea;Santa Catarina;Hungria;Fevereiro;2026;7
Aérea;Rio Grande do Sul;Hungria;Fevereiro;2026;1
Aérea;Distrito Federal;Hungria;Fevereiro;2026;1
Terrestre;Paraná;Hungria;Fevereiro;2026;3
Terrestre;Paraná;Hungria;Fevereiro;2026;157
Terrestre;Rio Grande do Sul;Hungria;Fevereiro;2026;2
Terrestre;Rio Grande do Sul;Hungria;Fevereiro;2026;1
Terrestre;Mato Grosso do Sul;Hungria;Fevereiro;2026;1
Marítima;Ceará;Hungria;Fevereiro;2026;4
Marítima;Rio de Janeiro;Hungria;Fevereiro;2026;6
Marítima;Santa Catarina;Hungria;Fevereiro;2026;3
Aérea;Pará;Indonésia;Fevereiro;2026;1
Aérea;Rio de Janeiro;Indonésia;Fevereiro;2026;42
Aérea;São Paulo;Indonésia;Fevereiro;2026;194
Aérea;Distrito Federal;Indonésia;Fevereiro;2026;1
Terrestre;Paraná;Indonésia;Fevereiro;2026;2
Terrestre;Paraná;Indonésia;Fevereiro;2026;2
Marítima;Pernambuco;Indonésia;Fevereiro;2026;2
Marítima;Rio de Janeiro;Indonésia;Fevereiro;2026;1
Marítima;Rio de Janeiro;Indonésia;Fevereiro;2026;4
Marítima;São Paulo;Indonésia;Fevereiro;2026;1
Marítima;Santa Catarina;Indonésia;Fevereiro;2026;6
Marítima;Santa Catarina;Indonésia;Fevereiro;2026;4
Aérea;São Paulo;Iraque;Fevereiro;2026;14
Aérea;Amazonas;Irlanda;Fevereiro;2026;5
Aérea;Pará;Irlanda;Fevereiro;2026;5
Aérea;Ceará;Irlanda;Fevereiro;2026;28
Aérea;Rio Grande do Norte;Irlanda;Fevereiro;2026;14
Aérea;Paraíba;Irlanda;Fevereiro;2026;1
Aérea;Pernambuco;Irlanda;Fevereiro;2026;47
Aérea;Bahia;Irlanda;Fevereiro;2026;64
Aérea;Minas Gerais;Irlanda;Fevereiro;2026;29
Aérea;Rio de Janeiro;Irlanda;Fevereiro;2026;1970
Aérea;São Paulo;Irlanda;Fevereiro;2026;55
Aérea;São Paulo;Irlanda;Fevereiro;2026;4864
Aérea;Paraná;Irlanda;Fevereiro;2026;7
Aérea;Santa Catarina;Irlanda;Fevereiro;2026;31
Aérea;Rio Grande do Sul;Irlanda;Fevereiro;2026;16
Aérea;Distrito Federal;Irlanda;Fevereiro;2026;39
Terrestre;Acre;Irlanda;Fevereiro;2026;2
Terrestre;Amazonas;Irlanda;Fevereiro;2026;1
Terrestre;Paraná;Irlanda;Fevereiro;2026;11
Terrestre;Paraná;Irlanda;Fevereiro;2026;133
Terrestre;Rio Grande do Sul;Irlanda;Fevereiro;2026;4
Terrestre;Rio Grande do Sul;Irlanda;Fevereiro;2026;1
Terrestre;Mato Grosso do Sul;Irlanda;Fevereiro;2026;2
Marítima;Pernambuco;Irlanda;Fevereiro;2026;1
Marítima;Bahia;Irlanda;Fevereiro;2026;13
Marítima;Espírito Santo;Irlanda;Fevereiro;2026;1
Marítima;Rio de Janeiro;Irlanda;Fevereiro;2026;11
Marítima;São Paulo;Irlanda;Fevereiro;2026;3
Marítima;Santa Catarina;Irlanda;Fevereiro;2026;3
Marítima;Rio Grande do Sul;Irlanda;Fevereiro;2026;6
Aérea;Pernambuco;Irã;Fevereiro;2026;1
Aérea;Rio de Janeiro;Irã;Fevereiro;2026;20
Aérea;São Paulo;Irã;Fevereiro;2026;2
Aérea;São Paulo;Irã;Fevereiro;2026;446
Aérea;Santa Catarina;Irã;Fevereiro;2026;1
Aérea;Amazonas;Islândia;Fevereiro;2026;1
Aérea;Rio Grande do Norte;Islândia;Fevereiro;2026;1
Aérea;Pernambuco;Islândia;Fevereiro;2026;1
Aérea;Minas Gerais;Islândia;Fevereiro;2026;1
Aérea;Rio de Janeiro;Islândia;Fevereiro;2026;331
Aérea;São Paulo;Islândia;Fevereiro;2026;14
Aérea;Santa Catarina;Islândia;Fevereiro;2026;3
Marítima;São Paulo;Islândia;Fevereiro;2026;1
Aérea;Amazonas;Israel;Fevereiro;2026;2
Aérea;Pará;Israel;Fevereiro;2026;4
Aérea;Ceará;Israel;Fevereiro;2026;11
Aérea;Rio Grande do Norte;Israel;Fevereiro;2026;2
Aérea;Pernambuco;Israel;Fevereiro;2026;27
Aérea;Bahia;Israel;Fevereiro;2026;1
Aérea;Bahia;Israel;Fevereiro;2026;439
Aérea;Minas Gerais;Israel;Fevereiro;2026;6
Aérea;Rio de Janeiro;Israel;Fevereiro;2026;3542
Aérea;São Paulo;Israel;Fevereiro;2026;12
Aérea;São Paulo;Israel;Fevereiro;2026;4372
Aérea;Paraná;Israel;Fevereiro;2026;22
Aérea;Paraná;Israel;Fevereiro;2026;5
Aérea;Santa Catarina;Israel;Fevereiro;2026;265
Aérea;Rio Grande do Sul;Israel;Fevereiro;2026;11
Aérea;Distrito Federal;Israel;Fevereiro;2026;38
Terrestre;Acre;Israel;Fevereiro;2026;2
Terrestre;Paraná;Israel;Fevereiro;2026;12
Terrestre;Paraná;Israel;Fevereiro;2026;2060
Terrestre;Rio Grande do Sul;Israel;Fevereiro;2026;3
Terrestre;Rio Grande do Sul;Israel;Fevereiro;2026;2
Terrestre;Mato Grosso do Sul;Israel;Fevereiro;2026;11
Terrestre;Mato Grosso do Sul;Israel;Fevereiro;2026;1
Marítima;Rio de Janeiro;Israel;Fevereiro;2026;15
Marítima;São Paulo;Israel;Fevereiro;2026;6
Marítima;Santa Catarina;Israel;Fevereiro;2026;1
Marítima;Rio Grande do Sul;Israel;Fevereiro;2026;2
Aérea;Amazonas;Itália;Fevereiro;2026;34
Aérea;Roraima;Itália;Fevereiro;2026;1
Aérea;Pará;Itália;Fevereiro;2026;28
Aérea;Ceará;Itália;Fevereiro;2026;671
Aérea;Rio Grande do Norte;Itália;Fevereiro;2026;291
Aérea;Pernambuco;Itália;Fevereiro;2026;591
Aérea;Alagoas;Itália;Fevereiro;2026;58
Aérea;Bahia;Itália;Fevereiro;2026;14
Aérea;Bahia;Itália;Fevereiro;2026;1142
Aérea;Minas Gerais;Itália;Fevereiro;2026;441
Aérea;Rio de Janeiro;Itália;Fevereiro;2026;1
Aérea;Rio de Janeiro;Itália;Fevereiro;2026;4544
Aérea;São Paulo;Itália;Fevereiro;2026;129
Aérea;São Paulo;Itália;Fevereiro;2026;12419
Aérea;São Paulo;Itália;Fevereiro;2026;2
Aérea;São Paulo;Itália;Fevereiro;2026;1
Aérea;Paraná;Itália;Fevereiro;2026;5
Aérea;Paraná;Itália;Fevereiro;2026;18
Aérea;Santa Catarina;Itália;Fevereiro;2026;276
Aérea;Rio Grande do Sul;Itália;Fevereiro;2026;50
Aérea;Distrito Federal;Itália;Fevereiro;2026;63
Terrestre;Acre;Itália;Fevereiro;2026;1
Terrestre;Amazonas;Itália;Fevereiro;2026;9
Terrestre;Roraima;Itália;Fevereiro;2026;1
Terrestre;Roraima;Itália;Fevereiro;2026;6
Terrestre;Amapá;Itália;Fevereiro;2026;4
Terrestre;Paraná;Itália;Fevereiro;2026;67
Terrestre;Paraná;Itália;Fevereiro;2026;756
Terrestre;Paraná;Itália;Fevereiro;2026;1
Terrestre;Santa Catarina;Itália;Fevereiro;2026;5
Terrestre;Rio Grande do Sul;Itália;Fevereiro;2026;19
Terrestre;Rio Grande do Sul;Itália;Fevereiro;2026;26
Terrestre;Rio Grande do Sul;Itália;Fevereiro;2026;2
Terrestre;Rio Grande do Sul;Itália;Fevereiro;2026;17
Terrestre;Rio Grande do Sul;Itália;Fevereiro;2026;7
Terrestre;Rio Grande do Sul;Itália;Fevereiro;2026;21
Terrestre;Mato Grosso do Sul;Itália;Fevereiro;2026;4
Terrestre;Mato Grosso do Sul;Itália;Fevereiro;2026;2
Marítima;Pernambuco;Itália;Fevereiro;2026;2
Marítima;Pernambuco;Itália;Fevereiro;2026;2
Marítima;Bahia;Itália;Fevereiro;2026;3
Marítima;Rio de Janeiro;Itália;Fevereiro;2026;113
Marítima;São Paulo;Itália;Fevereiro;2026;40
Marítima;São Paulo;Itália;Fevereiro;2026;1
Marítima;Santa Catarina;Itália;Fevereiro;2026;87
Marítima;Santa Catarina;Itália;Fevereiro;2026;43
Marítima;Santa Catarina;Itália;Fevereiro;2026;1
Marítima;Rio Grande do Sul;Itália;Fevereiro;2026;3
Aérea;São Paulo;Iêmen;Fevereiro;2026;9
Aérea;Amazonas;Jamaica;Fevereiro;2026;2
Aérea;Pará;Jamaica;Fevereiro;2026;1
Aérea;Bahia;Jamaica;Fevereiro;2026;2
Aérea;Rio de Janeiro;Jamaica;Fevereiro;2026;38
Aérea;São Paulo;Jamaica;Fevereiro;2026;42
Aérea;Distrito Federal;Jamaica;Fevereiro;2026;5
Aérea;Amazonas;Japão;Fevereiro;2026;26
Aérea;Pará;Japão;Fevereiro;2026;5
Aérea;Ceará;Japão;Fevereiro;2026;2
Aérea;Rio Grande do Norte;Japão;Fevereiro;2026;2
Aérea;Pernambuco;Japão;Fevereiro;2026;2
Aérea;Alagoas;Japão;Fevereiro;2026;2
Aérea;Bahia;Japão;Fevereiro;2026;11
Aérea;Minas Gerais;Japão;Fevereiro;2026;6
Aérea;Rio de Janeiro;Japão;Fevereiro;2026;798
Aérea;São Paulo;Japão;Fevereiro;2026;15
Aérea;São Paulo;Japão;Fevereiro;2026;9022
Aérea;Paraná;Japão;Fevereiro;2026;5
Aérea;Paraná;Japão;Fevereiro;2026;8
Aérea;Santa Catarina;Japão;Fevereiro;2026;11
Aérea;Rio Grande do Sul;Japão;Fevereiro;2026;4
Aérea;Distrito Federal;Japão;Fevereiro;2026;10
Terrestre;Acre;Japão;Fevereiro;2026;2
Terrestre;Amazonas;Japão;Fevereiro;2026;3
Terrestre;Roraima;Japão;Fevereiro;2026;2
Terrestre;Roraima;Japão;Fevereiro;2026;2
Terrestre;Paraná;Japão;Fevereiro;2026;111
Terrestre;Paraná;Japão;Fevereiro;2026;489
Terrestre;Santa Catarina;Japão;Fevereiro;2026;3
Terrestre;Rio Grande do Sul;Japão;Fevereiro;2026;5
Terrestre;Rio Grande do Sul;Japão;Fevereiro;2026;1
Terrestre;Mato Grosso do Sul;Japão;Fevereiro;2026;2
Terrestre;Mato Grosso do Sul;Japão;Fevereiro;2026;2
Marítima;Rio de Janeiro;Japão;Fevereiro;2026;45
Marítima;São Paulo;Japão;Fevereiro;2026;913
Aérea;Amazonas;Jordânia;Fevereiro;2026;1
Aérea;Rio de Janeiro;Jordânia;Fevereiro;2026;5
Aérea;São Paulo;Jordânia;Fevereiro;2026;16
Aérea;Distrito Federal;Jordânia;Fevereiro;2026;1
Aérea;Rio de Janeiro;Kuwait;Fevereiro;2026;7
Aérea;São Paulo;Kuwait;Fevereiro;2026;22
Terrestre;Paraná;Kuwait;Fevereiro;2026;1
Aérea;Rio de Janeiro;Laos;Fevereiro;2026;1
Aérea;São Paulo;Lesoto;Fevereiro;2026;2
Aérea;Ceará;Letônia;Fevereiro;2026;12
Aérea;Pernambuco;Letônia;Fevereiro;2026;4
Aérea;Bahia;Letônia;Fevereiro;2026;4
Aérea;Rio de Janeiro;Letônia;Fevereiro;2026;71
Aérea;São Paulo;Letônia;Fevereiro;2026;1
Aérea;São Paulo;Letônia;Fevereiro;2026;84
Aérea;Santa Catarina;Letônia;Fevereiro;2026;1
Aérea;Rio Grande do Sul;Letônia;Fevereiro;2026;2
Aérea;Distrito Federal;Letônia;Fevereiro;2026;5
Terrestre;Paraná;Letônia;Fevereiro;2026;2
Terrestre;Paraná;Letônia;Fevereiro;2026;6
Terrestre;Rio Grande do Sul;Letônia;Fevereiro;2026;1
Terrestre;Mato Grosso do Sul;Letônia;Fevereiro;2026;1
Marítima;Rio de Janeiro;Letônia;Fevereiro;2026;2
Aérea;Rio de Janeiro;Libéria;Fevereiro;2026;1
Aérea;São Paulo;Libéria;Fevereiro;2026;2
Aérea;Ceará;Liechtenstein;Fevereiro;2026;3
Aérea;Bahia;Liechtenstein;Fevereiro;2026;4
Aérea;Minas Gerais;Liechtenstein;Fevereiro;2026;1
Aérea;Rio de Janeiro;Liechtenstein;Fevereiro;2026;2
Aérea;São Paulo;Liechtenstein;Fevereiro;2026;7
Aérea;Amazonas;Lituânia;Fevereiro;2026;3
Aérea;Ceará;Lituânia;Fevereiro;2026;4
Aérea;Rio Grande do Norte;Lituânia;Fevereiro;2026;1
Aérea;Pernambuco;Lituânia;Fevereiro;2026;5
Aérea;Bahia;Lituânia;Fevereiro;2026;3
Aérea;Minas Gerais;Lituânia;Fevereiro;2026;2
Aérea;Rio de Janeiro;Lituânia;Fevereiro;2026;127
Aérea;São Paulo;Lituânia;Fevereiro;2026;11
Aérea;São Paulo;Lituânia;Fevereiro;2026;203
Aérea;Santa Catarina;Lituânia;Fevereiro;2026;2
Aérea;Rio Grande do Sul;Lituânia;Fevereiro;2026;3
Aérea;Distrito Federal;Lituânia;Fevereiro;2026;1
Terrestre;Paraná;Lituânia;Fevereiro;2026;2
Terrestre;Paraná;Lituânia;Fevereiro;2026;30
Marítima;São Paulo;Lituânia;Fevereiro;2026;1
Aérea;Ceará;Luxemburgo;Fevereiro;2026;1
Aérea;Rio Grande do Norte;Luxemburgo;Fevereiro;2026;12
Aérea;Pernambuco;Luxemburgo;Fevereiro;2026;3
Aérea;Bahia;Luxemburgo;Fevereiro;2026;23
Aérea;Rio de Janeiro;Luxemburgo;Fevereiro;2026;140
Aérea;São Paulo;Luxemburgo;Fevereiro;2026;5
Aérea;São Paulo;Luxemburgo;Fevereiro;2026;205
Aérea;Santa Catarina;Luxemburgo;Fevereiro;2026;1
Aérea;Distrito Federal;Luxemburgo;Fevereiro;2026;2
Terrestre;Acre;Luxemburgo;Fevereiro;2026;2
Terrestre;Amazonas;Luxemburgo;Fevereiro;2026;1
Terrestre;Paraná;Luxemburgo;Fevereiro;2026;5
Terrestre;Rio Grande do Sul;Luxemburgo;Fevereiro;2026;1
Marítima;Ceará;Luxemburgo;Fevereiro;2026;4
Marítima;Santa Catarina;Luxemburgo;Fevereiro;2026;2
Marítima;Santa Catarina;Luxemburgo;Fevereiro;2026;3
Marítima;Rio Grande do Sul;Luxemburgo;Fevereiro;2026;1
Aérea;Pernambuco;Líbano;Fevereiro;2026;2
Aérea;Rio de Janeiro;Líbano;Fevereiro;2026;36
Aérea;São Paulo;Líbano;Fevereiro;2026;206
Aérea;Paraná;Líbano;Fevereiro;2026;2
Aérea;Rio Grande do Sul;Líbano;Fevereiro;2026;1
Terrestre;Roraima;Líbano;Fevereiro;2026;1
Terrestre;Paraná;Líbano;Fevereiro;2026;3
Marítima;Rio de Janeiro;Líbano;Fevereiro;2026;1
Aérea;São Paulo;Líbia;Fevereiro;2026;3
Aérea;Rio de Janeiro;Macedônia;Fevereiro;2026;16
Aérea;São Paulo;Macedônia;Fevereiro;2026;2
Aérea;São Paulo;Macedônia;Fevereiro;2026;51
Terrestre;Paraná;Macedônia;Fevereiro;2026;1
Marítima;Rio de Janeiro;Macedônia;Fevereiro;2026;1
Aérea;Minas Gerais;Madagascar;Fevereiro;2026;1
Aérea;Rio de Janeiro;Madagascar;Fevereiro;2026;2
Aérea;São Paulo;Madagascar;Fevereiro;2026;3
Marítima;Rio de Janeiro;Madagascar;Fevereiro;2026;2
Aérea;São Paulo;Malauí;Fevereiro;2026;22
Aérea;Rio de Janeiro;Mali;Fevereiro;2026;1
Aérea;São Paulo;Mali;Fevereiro;2026;14
Aérea;Amazonas;Malta;Fevereiro;2026;5
Aérea;Bahia;Malta;Fevereiro;2026;4
Aérea;Rio de Janeiro;Malta;Fevereiro;2026;67
Aérea;São Paulo;Malta;Fevereiro;2026;1
Aérea;São Paulo;Malta;Fevereiro;2026;180
Aérea;Santa Catarina;Malta;Fevereiro;2026;1
Aérea;Santa Catarina;Malta;Fevereiro;2026;1
Terrestre;Paraná;Malta;Fevereiro;2026;2
Terrestre;Paraná;Malta;Fevereiro;2026;25
Aérea;Pará;Malásia;Fevereiro;2026;1
Aérea;Rio Grande do Norte;Malásia;Fevereiro;2026;1
Aérea;Bahia;Malásia;Fevereiro;2026;1
Aérea;Rio de Janeiro;Malásia;Fevereiro;2026;69
Aérea;São Paulo;Malásia;Fevereiro;2026;2
Aérea;São Paulo;Malásia;Fevereiro;2026;66
Aérea;Paraná;Malásia;Fevereiro;2026;1
Aérea;Rio Grande do Sul;Malásia;Fevereiro;2026;1
Aérea;Distrito Federal;Malásia;Fevereiro;2026;4
Terrestre;Paraná;Malásia;Fevereiro;2026;40
Marítima;Rio de Janeiro;Malásia;Fevereiro;2026;8
Marítima;Rio de Janeiro;Malásia;Fevereiro;2026;1
Marítima;São Paulo;Malásia;Fevereiro;2026;50
Aérea;Amazonas;Marrocos;Fevereiro;2026;2
Aérea;Pará;Marrocos;Fevereiro;2026;4
Aérea;Ceará;Marrocos;Fevereiro;2026;5
Aérea;Rio Grande do Norte;Marrocos;Fevereiro;2026;1
Aérea;Pernambuco;Marrocos;Fevereiro;2026;3
Aérea;Bahia;Marrocos;Fevereiro;2026;8
Aérea;Minas Gerais;Marrocos;Fevereiro;2026;1
Aérea;Rio de Janeiro;Marrocos;Fevereiro;2026;80
Aérea;São Paulo;Marrocos;Fevereiro;2026;11
Aérea;São Paulo;Marrocos;Fevereiro;2026;516
Aérea;Paraná;Marrocos;Fevereiro;2026;5
Aérea;Santa Catarina;Marrocos;Fevereiro;2026;1
Aérea;Rio Grande do Sul;Marrocos;Fevereiro;2026;1
Terrestre;Amapá;Marrocos;Fevereiro;2026;2
Terrestre;Paraná;Marrocos;Fevereiro;2026;2
Terrestre;Paraná;Marrocos;Fevereiro;2026;1
Terrestre;Rio Grande do Sul;Marrocos;Fevereiro;2026;2
Fluvial;Amapá;Marrocos;Fevereiro;2026;3
Aérea;São Paulo;Mauritânia;Fevereiro;2026;13
Aérea;Rio de Janeiro;Maurício;Fevereiro;2026;5
Aérea;São Paulo;Maurício;Fevereiro;2026;8
Terrestre;Paraná;Maurício;Fevereiro;2026;1
Marítima;Rio de Janeiro;Maurício;Fevereiro;2026;1
Aérea;São Paulo;Mianma;Fevereiro;2026;9
Marítima;Santa Catarina;Mianma;Fevereiro;2026;2
Aérea;Ceará;Moldávia;Fevereiro;2026;2
Aérea;Rio Grande do Norte;Moldávia;Fevereiro;2026;1
Aérea;Alagoas;Moldávia;Fevereiro;2026;1
Aérea;Rio de Janeiro;Moldávia;Fevereiro;2026;14
Aérea;São Paulo;Moldávia;Fevereiro;2026;1
Aérea;São Paulo;Moldávia;Fevereiro;2026;15
Terrestre;Amapá;Moldávia;Fevereiro;2026;1
Terrestre;Paraná;Moldávia;Fevereiro;2026;2
Terrestre;Paraná;Moldávia;Fevereiro;2026;1
Aérea;Pernambuco;Mongólia;Fevereiro;2026;1
Aérea;Rio de Janeiro;Mongólia;Fevereiro;2026;5
Aérea;São Paulo;Mongólia;Fevereiro;2026;11
Terrestre;Paraná;Mongólia;Fevereiro;2026;12
Terrestre;Paraná;Mongólia;Fevereiro;2026;2
Aérea;Rio de Janeiro;Montenegro;Fevereiro;2026;10
Aérea;São Paulo;Montenegro;Fevereiro;2026;58
Terrestre;Paraná;Montenegro;Fevereiro;2026;3
Aérea;Rio de Janeiro;Moçambique;Fevereiro;2026;11
Aérea;São Paulo;Moçambique;Fevereiro;2026;389
Terrestre;Paraná;Moçambique;Fevereiro;2026;1
Aérea;Amazonas;México;Fevereiro;2026;49
Aérea;Pará;México;Fevereiro;2026;6
Aérea;Ceará;México;Fevereiro;2026;2
Aérea;Rio Grande do Norte;México;Fevereiro;2026;1
Aérea;Pernambuco;México;Fevereiro;2026;2
Aérea;Alagoas;México;Fevereiro;2026;2
Aérea;Bahia;México;Fevereiro;2026;2
Aérea;Bahia;México;Fevereiro;2026;82
Aérea;Minas Gerais;México;Fevereiro;2026;24
Aérea;Rio de Janeiro;México;Fevereiro;2026;1
Aérea;Rio de Janeiro;México;Fevereiro;2026;2818
Aérea;São Paulo;México;Fevereiro;2026;5
Aérea;São Paulo;México;Fevereiro;2026;9091
Aérea;São Paulo;México;Fevereiro;2026;1
Aérea;Paraná;México;Fevereiro;2026;20
Aérea;Santa Catarina;México;Fevereiro;2026;76
Aérea;Rio Grande do Sul;México;Fevereiro;2026;85
Aérea;Distrito Federal;México;Fevereiro;2026;158
Terrestre;Rondônia;México;Fevereiro;2026;1
Terrestre;Acre;México;Fevereiro;2026;3
Terrestre;Amazonas;México;Fevereiro;2026;5
Terrestre;Roraima;México;Fevereiro;2026;1
Terrestre;Paraná;México;Fevereiro;2026;25
Terrestre;Paraná;México;Fevereiro;2026;361
Terrestre;Santa Catarina;México;Fevereiro;2026;1
Terrestre;Rio Grande do Sul;México;Fevereiro;2026;8
Terrestre;Rio Grande do Sul;México;Fevereiro;2026;4
Terrestre;Rio Grande do Sul;México;Fevereiro;2026;11
Terrestre;Rio Grande do Sul;México;Fevereiro;2026;3
Terrestre;Rio Grande do Sul;México;Fevereiro;2026;4
Terrestre;Mato Grosso do Sul;México;Fevereiro;2026;22
Terrestre;Mato Grosso do Sul;México;Fevereiro;2026;29
Marítima;Bahia;México;Fevereiro;2026;1
Marítima;Rio de Janeiro;México;Fevereiro;2026;33
Marítima;São Paulo;México;Fevereiro;2026;69
Marítima;Santa Catarina;México;Fevereiro;2026;36
Marítima;Santa Catarina;México;Fevereiro;2026;9
Marítima;Rio Grande do Sul;México;Fevereiro;2026;3
Aérea;Ceará;Mônaco;Fevereiro;2026;3
Aérea;Rio de Janeiro;Mônaco;Fevereiro;2026;3
Aérea;São Paulo;Mônaco;Fevereiro;2026;1
Aérea;Rio de Janeiro;Namíbia;Fevereiro;2026;6
Aérea;São Paulo;Namíbia;Fevereiro;2026;22
Marítima;Rio de Janeiro;Namíbia;Fevereiro;2026;1
Aérea;Bahia;Nepal;Fevereiro;2026;1
Aérea;Rio de Janeiro;Nepal;Fevereiro;2026;3
Aérea;São Paulo;Nepal;Fevereiro;2026;5
Aérea;Bahia;Nicarágua;Fevereiro;2026;2
Aérea;Minas Gerais;Nicarágua;Fevereiro;2026;3
Aérea;Rio de Janeiro;Nicarágua;Fevereiro;2026;54
Aérea;São Paulo;Nicarágua;Fevereiro;2026;1
Aérea;São Paulo;Nicarágua;Fevereiro;2026;104
Aérea;Santa Catarina;Nicarágua;Fevereiro;2026;2
Aérea;Rio Grande do Sul;Nicarágua;Fevereiro;2026;1
Aérea;Distrito Federal;Nicarágua;Fevereiro;2026;2
Terrestre;Amapá;Nicarágua;Fevereiro;2026;1
Terrestre;Paraná;Nicarágua;Fevereiro;2026;2
Terrestre;Paraná;Nicarágua;Fevereiro;2026;4
Terrestre;Rio Grande do Sul;Nicarágua;Fevereiro;2026;3
Marítima;Rio de Janeiro;Nicarágua;Fevereiro;2026;4
Aérea;Ceará;Nigéria;Fevereiro;2026;1
Aérea;Bahia;Nigéria;Fevereiro;2026;4
Aérea;Rio de Janeiro;Nigéria;Fevereiro;2026;27
Aérea;São Paulo;Nigéria;Fevereiro;2026;160
Marítima;Alagoas;Nigéria;Fevereiro;2026;1
Marítima;Santa Catarina;Nigéria;Fevereiro;2026;1
Aérea;Amazonas;Noruega;Fevereiro;2026;5
Aérea;Pará;Noruega;Fevereiro;2026;7
Aérea;Ceará;Noruega;Fevereiro;2026;216
Aérea;Rio Grande do Norte;Noruega;Fevereiro;2026;158
Aérea;Pernambuco;Noruega;Fevereiro;2026;38
Aérea;Alagoas;Noruega;Fevereiro;2026;1
Aérea;Bahia;Noruega;Fevereiro;2026;23
Aérea;Minas Gerais;Noruega;Fevereiro;2026;15
Aérea;Rio de Janeiro;Noruega;Fevereiro;2026;756
Aérea;São Paulo;Noruega;Fevereiro;2026;22
Aérea;São Paulo;Noruega;Fevereiro;2026;653
Aérea;Paraná;Noruega;Fevereiro;2026;2
Aérea;Santa Catarina;Noruega;Fevereiro;2026;28
Aérea;Rio Grande do Sul;Noruega;Fevereiro;2026;4
Aérea;Distrito Federal;Noruega;Fevereiro;2026;11
Terrestre;Amazonas;Noruega;Fevereiro;2026;2
Terrestre;Paraná;Noruega;Fevereiro;2026;15
Terrestre;Paraná;Noruega;Fevereiro;2026;65
Terrestre;Rio Grande do Sul;Noruega;Fevereiro;2026;1
Marítima;Pernambuco;Noruega;Fevereiro;2026;5
Marítima;Pernambuco;Noruega;Fevereiro;2026;1
Marítima;Bahia;Noruega;Fevereiro;2026;15
Marítima;Rio de Janeiro;Noruega;Fevereiro;2026;1
Marítima;Rio de Janeiro;Noruega;Fevereiro;2026;1
Marítima;Rio Grande do Sul;Noruega;Fevereiro;2026;2
Aérea;Amazonas;Nova Zelândia;Fevereiro;2026;3
Aérea;Pernambuco;Nova Zelândia;Fevereiro;2026;4
Aérea;Bahia;Nova Zelândia;Fevereiro;2026;5
Aérea;Minas Gerais;Nova Zelândia;Fevereiro;2026;2
Aérea;Rio de Janeiro;Nova Zelândia;Fevereiro;2026;213
Aérea;São Paulo;Nova Zelândia;Fevereiro;2026;1
Aérea;São Paulo;Nova Zelândia;Fevereiro;2026;1162
Aérea;São Paulo;Nova Zelândia;Fevereiro;2026;1
Aérea;Paraná;Nova Zelândia;Fevereiro;2026;1
Aérea;Paraná;Nova Zelândia;Fevereiro;2026;3
Aérea;Santa Catarina;Nova Zelândia;Fevereiro;2026;29
Aérea;Rio Grande do Sul;Nova Zelândia;Fevereiro;2026;12
Aérea;Distrito Federal;Nova Zelândia;Fevereiro;2026;4
Terrestre;Roraima;Nova Zelândia;Fevereiro;2026;1
Terrestre;Paraná;Nova Zelândia;Fevereiro;2026;8
Terrestre;Paraná;Nova Zelândia;Fevereiro;2026;58
Terrestre;Santa Catarina;Nova Zelândia;Fevereiro;2026;1
Terrestre;Rio Grande do Sul;Nova Zelândia;Fevereiro;2026;1
Terrestre;Rio Grande do Sul;Nova Zelândia;Fevereiro;2026;1
Terrestre;Mato Grosso do Sul;Nova Zelândia;Fevereiro;2026;1
Marítima;Pernambuco;Nova Zelândia;Fevereiro;2026;2
Marítima;Bahia;Nova Zelândia;Fevereiro;2026;2
Marítima;Rio de Janeiro;Nova Zelândia;Fevereiro;2026;19
Marítima;São Paulo;Nova Zelândia;Fevereiro;2026;2
Marítima;Rio Grande do Sul;Nova Zelândia;Fevereiro;2026;6
Aérea;São Paulo;Omã;Fevereiro;2026;3
Aérea;Bahia;Palestina;Fevereiro;2026;1
Aérea;Rio de Janeiro;Palestina;Fevereiro;2026;1
Aérea;São Paulo;Palestina;Fevereiro;2026;26
Aérea;Paraná;Palestina;Fevereiro;2026;1
Terrestre;Paraná;Palestina;Fevereiro;2026;1
Aérea;Amazonas;Panamá;Fevereiro;2026;16
Aérea;Bahia;Panamá;Fevereiro;2026;38
Aérea;Minas Gerais;Panamá;Fevereiro;2026;33
Aérea;Rio de Janeiro;Panamá;Fevereiro;2026;480
Aérea;São Paulo;Panamá;Fevereiro;2026;722
Aérea;Paraná;Panamá;Fevereiro;2026;1
Aérea;Santa Catarina;Panamá;Fevereiro;2026;30
Aérea;Rio Grande do Sul;Panamá;Fevereiro;2026;17
Aérea;Distrito Federal;Panamá;Fevereiro;2026;27
Terrestre;Paraná;Panamá;Fevereiro;2026;8
Terrestre;Paraná;Panamá;Fevereiro;2026;14
Terrestre;Rio Grande do Sul;Panamá;Fevereiro;2026;1
Terrestre;Rio Grande do Sul;Panamá;Fevereiro;2026;2
Marítima;Rio de Janeiro;Panamá;Fevereiro;2026;2
Marítima;São Paulo;Panamá;Fevereiro;2026;7
Marítima;Santa Catarina;Panamá;Fevereiro;2026;3
Aérea;Rio de Janeiro;Papua Nova Guiné;Fevereiro;2026;4
Aérea;São Paulo;Papua Nova Guiné;Fevereiro;2026;1
Aérea;Rio de Janeiro;Paquistão;Fevereiro;2026;21
Aérea;São Paulo;Paquistão;Fevereiro;2026;80
Aérea;Paraná;Paquistão;Fevereiro;2026;1
Aérea;Rio Grande do Sul;Paquistão;Fevereiro;2026;3
Aérea;Distrito Federal;Paquistão;Fevereiro;2026;8
Terrestre;Paraná;Paquistão;Fevereiro;2026;2
Terrestre;Rio Grande do Sul;Paquistão;Fevereiro;2026;1
Aérea;Roraima;Paraguai;Fevereiro;2026;4
Aérea;Ceará;Paraguai;Fevereiro;2026;8
Aérea;Rio Grande do Norte;Paraguai;Fevereiro;2026;3
Aérea;Pernambuco;Paraguai;Fevereiro;2026;23
Aérea;Alagoas;Paraguai;Fevereiro;2026;9
Aérea;Bahia;Paraguai;Fevereiro;2026;8
Aérea;Bahia;Paraguai;Fevereiro;2026;29
Aérea;Rio de Janeiro;Paraguai;Fevereiro;2026;10
Aérea;Rio de Janeiro;Paraguai;Fevereiro;2026;2829
Aérea;São Paulo;Paraguai;Fevereiro;2026;14
Aérea;São Paulo;Paraguai;Fevereiro;2026;4710
Aérea;Paraná;Paraguai;Fevereiro;2026;88
Aérea;Paraná;Paraguai;Fevereiro;2026;206
Aérea;Santa Catarina;Paraguai;Fevereiro;2026;406
Aérea;Santa Catarina;Paraguai;Fevereiro;2026;19
Aérea;Rio Grande do Sul;Paraguai;Fevereiro;2026;17
Aérea;Mato Grosso do Sul;Paraguai;Fevereiro;2026;10
Aérea;Mato Grosso;Paraguai;Fevereiro;2026;2
Aérea;Distrito Federal;Paraguai;Fevereiro;2026;8
Terrestre;Roraima;Paraguai;Fevereiro;2026;1
Terrestre;Paraná;Paraguai;Fevereiro;2026;4
Terrestre;Paraná;Paraguai;Fevereiro;2026;43693
Terrestre;Paraná;Paraguai;Fevereiro;2026;297
Terrestre;Paraná;Paraguai;Fevereiro;2026;3854
Terrestre;Paraná;Paraguai;Fevereiro;2026;923
Terrestre;Paraná;Paraguai;Fevereiro;2026;149
Terrestre;Santa Catarina;Paraguai;Fevereiro;2026;1645
Terrestre;Santa Catarina;Paraguai;Fevereiro;2026;212
Terrestre;Rio Grande do Sul;Paraguai;Fevereiro;2026;25
Terrestre;Rio Grande do Sul;Paraguai;Fevereiro;2026;3
Terrestre;Rio Grande do Sul;Paraguai;Fevereiro;2026;26
Terrestre;Rio Grande do Sul;Paraguai;Fevereiro;2026;6
Terrestre;Rio Grande do Sul;Paraguai;Fevereiro;2026;16
Terrestre;Rio Grande do Sul;Paraguai;Fevereiro;2026;148
Terrestre;Rio Grande do Sul;Paraguai;Fevereiro;2026;384
Terrestre;Rio Grande do Sul;Paraguai;Fevereiro;2026;316
Terrestre;Mato Grosso do Sul;Paraguai;Fevereiro;2026;41
Terrestre;Mato Grosso do Sul;Paraguai;Fevereiro;2026;1719
Marítima;Rio de Janeiro;Paraguai;Fevereiro;2026;37
Marítima;São Paulo;Paraguai;Fevereiro;2026;22
Marítima;Santa Catarina;Paraguai;Fevereiro;2026;33
Marítima;Santa Catarina;Paraguai;Fevereiro;2026;15
Fluvial;Santa Catarina;Paraguai;Fevereiro;2026;1
Fluvial;Rio Grande do Sul;Paraguai;Fevereiro;2026;130
Fluvial;Rio Grande do Sul;Paraguai;Fevereiro;2026;109
Terrestre;Paraná;Países não especificados;Fevereiro;2026;1
Terrestre;Santa Catarina;Países não especificados;Fevereiro;2026;1
Aérea;Amazonas;Peru;Fevereiro;2026;23
Aérea;Pará;Peru;Fevereiro;2026;11
Aérea;Ceará;Peru;Fevereiro;2026;4
Aérea;Rio Grande do Norte;Peru;Fevereiro;2026;1
Aérea;Pernambuco;Peru;Fevereiro;2026;8
Aérea;Alagoas;Peru;Fevereiro;2026;4
Aérea;Bahia;Peru;Fevereiro;2026;1
Aérea;Bahia;Peru;Fevereiro;2026;17
Aérea;Minas Gerais;Peru;Fevereiro;2026;6
Aérea;Rio de Janeiro;Peru;Fevereiro;2026;4
Aérea;Rio de Janeiro;Peru;Fevereiro;2026;5358
Aérea;São Paulo;Peru;Fevereiro;2026;8
Aérea;São Paulo;Peru;Fevereiro;2026;9545
Aérea;São Paulo;Peru;Fevereiro;2026;1
Aérea;Paraná;Peru;Fevereiro;2026;70
Aérea;Paraná;Peru;Fevereiro;2026;382
Aérea;Santa Catarina;Peru;Fevereiro;2026;837
Aérea;Rio Grande do Sul;Peru;Fevereiro;2026;262
Aérea;Distrito Federal;Peru;Fevereiro;2026;969
Terrestre;Rondônia;Peru;Fevereiro;2026;2
Terrestre;Acre;Peru;Fevereiro;2026;1517
Terrestre;Acre;Peru;Fevereiro;2026;1
Terrestre;Acre;Peru;Fevereiro;2026;75
Terrestre;Amazonas;Peru;Fevereiro;2026;164
Terrestre;Roraima;Peru;Fevereiro;2026;3
Terrestre;Roraima;Peru;Fevereiro;2026;15
Terrestre;Amapá;Peru;Fevereiro;2026;27
Terrestre;Paraná;Peru;Fevereiro;2026;177
Terrestre;Paraná;Peru;Fevereiro;2026;1061
Terrestre;Paraná;Peru;Fevereiro;2026;1
Terrestre;Santa Catarina;Peru;Fevereiro;2026;4
Terrestre;Santa Catarina;Peru;Fevereiro;2026;5
Terrestre;Rio Grande do Sul;Peru;Fevereiro;2026;4
Terrestre;Rio Grande do Sul;Peru;Fevereiro;2026;26
Terrestre;Rio Grande do Sul;Peru;Fevereiro;2026;9
Terrestre;Rio Grande do Sul;Peru;Fevereiro;2026;4
Terrestre;Rio Grande do Sul;Peru;Fevereiro;2026;49
Terrestre;Rio Grande do Sul;Peru;Fevereiro;2026;10
Terrestre;Rio Grande do Sul;Peru;Fevereiro;2026;168
Terrestre;Mato Grosso do Sul;Peru;Fevereiro;2026;159
Terrestre;Mato Grosso do Sul;Peru;Fevereiro;2026;174
Terrestre;Mato Grosso;Peru;Fevereiro;2026;1
Marítima;Maranhão;Peru;Fevereiro;2026;7
Marítima;Rio de Janeiro;Peru;Fevereiro;2026;49
Marítima;São Paulo;Peru;Fevereiro;2026;33
Marítima;Santa Catarina;Peru;Fevereiro;2026;298
Marítima;Santa Catarina;Peru;Fevereiro;2026;319
Fluvial;Amapá;Peru;Fevereiro;2026;4
Fluvial;Rio Grande do Sul;Peru;Fevereiro;2026;3
Aérea;Amazonas;Polônia;Fevereiro;2026;30
Aérea;Pará;Polônia;Fevereiro;2026;5
Aérea;Ceará;Polônia;Fevereiro;2026;117
Aérea;Rio Grande do Norte;Polônia;Fevereiro;2026;5
Aérea;Paraíba;Polônia;Fevereiro;2026;1
Aérea;Pernambuco;Polônia;Fevereiro;2026;48
Aérea;Alagoas;Polônia;Fevereiro;2026;5
Aérea;Bahia;Polônia;Fevereiro;2026;117
Aérea;Minas Gerais;Polônia;Fevereiro;2026;15
Aérea;Rio de Janeiro;Polônia;Fevereiro;2026;1682
Aérea;São Paulo;Polônia;Fevereiro;2026;71
Aérea;São Paulo;Polônia;Fevereiro;2026;2226
Aérea;Paraná;Polônia;Fevereiro;2026;3
Aérea;Paraná;Polônia;Fevereiro;2026;9
Aérea;Santa Catarina;Polônia;Fevereiro;2026;34
Aérea;Rio Grande do Sul;Polônia;Fevereiro;2026;5
Aérea;Distrito Federal;Polônia;Fevereiro;2026;17
Terrestre;Amazonas;Polônia;Fevereiro;2026;3
Terrestre;Paraná;Polônia;Fevereiro;2026;70
Terrestre;Paraná;Polônia;Fevereiro;2026;759
Terrestre;Santa Catarina;Polônia;Fevereiro;2026;1
Terrestre;Rio Grande do Sul;Polônia;Fevereiro;2026;5
Terrestre;Rio Grande do Sul;Polônia;Fevereiro;2026;1
Terrestre;Rio Grande do Sul;Polônia;Fevereiro;2026;1
Terrestre;Rio Grande do Sul;Polônia;Fevereiro;2026;2
Terrestre;Mato Grosso do Sul;Polônia;Fevereiro;2026;2
Marítima;Pernambuco;Polônia;Fevereiro;2026;1
Marítima;Rio de Janeiro;Polônia;Fevereiro;2026;3
Marítima;Rio de Janeiro;Polônia;Fevereiro;2026;24
Marítima;São Paulo;Polônia;Fevereiro;2026;11
Marítima;Santa Catarina;Polônia;Fevereiro;2026;109
Marítima;Santa Catarina;Polônia;Fevereiro;2026;3
Marítima;Rio Grande do Sul;Polônia;Fevereiro;2026;3
Fluvial;Amapá;Polônia;Fevereiro;2026;1
Fluvial;Santa Catarina;Polônia;Fevereiro;2026;1
Aérea;São Paulo;Porto Rico;Fevereiro;2026;1
Aérea;Amazonas;Portugal;Fevereiro;2026;73
Aérea;Roraima;Portugal;Fevereiro;2026;1
Aérea;Pará;Portugal;Fevereiro;2026;451
Aérea;Ceará;Portugal;Fevereiro;2026;3300
Aérea;Rio Grande do Norte;Portugal;Fevereiro;2026;588
Aérea;Paraíba;Portugal;Fevereiro;2026;1
Aérea;Pernambuco;Portugal;Fevereiro;2026;2904
Aérea;Alagoas;Portugal;Fevereiro;2026;160
Aérea;Bahia;Portugal;Fevereiro;2026;2
Aérea;Bahia;Portugal;Fevereiro;2026;2353
Aérea;Minas Gerais;Portugal;Fevereiro;2026;1857
Aérea;Rio de Janeiro;Portugal;Fevereiro;2026;7496
Aérea;São Paulo;Portugal;Fevereiro;2026;6077
Aérea;São Paulo;Portugal;Fevereiro;2026;11810
Aérea;São Paulo;Portugal;Fevereiro;2026;11
Aérea;Paraná;Portugal;Fevereiro;2026;1
Aérea;Paraná;Portugal;Fevereiro;2026;2
Aérea;Santa Catarina;Portugal;Fevereiro;2026;358
Aérea;Rio Grande do Sul;Portugal;Fevereiro;2026;126
Aérea;Distrito Federal;Portugal;Fevereiro;2026;1230
Terrestre;Amazonas;Portugal;Fevereiro;2026;6
Terrestre;Roraima;Portugal;Fevereiro;2026;1
Terrestre;Roraima;Portugal;Fevereiro;2026;1
Terrestre;Amapá;Portugal;Fevereiro;2026;9
Terrestre;Paraná;Portugal;Fevereiro;2026;22
Terrestre;Paraná;Portugal;Fevereiro;2026;138
Terrestre;Santa Catarina;Portugal;Fevereiro;2026;1
Terrestre;Santa Catarina;Portugal;Fevereiro;2026;2
Terrestre;Rio Grande do Sul;Portugal;Fevereiro;2026;1
Terrestre;Rio Grande do Sul;Portugal;Fevereiro;2026;5
Terrestre;Rio Grande do Sul;Portugal;Fevereiro;2026;4
Terrestre;Rio Grande do Sul;Portugal;Fevereiro;2026;3
Terrestre;Mato Grosso do Sul;Portugal;Fevereiro;2026;3
Terrestre;Mato Grosso do Sul;Portugal;Fevereiro;2026;1
Marítima;Pernambuco;Portugal;Fevereiro;2026;4
Marítima;Bahia;Portugal;Fevereiro;2026;12
Marítima;Rio de Janeiro;Portugal;Fevereiro;2026;17
Marítima;São Paulo;Portugal;Fevereiro;2026;46
Marítima;Santa Catarina;Portugal;Fevereiro;2026;43
Marítima;Santa Catarina;Portugal;Fevereiro;2026;18
Fluvial;Amapá;Portugal;Fevereiro;2026;3
Aérea;Bahia;Quirguistão;Fevereiro;2026;1
Aérea;São Paulo;Quirguistão;Fevereiro;2026;9
Aérea;Bahia;Quênia;Fevereiro;2026;1
Aérea;Rio de Janeiro;Quênia;Fevereiro;2026;14
Aérea;São Paulo;Quênia;Fevereiro;2026;35
Aérea;Distrito Federal;Quênia;Fevereiro;2026;1
Terrestre;Paraná;Quênia;Fevereiro;2026;1
Marítima;Rio de Janeiro;Quênia;Fevereiro;2026;10
Aérea;Amazonas;Reino Unido;Fevereiro;2026;38
Aérea;Pará;Reino Unido;Fevereiro;2026;31
Aérea;Ceará;Reino Unido;Fevereiro;2026;169
Aérea;Rio Grande do Norte;Reino Unido;Fevereiro;2026;63
Aérea;Pernambuco;Reino Unido;Fevereiro;2026;202
Aérea;Bahia;Reino Unido;Fevereiro;2026;443
Aérea;Minas Gerais;Reino Unido;Fevereiro;2026;507
Aérea;Rio de Janeiro;Reino Unido;Fevereiro;2026;8620
Aérea;São Paulo;Reino Unido;Fevereiro;2026;406
Aérea;São Paulo;Reino Unido;Fevereiro;2026;14688
Aérea;São Paulo;Reino Unido;Fevereiro;2026;2
Aérea;São Paulo;Reino Unido;Fevereiro;2026;3
Aérea;Paraná;Reino Unido;Fevereiro;2026;13
Aérea;Paraná;Reino Unido;Fevereiro;2026;9
Aérea;Santa Catarina;Reino Unido;Fevereiro;2026;166
Aérea;Santa Catarina;Reino Unido;Fevereiro;2026;3
Aérea;Rio Grande do Sul;Reino Unido;Fevereiro;2026;26
Aérea;Distrito Federal;Reino Unido;Fevereiro;2026;116
Terrestre;Acre;Reino Unido;Fevereiro;2026;4
Terrestre;Amazonas;Reino Unido;Fevereiro;2026;13
Terrestre;Roraima;Reino Unido;Fevereiro;2026;6
Terrestre;Roraima;Reino Unido;Fevereiro;2026;4
Terrestre;Amapá;Reino Unido;Fevereiro;2026;1
Terrestre;Paraná;Reino Unido;Fevereiro;2026;107
Terrestre;Paraná;Reino Unido;Fevereiro;2026;2011
Terrestre;Paraná;Reino Unido;Fevereiro;2026;1
Terrestre;Santa Catarina;Reino Unido;Fevereiro;2026;6
Terrestre;Rio Grande do Sul;Reino Unido;Fevereiro;2026;1
Terrestre;Rio Grande do Sul;Reino Unido;Fevereiro;2026;22
Terrestre;Rio Grande do Sul;Reino Unido;Fevereiro;2026;2
Terrestre;Rio Grande do Sul;Reino Unido;Fevereiro;2026;2
Terrestre;Rio Grande do Sul;Reino Unido;Fevereiro;2026;2
Terrestre;Mato Grosso do Sul;Reino Unido;Fevereiro;2026;9
Terrestre;Mato Grosso do Sul;Reino Unido;Fevereiro;2026;2
Marítima;Ceará;Reino Unido;Fevereiro;2026;3
Marítima;Pernambuco;Reino Unido;Fevereiro;2026;3
Marítima;Pernambuco;Reino Unido;Fevereiro;2026;53
Marítima;Bahia;Reino Unido;Fevereiro;2026;1046
Marítima;Espírito Santo;Reino Unido;Fevereiro;2026;1
Marítima;Rio de Janeiro;Reino Unido;Fevereiro;2026;214
Marítima;São Paulo;Reino Unido;Fevereiro;2026;27
Marítima;Santa Catarina;Reino Unido;Fevereiro;2026;151
Marítima;Santa Catarina;Reino Unido;Fevereiro;2026;5
Marítima;Rio Grande do Sul;Reino Unido;Fevereiro;2026;216
Aérea;São Paulo;República Centro Africana;Fevereiro;2026;1
Aérea;Rio de Janeiro;República Democrática do Congo;Fevereiro;2026;5
Aérea;São Paulo;República Democrática do Congo;Fevereiro;2026;42
Aérea;Amazonas;República Dominicana;Fevereiro;2026;7
Aérea;Pará;República Dominicana;Fevereiro;2026;8
Aérea;Ceará;República Dominicana;Fevereiro;2026;1
Aérea;Pernambuco;República Dominicana;Fevereiro;2026;1
Aérea;Bahia;República Dominicana;Fevereiro;2026;4
Aérea;Minas Gerais;República Dominicana;Fevereiro;2026;4
Aérea;Rio de Janeiro;República Dominicana;Fevereiro;2026;211
Aérea;São Paulo;República Dominicana;Fevereiro;2026;3
Aérea;São Paulo;República Dominicana;Fevereiro;2026;736
Aérea;Santa Catarina;República Dominicana;Fevereiro;2026;13
Aérea;Rio Grande do Sul;República Dominicana;Fevereiro;2026;24
Aérea;Distrito Federal;República Dominicana;Fevereiro;2026;60
Terrestre;Acre;República Dominicana;Fevereiro;2026;1
Terrestre;Amazonas;República Dominicana;Fevereiro;2026;2
Terrestre;Roraima;República Dominicana;Fevereiro;2026;1
Terrestre;Roraima;República Dominicana;Fevereiro;2026;1
Terrestre;Amapá;República Dominicana;Fevereiro;2026;22
Terrestre;Paraná;República Dominicana;Fevereiro;2026;6
Terrestre;Paraná;República Dominicana;Fevereiro;2026;11
Terrestre;Rio Grande do Sul;República Dominicana;Fevereiro;2026;4
Terrestre;Rio Grande do Sul;República Dominicana;Fevereiro;2026;2
Terrestre;Rio Grande do Sul;República Dominicana;Fevereiro;2026;3
Terrestre;Rio Grande do Sul;República Dominicana;Fevereiro;2026;1
Terrestre;Rio Grande do Sul;República Dominicana;Fevereiro;2026;1
Terrestre;Mato Grosso do Sul;República Dominicana;Fevereiro;2026;3
Marítima;Rio de Janeiro;República Dominicana;Fevereiro;2026;3
Marítima;Santa Catarina;República Dominicana;Fevereiro;2026;1
Marítima;Santa Catarina;República Dominicana;Fevereiro;2026;47
Marítima;Rio Grande do Sul;República Dominicana;Fevereiro;2026;1
Aérea;Amazonas;República Tcheca;Fevereiro;2026;2
Aérea;Pará;República Tcheca;Fevereiro;2026;1
Aérea;Ceará;República Tcheca;Fevereiro;2026;10
Aérea;Rio Grande do Norte;República Tcheca;Fevereiro;2026;28
Aérea;Pernambuco;República Tcheca;Fevereiro;2026;12
Aérea;Bahia;República Tcheca;Fevereiro;2026;46
Aérea;Minas Gerais;República Tcheca;Fevereiro;2026;10
Aérea;Rio de Janeiro;República Tcheca;Fevereiro;2026;673
Aérea;São Paulo;República Tcheca;Fevereiro;2026;6
Aérea;São Paulo;República Tcheca;Fevereiro;2026;275
Aérea;Paraná;República Tcheca;Fevereiro;2026;2
Aérea;Paraná;República Tcheca;Fevereiro;2026;1
Aérea;Santa Catarina;República Tcheca;Fevereiro;2026;11
Aérea;Rio Grande do Sul;República Tcheca;Fevereiro;2026;4
Aérea;Distrito Federal;República Tcheca;Fevereiro;2026;3
Terrestre;Acre;República Tcheca;Fevereiro;2026;2
Terrestre;Amazonas;República Tcheca;Fevereiro;2026;2
Terrestre;Paraná;República Tcheca;Fevereiro;2026;14
Terrestre;Paraná;República Tcheca;Fevereiro;2026;181
Terrestre;Rio Grande do Sul;República Tcheca;Fevereiro;2026;1
Terrestre;Rio Grande do Sul;República Tcheca;Fevereiro;2026;4
Marítima;Rio de Janeiro;República Tcheca;Fevereiro;2026;20
Marítima;São Paulo;República Tcheca;Fevereiro;2026;2
Marítima;Santa Catarina;República Tcheca;Fevereiro;2026;1
Marítima;Santa Catarina;República Tcheca;Fevereiro;2026;1
Fluvial;Amapá;República Tcheca;Fevereiro;2026;2
Aérea;Amazonas;República da Coreia;Fevereiro;2026;12
Aérea;Ceará;República da Coreia;Fevereiro;2026;2
Aérea;Rio Grande do Norte;República da Coreia;Fevereiro;2026;3
Aérea;Pernambuco;República da Coreia;Fevereiro;2026;3
Aérea;Bahia;República da Coreia;Fevereiro;2026;1
Aérea;Bahia;República da Coreia;Fevereiro;2026;10
Aérea;Minas Gerais;República da Coreia;Fevereiro;2026;2
Aérea;Rio de Janeiro;República da Coreia;Fevereiro;2026;391
Aérea;São Paulo;República da Coreia;Fevereiro;2026;5
Aérea;São Paulo;República da Coreia;Fevereiro;2026;1694
Aérea;Paraná;República da Coreia;Fevereiro;2026;14
Aérea;Paraná;República da Coreia;Fevereiro;2026;8
Aérea;Santa Catarina;República da Coreia;Fevereiro;2026;14
Aérea;Rio Grande do Sul;República da Coreia;Fevereiro;2026;6
Aérea;Distrito Federal;República da Coreia;Fevereiro;2026;3
Terrestre;Roraima;República da Coreia;Fevereiro;2026;1
Terrestre;Paraná;República da Coreia;Fevereiro;2026;73
Terrestre;Paraná;República da Coreia;Fevereiro;2026;1536
Terrestre;Paraná;República da Coreia;Fevereiro;2026;4
Terrestre;Santa Catarina;República da Coreia;Fevereiro;2026;1
Terrestre;Rio Grande do Sul;República da Coreia;Fevereiro;2026;1
Terrestre;Rio Grande do Sul;República da Coreia;Fevereiro;2026;1
Terrestre;Rio Grande do Sul;República da Coreia;Fevereiro;2026;2
Terrestre;Mato Grosso do Sul;República da Coreia;Fevereiro;2026;1
Marítima;Rio de Janeiro;República da Coreia;Fevereiro;2026;25
Marítima;São Paulo;República da Coreia;Fevereiro;2026;50
Marítima;Santa Catarina;República da Coreia;Fevereiro;2026;7
Marítima;Santa Catarina;República da Coreia;Fevereiro;2026;1
Aérea;Pernambuco;República do Kosovo;Fevereiro;2026;2
Aérea;Rio de Janeiro;República do Kosovo;Fevereiro;2026;7
Aérea;São Paulo;República do Kosovo;Fevereiro;2026;10
Aérea;Distrito Federal;República do Kosovo;Fevereiro;2026;1
Aérea;Amazonas;Romênia;Fevereiro;2026;1
Aérea;Pará;Romênia;Fevereiro;2026;2
Aérea;Ceará;Romênia;Fevereiro;2026;36
Aérea;Rio Grande do Norte;Romênia;Fevereiro;2026;4
Aérea;Pernambuco;Romênia;Fevereiro;2026;8
Aérea;Bahia;Romênia;Fevereiro;2026;24
Aérea;Minas Gerais;Romênia;Fevereiro;2026;6
Aérea;Rio de Janeiro;Romênia;Fevereiro;2026;461
Aérea;São Paulo;Romênia;Fevereiro;2026;37
Aérea;São Paulo;Romênia;Fevereiro;2026;934
Aérea;Paraná;Romênia;Fevereiro;2026;2
Aérea;Paraná;Romênia;Fevereiro;2026;2
Aérea;Santa Catarina;Romênia;Fevereiro;2026;8
Aérea;Rio Grande do Sul;Romênia;Fevereiro;2026;2
Aérea;Distrito Federal;Romênia;Fevereiro;2026;2
Terrestre;Paraná;Romênia;Fevereiro;2026;11
Terrestre;Paraná;Romênia;Fevereiro;2026;105
Terrestre;Rio Grande do Sul;Romênia;Fevereiro;2026;2
Marítima;Rio de Janeiro;Romênia;Fevereiro;2026;30
Marítima;São Paulo;Romênia;Fevereiro;2026;7
Marítima;Santa Catarina;Romênia;Fevereiro;2026;17
Marítima;Santa Catarina;Romênia;Fevereiro;2026;9
Marítima;Santa Catarina;Romênia;Fevereiro;2026;2
Fluvial;Santa Catarina;Romênia;Fevereiro;2026;2
Fluvial;Rio Grande do Sul;Romênia;Fevereiro;2026;1
Aérea;Rio de Janeiro;Ruanda;Fevereiro;2026;3
Aérea;São Paulo;Ruanda;Fevereiro;2026;5
Aérea;Amazonas;Rússia;Fevereiro;2026;5
Aérea;Ceará;Rússia;Fevereiro;2026;3
Aérea;Rio Grande do Norte;Rússia;Fevereiro;2026;7
Aérea;Paraíba;Rússia;Fevereiro;2026;2
Aérea;Pernambuco;Rússia;Fevereiro;2026;7
Aérea;Bahia;Rússia;Fevereiro;2026;3
Aérea;Bahia;Rússia;Fevereiro;2026;7
Aérea;Minas Gerais;Rússia;Fevereiro;2026;4
Aérea;Rio de Janeiro;Rússia;Fevereiro;2026;756
Aérea;São Paulo;Rússia;Fevereiro;2026;15
Aérea;São Paulo;Rússia;Fevereiro;2026;2914
Aérea;São Paulo;Rússia;Fevereiro;2026;2
Aérea;Paraná;Rússia;Fevereiro;2026;6
Aérea;Paraná;Rússia;Fevereiro;2026;6
Aérea;Santa Catarina;Rússia;Fevereiro;2026;68
Aérea;Rio Grande do Sul;Rússia;Fevereiro;2026;4
Aérea;Distrito Federal;Rússia;Fevereiro;2026;143
Terrestre;Amazonas;Rússia;Fevereiro;2026;5
Terrestre;Roraima;Rússia;Fevereiro;2026;3
Terrestre;Roraima;Rússia;Fevereiro;2026;1
Terrestre;Amapá;Rússia;Fevereiro;2026;1
Terrestre;Paraná;Rússia;Fevereiro;2026;62
Terrestre;Paraná;Rússia;Fevereiro;2026;488
Terrestre;Rio Grande do Sul;Rússia;Fevereiro;2026;14
Terrestre;Rio Grande do Sul;Rússia;Fevereiro;2026;4
Terrestre;Rio Grande do Sul;Rússia;Fevereiro;2026;1
Terrestre;Rio Grande do Sul;Rússia;Fevereiro;2026;5
Marítima;Rio de Janeiro;Rússia;Fevereiro;2026;37
Marítima;São Paulo;Rússia;Fevereiro;2026;17
Marítima;Santa Catarina;Rússia;Fevereiro;2026;2
Marítima;Santa Catarina;Rússia;Fevereiro;2026;2
Marítima;Santa Catarina;Rússia;Fevereiro;2026;1
Marítima;Rio Grande do Sul;Rússia;Fevereiro;2026;1
Fluvial;Amapá;Rússia;Fevereiro;2026;1
Fluvial;Santa Catarina;Rússia;Fevereiro;2026;2
Fluvial;Rio Grande do Sul;Rússia;Fevereiro;2026;31
Marítima;Rio de Janeiro;Samoa;Fevereiro;2026;1
Aérea;Rio Grande do Norte;San Marino;Fevereiro;2026;1
Aérea;São Paulo;San Marino;Fevereiro;2026;4
Aérea;Rio de Janeiro;Santa Lúcia;Fevereiro;2026;2
Aérea;São Paulo;Santa Lúcia;Fevereiro;2026;6
Terrestre;Amapá;Santa Lúcia;Fevereiro;2026;3
Aérea;Pernambuco;Senegal;Fevereiro;2026;1
Aérea;Rio de Janeiro;Senegal;Fevereiro;2026;3
Aérea;São Paulo;Senegal;Fevereiro;2026;11
Aérea;São Paulo;Serra Leoa;Fevereiro;2026;3
Aérea;Rio de Janeiro;Sri Lanka;Fevereiro;2026;2
Aérea;São Paulo;Sri Lanka;Fevereiro;2026;1
Aérea;São Paulo;Sri Lanka;Fevereiro;2026;7
Terrestre;Paraná;Sri Lanka;Fevereiro;2026;2
Aérea;São Paulo;Suazilândia;Fevereiro;2026;2
Aérea;São Paulo;Sudão;Fevereiro;2026;14
Aérea;Pará;Suriname;Fevereiro;2026;948
Aérea;Ceará;Suriname;Fevereiro;2026;1
Aérea;Bahia;Suriname;Fevereiro;2026;1
Aérea;Rio de Janeiro;Suriname;Fevereiro;2026;4
Aérea;São Paulo;Suriname;Fevereiro;2026;24
Terrestre;Roraima;Suriname;Fevereiro;2026;4
Terrestre;Amapá;Suriname;Fevereiro;2026;20
Marítima;São Paulo;Suriname;Fevereiro;2026;13
Fluvial;Amapá;Suriname;Fevereiro;2026;1
Aérea;Amazonas;Suécia;Fevereiro;2026;5
Aérea;Pará;Suécia;Fevereiro;2026;2
Aérea;Ceará;Suécia;Fevereiro;2026;60
Aérea;Rio Grande do Norte;Suécia;Fevereiro;2026;82
Aérea;Pernambuco;Suécia;Fevereiro;2026;44
Aérea;Bahia;Suécia;Fevereiro;2026;2
Aérea;Bahia;Suécia;Fevereiro;2026;40
Aérea;Minas Gerais;Suécia;Fevereiro;2026;7
Aérea;Rio de Janeiro;Suécia;Fevereiro;2026;1165
Aérea;São Paulo;Suécia;Fevereiro;2026;30
Aérea;São Paulo;Suécia;Fevereiro;2026;2168
Aérea;Paraná;Suécia;Fevereiro;2026;5
Aérea;Paraná;Suécia;Fevereiro;2026;4
Aérea;Santa Catarina;Suécia;Fevereiro;2026;34
Aérea;Rio Grande do Sul;Suécia;Fevereiro;2026;11
Aérea;Distrito Federal;Suécia;Fevereiro;2026;14
Terrestre;Amazonas;Suécia;Fevereiro;2026;2
Terrestre;Paraná;Suécia;Fevereiro;2026;4
Terrestre;Paraná;Suécia;Fevereiro;2026;89
Terrestre;Rio Grande do Sul;Suécia;Fevereiro;2026;10
Terrestre;Mato Grosso do Sul;Suécia;Fevereiro;2026;1
Marítima;Pernambuco;Suécia;Fevereiro;2026;2
Marítima;Bahia;Suécia;Fevereiro;2026;2
Marítima;Rio de Janeiro;Suécia;Fevereiro;2026;6
Marítima;São Paulo;Suécia;Fevereiro;2026;1
Marítima;Santa Catarina;Suécia;Fevereiro;2026;2
Marítima;Santa Catarina;Suécia;Fevereiro;2026;1
Marítima;Rio Grande do Sul;Suécia;Fevereiro;2026;5
Aérea;Amazonas;Suíça;Fevereiro;2026;24
Aérea;Pará;Suíça;Fevereiro;2026;23
Aérea;Ceará;Suíça;Fevereiro;2026;209
Aérea;Rio Grande do Norte;Suíça;Fevereiro;2026;67
Aérea;Pernambuco;Suíça;Fevereiro;2026;212
Aérea;Alagoas;Suíça;Fevereiro;2026;7
Aérea;Bahia;Suíça;Fevereiro;2026;1
Aérea;Bahia;Suíça;Fevereiro;2026;599
Aérea;Minas Gerais;Suíça;Fevereiro;2026;90
Aérea;Rio de Janeiro;Suíça;Fevereiro;2026;1851
Aérea;São Paulo;Suíça;Fevereiro;2026;23
Aérea;São Paulo;Suíça;Fevereiro;2026;3614
Aérea;Paraná;Suíça;Fevereiro;2026;5
Aérea;Paraná;Suíça;Fevereiro;2026;3
Aérea;Santa Catarina;Suíça;Fevereiro;2026;90
Aérea;Rio Grande do Sul;Suíça;Fevereiro;2026;17
Aérea;Distrito Federal;Suíça;Fevereiro;2026;108
Terrestre;Amazonas;Suíça;Fevereiro;2026;8
Terrestre;Roraima;Suíça;Fevereiro;2026;1
Terrestre;Roraima;Suíça;Fevereiro;2026;1
Terrestre;Paraná;Suíça;Fevereiro;2026;39
Terrestre;Paraná;Suíça;Fevereiro;2026;375
Terrestre;Santa Catarina;Suíça;Fevereiro;2026;4
Terrestre;Rio Grande do Sul;Suíça;Fevereiro;2026;11
Terrestre;Rio Grande do Sul;Suíça;Fevereiro;2026;2
Terrestre;Rio Grande do Sul;Suíça;Fevereiro;2026;2
Terrestre;Rio Grande do Sul;Suíça;Fevereiro;2026;2
Terrestre;Mato Grosso do Sul;Suíça;Fevereiro;2026;8
Terrestre;Mato Grosso do Sul;Suíça;Fevereiro;2026;2
Marítima;Ceará;Suíça;Fevereiro;2026;26
Marítima;Pernambuco;Suíça;Fevereiro;2026;1
Marítima;Pernambuco;Suíça;Fevereiro;2026;3
Marítima;Bahia;Suíça;Fevereiro;2026;2
Marítima;Rio de Janeiro;Suíça;Fevereiro;2026;16
Marítima;São Paulo;Suíça;Fevereiro;2026;17
Marítima;Santa Catarina;Suíça;Fevereiro;2026;28
Marítima;Santa Catarina;Suíça;Fevereiro;2026;6
Marítima;Santa Catarina;Suíça;Fevereiro;2026;16
Marítima;Rio Grande do Sul;Suíça;Fevereiro;2026;24
Fluvial;Rio Grande do Sul;Suíça;Fevereiro;2026;3
Aérea;Amazonas;São Cristóvão e Nevis;Fevereiro;2026;1
Aérea;Ceará;São Cristóvão e Nevis;Fevereiro;2026;2
Aérea;Rio de Janeiro;São Cristóvão e Nevis;Fevereiro;2026;16
Aérea;São Paulo;São Cristóvão e Nevis;Fevereiro;2026;19
Aérea;Distrito Federal;São Cristóvão e Nevis;Fevereiro;2026;1
Aérea;Rio de Janeiro;São Tome e Príncipe;Fevereiro;2026;1
Aérea;São Paulo;São Tome e Príncipe;Fevereiro;2026;1
Aérea;Distrito Federal;São Tome e Príncipe;Fevereiro;2026;1
Aérea;Rio de Janeiro;São Vicente e Granadinas;Fevereiro;2026;2
Aérea;Amazonas;Sérvia;Fevereiro;2026;3
Aérea;Ceará;Sérvia;Fevereiro;2026;2
Aérea;Bahia;Sérvia;Fevereiro;2026;9
Aérea;Rio de Janeiro;Sérvia;Fevereiro;2026;188
Aérea;São Paulo;Sérvia;Fevereiro;2026;13
Aérea;São Paulo;Sérvia;Fevereiro;2026;192
Aérea;Santa Catarina;Sérvia;Fevereiro;2026;1
Aérea;Distrito Federal;Sérvia;Fevereiro;2026;1
Terrestre;Paraná;Sérvia;Fevereiro;2026;3
Terrestre;Paraná;Sérvia;Fevereiro;2026;26
Marítima;Rio de Janeiro;Sérvia;Fevereiro;2026;3
Marítima;São Paulo;Sérvia;Fevereiro;2026;1
Aérea;Rio de Janeiro;Síria;Fevereiro;2026;2
Aérea;São Paulo;Síria;Fevereiro;2026;58
Terrestre;Roraima;Síria;Fevereiro;2026;1
Terrestre;Rio Grande do Sul;Síria;Fevereiro;2026;2
Aérea;Rio de Janeiro;Tailândia;Fevereiro;2026;92
Aérea;São Paulo;Tailândia;Fevereiro;2026;320
Terrestre;Paraná;Tailândia;Fevereiro;2026;30
Terrestre;Santa Catarina;Tailândia;Fevereiro;2026;2
Marítima;São Paulo;Tailândia;Fevereiro;2026;24
Marítima;Rio Grande do Sul;Tailândia;Fevereiro;2026;1
Aérea;Amazonas;Taiwan;Fevereiro;2026;1
Aérea;Pará;Taiwan;Fevereiro;2026;1
Aérea;Bahia;Taiwan;Fevereiro;2026;2
Aérea;Minas Gerais;Taiwan;Fevereiro;2026;1
Aérea;Rio de Janeiro;Taiwan;Fevereiro;2026;162
Aérea;São Paulo;Taiwan;Fevereiro;2026;3
Aérea;São Paulo;Taiwan;Fevereiro;2026;286
Aérea;Paraná;Taiwan;Fevereiro;2026;3
Aérea;Santa Catarina;Taiwan;Fevereiro;2026;3
Aérea;Rio Grande do Sul;Taiwan;Fevereiro;2026;2
Aérea;Distrito Federal;Taiwan;Fevereiro;2026;3
Terrestre;Amapá;Taiwan;Fevereiro;2026;1
Terrestre;Paraná;Taiwan;Fevereiro;2026;29
Terrestre;Paraná;Taiwan;Fevereiro;2026;242
Terrestre;Mato Grosso do Sul;Taiwan;Fevereiro;2026;2
Marítima;Rio de Janeiro;Taiwan;Fevereiro;2026;2
Marítima;São Paulo;Taiwan;Fevereiro;2026;122
Aérea;São Paulo;Tanzânia;Fevereiro;2026;28
Aérea;Rio de Janeiro;Togo;Fevereiro;2026;2
Aérea;São Paulo;Togo;Fevereiro;2026;44
Aérea;Ceará;Trinidad e Tobago;Fevereiro;2026;1
Aérea;Pernambuco;Trinidad e Tobago;Fevereiro;2026;1
Aérea;Bahia;Trinidad e Tobago;Fevereiro;2026;2
Aérea;Rio de Janeiro;Trinidad e Tobago;Fevereiro;2026;24
Aérea;São Paulo;Trinidad e Tobago;Fevereiro;2026;27
Terrestre;Roraima;Trinidad e Tobago;Fevereiro;2026;5
Terrestre;Paraná;Trinidad e Tobago;Fevereiro;2026;2
Marítima;Rio de Janeiro;Trinidad e Tobago;Fevereiro;2026;1
Aérea;Amazonas;Tunísia;Fevereiro;2026;1
Aérea;Ceará;Tunísia;Fevereiro;2026;3
Aérea;Rio Grande do Norte;Tunísia;Fevereiro;2026;1
Aérea;Pernambuco;Tunísia;Fevereiro;2026;1
Aérea;Bahia;Tunísia;Fevereiro;2026;3
Aérea;Minas Gerais;Tunísia;Fevereiro;2026;1
Aérea;Rio de Janeiro;Tunísia;Fevereiro;2026;96
Aérea;São Paulo;Tunísia;Fevereiro;2026;3
Aérea;São Paulo;Tunísia;Fevereiro;2026;172
Aérea;Paraná;Tunísia;Fevereiro;2026;1
Aérea;Distrito Federal;Tunísia;Fevereiro;2026;1
Terrestre;Rio Grande do Sul;Tunísia;Fevereiro;2026;2
Marítima;Rio de Janeiro;Tunísia;Fevereiro;2026;2
Aérea;São Paulo;Turcomenistão;Fevereiro;2026;2
Aérea;Amazonas;Turquia;Fevereiro;2026;2
Aérea;Pará;Turquia;Fevereiro;2026;1
Aérea;Ceará;Turquia;Fevereiro;2026;4
Aérea;Rio Grande do Norte;Turquia;Fevereiro;2026;1
Aérea;Pernambuco;Turquia;Fevereiro;2026;7
Aérea;Bahia;Turquia;Fevereiro;2026;10
Aérea;Rio de Janeiro;Turquia;Fevereiro;2026;266
Aérea;São Paulo;Turquia;Fevereiro;2026;13
Aérea;São Paulo;Turquia;Fevereiro;2026;2195
Aérea;Paraná;Turquia;Fevereiro;2026;1
Aérea;Santa Catarina;Turquia;Fevereiro;2026;9
Aérea;Rio Grande do Sul;Turquia;Fevereiro;2026;1
Aérea;Distrito Federal;Turquia;Fevereiro;2026;8
Terrestre;Acre;Turquia;Fevereiro;2026;1
Terrestre;Roraima;Turquia;Fevereiro;2026;1
Terrestre;Roraima;Turquia;Fevereiro;2026;1
Terrestre;Paraná;Turquia;Fevereiro;2026;12
Terrestre;Paraná;Turquia;Fevereiro;2026;190
Terrestre;Rio Grande do Sul;Turquia;Fevereiro;2026;2
Terrestre;Rio Grande do Sul;Turquia;Fevereiro;2026;1
Terrestre;Mato Grosso do Sul;Turquia;Fevereiro;2026;1
Marítima;Ceará;Turquia;Fevereiro;2026;1
Marítima;Rio de Janeiro;Turquia;Fevereiro;2026;3
Marítima;São Paulo;Turquia;Fevereiro;2026;3
Marítima;Santa Catarina;Turquia;Fevereiro;2026;1
Aérea;Amazonas;Ucrânia;Fevereiro;2026;2
Aérea;Pará;Ucrânia;Fevereiro;2026;1
Aérea;Ceará;Ucrânia;Fevereiro;2026;15
Aérea;Rio Grande do Norte;Ucrânia;Fevereiro;2026;2
Aérea;Pernambuco;Ucrânia;Fevereiro;2026;13
Aérea;Bahia;Ucrânia;Fevereiro;2026;8
Aérea;Minas Gerais;Ucrânia;Fevereiro;2026;3
Aérea;Rio de Janeiro;Ucrânia;Fevereiro;2026;1
Aérea;Rio de Janeiro;Ucrânia;Fevereiro;2026;304
Aérea;São Paulo;Ucrânia;Fevereiro;2026;36
Aérea;São Paulo;Ucrânia;Fevereiro;2026;275
Aérea;Paraná;Ucrânia;Fevereiro;2026;1
Aérea;Santa Catarina;Ucrânia;Fevereiro;2026;23
Aérea;Rio Grande do Sul;Ucrânia;Fevereiro;2026;1
Aérea;Distrito Federal;Ucrânia;Fevereiro;2026;9
Terrestre;Acre;Ucrânia;Fevereiro;2026;1
Terrestre;Amapá;Ucrânia;Fevereiro;2026;1
Terrestre;Paraná;Ucrânia;Fevereiro;2026;15
Terrestre;Paraná;Ucrânia;Fevereiro;2026;72
Terrestre;Rio Grande do Sul;Ucrânia;Fevereiro;2026;2
Terrestre;Rio Grande do Sul;Ucrânia;Fevereiro;2026;1
Terrestre;Rio Grande do Sul;Ucrânia;Fevereiro;2026;3
Terrestre;Rio Grande do Sul;Ucrânia;Fevereiro;2026;1
Terrestre;Rio Grande do Sul;Ucrânia;Fevereiro;2026;1
Marítima;Ceará;Ucrânia;Fevereiro;2026;2
Marítima;Rio de Janeiro;Ucrânia;Fevereiro;2026;3
Marítima;Rio de Janeiro;Ucrânia;Fevereiro;2026;4
Marítima;São Paulo;Ucrânia;Fevereiro;2026;4
Marítima;Santa Catarina;Ucrânia;Fevereiro;2026;24
Marítima;Santa Catarina;Ucrânia;Fevereiro;2026;5
Marítima;Santa Catarina;Ucrânia;Fevereiro;2026;1
Fluvial;Rio Grande do Sul;Ucrânia;Fevereiro;2026;1
Aérea;São Paulo;Uganda;Fevereiro;2026;13
Terrestre;Rio Grande do Sul;Uganda;Fevereiro;2026;1
Aérea;Roraima;Uruguai;Fevereiro;2026;1
Aérea;Pará;Uruguai;Fevereiro;2026;2
Aérea;Ceará;Uruguai;Fevereiro;2026;503
Aérea;Rio Grande do Norte;Uruguai;Fevereiro;2026;13
Aérea;Pernambuco;Uruguai;Fevereiro;2026;746
Aérea;Alagoas;Uruguai;Fevereiro;2026;8
Aérea;Bahia;Uruguai;Fevereiro;2026;6
Aérea;Bahia;Uruguai;Fevereiro;2026;1091
Aérea;Minas Gerais;Uruguai;Fevereiro;2026;1
Aérea;Rio de Janeiro;Uruguai;Fevereiro;2026;8
Aérea;Rio de Janeiro;Uruguai;Fevereiro;2026;8354
Aérea;São Paulo;Uruguai;Fevereiro;2026;3
Aérea;São Paulo;Uruguai;Fevereiro;2026;6733
Aérea;São Paulo;Uruguai;Fevereiro;2026;3
Aérea;Paraná;Uruguai;Fevereiro;2026;96
Aérea;Santa Catarina;Uruguai;Fevereiro;2026;1727
Aérea;Rio Grande do Sul;Uruguai;Fevereiro;2026;52
Aérea;Rio Grande do Sul;Uruguai;Fevereiro;2026;5
Aérea;Mato Grosso do Sul;Uruguai;Fevereiro;2026;1
Aérea;Distrito Federal;Uruguai;Fevereiro;2026;15
Terrestre;Roraima;Uruguai;Fevereiro;2026;1
Terrestre;Paraná;Uruguai;Fevereiro;2026;84
Terrestre;Paraná;Uruguai;Fevereiro;2026;492
Terrestre;Paraná;Uruguai;Fevereiro;2026;2
Terrestre;Santa Catarina;Uruguai;Fevereiro;2026;15
Terrestre;Santa Catarina;Uruguai;Fevereiro;2026;3
Terrestre;Rio Grande do Sul;Uruguai;Fevereiro;2026;941
Terrestre;Rio Grande do Sul;Uruguai;Fevereiro;2026;26
Terrestre;Rio Grande do Sul;Uruguai;Fevereiro;2026;9309
Terrestre;Rio Grande do Sul;Uruguai;Fevereiro;2026;13428
Terrestre;Rio Grande do Sul;Uruguai;Fevereiro;2026;1846
Terrestre;Rio Grande do Sul;Uruguai;Fevereiro;2026;9307
Terrestre;Rio Grande do Sul;Uruguai;Fevereiro;2026;46
Terrestre;Rio Grande do Sul;Uruguai;Fevereiro;2026;399
Terrestre;Mato Grosso do Sul;Uruguai;Fevereiro;2026;1
Terrestre;Mato Grosso do Sul;Uruguai;Fevereiro;2026;3
Marítima;Rio de Janeiro;Uruguai;Fevereiro;2026;863
Marítima;São Paulo;Uruguai;Fevereiro;2026;8
Marítima;Santa Catarina;Uruguai;Fevereiro;2026;1018
Marítima;Santa Catarina;Uruguai;Fevereiro;2026;345
Fluvial;Santa Catarina;Uruguai;Fevereiro;2026;20
Fluvial;Rio Grande do Sul;Uruguai;Fevereiro;2026;18
Fluvial;Rio Grande do Sul;Uruguai;Fevereiro;2026;1
Aérea;Rio de Janeiro;Uzbequistão;Fevereiro;2026;9
Aérea;São Paulo;Uzbequistão;Fevereiro;2026;50
Terrestre;Rio Grande do Sul;Uzbequistão;Fevereiro;2026;1
Aérea;Paraná;Vanuatu;Fevereiro;2026;2
Terrestre;Roraima;Vaticano;Fevereiro;2026;8
Aérea;Amazonas;Venezuela;Fevereiro;2026;44
Aérea;Roraima;Venezuela;Fevereiro;2026;110
Aérea;Pará;Venezuela;Fevereiro;2026;6
Aérea;Ceará;Venezuela;Fevereiro;2026;13
Aérea;Rio Grande do Norte;Venezuela;Fevereiro;2026;9
Aérea;Pernambuco;Venezuela;Fevereiro;2026;24
Aérea;Alagoas;Venezuela;Fevereiro;2026;16
Aérea;Bahia;Venezuela;Fevereiro;2026;1
Aérea;Bahia;Venezuela;Fevereiro;2026;43
Aérea;Minas Gerais;Venezuela;Fevereiro;2026;25
Aérea;Rio de Janeiro;Venezuela;Fevereiro;2026;2138
Aérea;São Paulo;Venezuela;Fevereiro;2026;11
Aérea;São Paulo;Venezuela;Fevereiro;2026;1603
Aérea;São Paulo;Venezuela;Fevereiro;2026;6
Aérea;Paraná;Venezuela;Fevereiro;2026;25
Aérea;Paraná;Venezuela;Fevereiro;2026;58
Aérea;Santa Catarina;Venezuela;Fevereiro;2026;1391
Aérea;Rio Grande do Sul;Venezuela;Fevereiro;2026;48
Aérea;Distrito Federal;Venezuela;Fevereiro;2026;104
Terrestre;Rondônia;Venezuela;Fevereiro;2026;3
Terrestre;Acre;Venezuela;Fevereiro;2026;19
Terrestre;Acre;Venezuela;Fevereiro;2026;1
Terrestre;Amazonas;Venezuela;Fevereiro;2026;21
Terrestre;Roraima;Venezuela;Fevereiro;2026;37
Terrestre;Roraima;Venezuela;Fevereiro;2026;6581
Terrestre;Amapá;Venezuela;Fevereiro;2026;3
Terrestre;Paraná;Venezuela;Fevereiro;2026;33
Terrestre;Paraná;Venezuela;Fevereiro;2026;156
Terrestre;Paraná;Venezuela;Fevereiro;2026;2
Terrestre;Paraná;Venezuela;Fevereiro;2026;1
Terrestre;Santa Catarina;Venezuela;Fevereiro;2026;8
Terrestre;Santa Catarina;Venezuela;Fevereiro;2026;2
Terrestre;Rio Grande do Sul;Venezuela;Fevereiro;2026;1
Terrestre;Rio Grande do Sul;Venezuela;Fevereiro;2026;53
Terrestre;Rio Grande do Sul;Venezuela;Fevereiro;2026;51
Terrestre;Rio Grande do Sul;Venezuela;Fevereiro;2026;80
Terrestre;Rio Grande do Sul;Venezuela;Fevereiro;2026;5
Terrestre;Rio Grande do Sul;Venezuela;Fevereiro;2026;152
Terrestre;Mato Grosso do Sul;Venezuela;Fevereiro;2026;97
Terrestre;Mato Grosso do Sul;Venezuela;Fevereiro;2026;1
Marítima;Rio de Janeiro;Venezuela;Fevereiro;2026;20
Marítima;São Paulo;Venezuela;Fevereiro;2026;18
Marítima;Santa Catarina;Venezuela;Fevereiro;2026;46
Marítima;Santa Catarina;Venezuela;Fevereiro;2026;20
Fluvial;Amapá;Venezuela;Fevereiro;2026;1
Fluvial;Santa Catarina;Venezuela;Fevereiro;2026;2
Fluvial;Rio Grande do Sul;Venezuela;Fevereiro;2026;6
Aérea;Minas Gerais;Vietnã;Fevereiro;2026;2
Aérea;Rio de Janeiro;Vietnã;Fevereiro;2026;14
Aérea;São Paulo;Vietnã;Fevereiro;2026;27
Marítima;Santa Catarina;Vietnã;Fevereiro;2026;1
Aérea;Rio de Janeiro;Zimbábue;Fevereiro;2026;3
Aérea;São Paulo;Zimbábue;Fevereiro;2026;30
Marítima;Rio de Janeiro;Zimbábue;Fevereiro;2026;18
Aérea;Rio de Janeiro;Zâmbia;Fevereiro;2026;2
Aérea;São Paulo;Zâmbia;Fevereiro;2026;10
Marítima;Rio de Janeiro;Zâmbia;Fevereiro;2026;1
Aérea;Amazonas;África do Sul;Fevereiro;2026;1
Aérea;Pará;África do Sul;Fevereiro;2026;1
Aérea;Bahia;África do Sul;Fevereiro;2026;2
Aérea;Minas Gerais;África do Sul;Fevereiro;2026;3
Aérea;Rio de Janeiro;África do Sul;Fevereiro;2026;122
Aérea;São Paulo;África do Sul;Fevereiro;2026;1315
Aérea;Santa Catarina;África do Sul;Fevereiro;2026;1
Aérea;Rio Grande do Sul;África do Sul;Fevereiro;2026;4
Aérea;Distrito Federal;África do Sul;Fevereiro;2026;2
Terrestre;Paraná;África do Sul;Fevereiro;2026;1
Terrestre;Paraná;África do Sul;Fevereiro;2026;24
Terrestre;Rio Grande do Sul;África do Sul;Fevereiro;2026;3
Terrestre;Rio Grande do Sul;África do Sul;Fevereiro;2026;1
Marítima;Maranhão;África do Sul;Fevereiro;2026;1
Marítima;Paraíba;África do Sul;Fevereiro;2026;6
Marítima;Pernambuco;África do Sul;Fevereiro;2026;5
Marítima;Pernambuco;África do Sul;Fevereiro;2026;2
Marítima;Rio de Janeiro;África do Sul;Fevereiro;2026;15
Marítima;São Paulo;África do Sul;Fevereiro;2026;3
Marítima;Santa Catarina;África do Sul;Fevereiro;2026;2
Aérea;Amazonas;Áustria;Fevereiro;2026;9
Aérea;Pará;Áustria;Fevereiro;2026;6
Aérea;Ceará;Áustria;Fevereiro;2026;48
Aérea;Rio Grande do Norte;Áustria;Fevereiro;2026;9
Aérea;Pernambuco;Áustria;Fevereiro;2026;176
Aérea;Alagoas;Áustria;Fevereiro;2026;1
Aérea;Bahia;Áustria;Fevereiro;2026;1
Aérea;Bahia;Áustria;Fevereiro;2026;52
Aérea;Minas Gerais;Áustria;Fevereiro;2026;3
Aérea;Rio de Janeiro;Áustria;Fevereiro;2026;688
Aérea;São Paulo;Áustria;Fevereiro;2026;16
Aérea;São Paulo;Áustria;Fevereiro;2026;1848
Aérea;São Paulo;Áustria;Fevereiro;2026;1
Aérea;Paraná;Áustria;Fevereiro;2026;7
Aérea;Santa Catarina;Áustria;Fevereiro;2026;17
Aérea;Rio Grande do Sul;Áustria;Fevereiro;2026;2
Aérea;Distrito Federal;Áustria;Fevereiro;2026;17
Terrestre;Acre;Áustria;Fevereiro;2026;2
Terrestre;Amazonas;Áustria;Fevereiro;2026;3
Terrestre;Amapá;Áustria;Fevereiro;2026;1
Terrestre;Paraná;Áustria;Fevereiro;2026;23
Terrestre;Paraná;Áustria;Fevereiro;2026;144
Terrestre;Rio Grande do Sul;Áustria;Fevereiro;2026;4
Terrestre;Rio Grande do Sul;Áustria;Fevereiro;2026;1
Terrestre;Mato Grosso do Sul;Áustria;Fevereiro;2026;2
Marítima;Ceará;Áustria;Fevereiro;2026;32
Marítima;Ceará;Áustria;Fevereiro;2026;1
Marítima;Pernambuco;Áustria;Fevereiro;2026;2
Marítima;Bahia;Áustria;Fevereiro;2026;1
Marítima;Rio de Janeiro;Áustria;Fevereiro;2026;11
Marítima;Santa Catarina;Áustria;Fevereiro;2026;32
Marítima;Santa Catarina;Áustria;Fevereiro;2026;1
Marítima;Santa Catarina;Áustria;Fevereiro;2026;13
Marítima;Rio Grande do Sul;Áustria;Fevereiro;2026;13
Aérea;Amazonas;Índia;Fevereiro;2026;3
Aérea;Pará;Índia;Fevereiro;2026;2
Aérea;Ceará;Índia;Fevereiro;2026;5
Aérea;Rio Grande do Norte;Índia;Fevereiro;2026;2
Aérea;Bahia;Índia;Fevereiro;2026;7
Aérea;Minas Gerais;Índia;Fevereiro;2026;2
Aérea;Rio de Janeiro;Índia;Fevereiro;2026;341
Aérea;São Paulo;Índia;Fevereiro;2026;4
Aérea;São Paulo;Índia;Fevereiro;2026;911
Aérea;Paraná;Índia;Fevereiro;2026;1
Aérea;Santa Catarina;Índia;Fevereiro;2026;5
Aérea;Rio Grande do Sul;Índia;Fevereiro;2026;2
Aérea;Distrito Federal;Índia;Fevereiro;2026;7
Terrestre;Roraima;Índia;Fevereiro;2026;1
Terrestre;Paraná;Índia;Fevereiro;2026;3
Terrestre;Paraná;Índia;Fevereiro;2026;36
Marítima;Rio de Janeiro;Índia;Fevereiro;2026;3
Marítima;São Paulo;Índia;Fevereiro;2026;2
Marítima;Santa Catarina;Índia;Fevereiro;2026;8
Marítima;Santa Catarina;Índia;Fevereiro;2026;8
Aérea;Rio de Janeiro;Afeganistão;Março;2026;1
Aérea;São Paulo;Afeganistão;Março;2026;4
Terrestre;Amapá;Afeganistão;Março;2026;1
Terrestre;Santa Catarina;Afeganistão;Março;2026;1
Terrestre;Santa Catarina;Afeganistão;Março;2026;1
Terrestre;Rio Grande do Sul;Afeganistão;Março;2026;1
Aérea;Ceará;Albânia;Março;2026;1
Aérea;Pernambuco;Albânia;Março;2026;1
Aérea;Rio de Janeiro;Albânia;Março;2026;64
Aérea;São Paulo;Albânia;Março;2026;25
Marítima;São Paulo;Albânia;Março;2026;1
Aérea;Amazonas;Alemanha;Março;2026;68
Aérea;Pará;Alemanha;Março;2026;64
Aérea;Ceará;Alemanha;Março;2026;381
Aérea;Rio Grande do Norte;Alemanha;Março;2026;93
Aérea;Paraíba;Alemanha;Março;2026;1
Aérea;Pernambuco;Alemanha;Março;2026;755
Aérea;Alagoas;Alemanha;Março;2026;20
Aérea;Bahia;Alemanha;Março;2026;2
Aérea;Bahia;Alemanha;Março;2026;856
Aérea;Minas Gerais;Alemanha;Março;2026;690
Aérea;Rio de Janeiro;Alemanha;Março;2026;7304
Aérea;São Paulo;Alemanha;Março;2026;136
Aérea;São Paulo;Alemanha;Março;2026;17755
Aérea;Paraná;Alemanha;Março;2026;14
Aérea;Paraná;Alemanha;Março;2026;21
Aérea;Santa Catarina;Alemanha;Março;2026;534
Aérea;Rio Grande do Sul;Alemanha;Março;2026;388
Aérea;Distrito Federal;Alemanha;Março;2026;315
Terrestre;Rondônia;Alemanha;Março;2026;9
Terrestre;Acre;Alemanha;Março;2026;3
Terrestre;Acre;Alemanha;Março;2026;18
Terrestre;Amazonas;Alemanha;Março;2026;29
Terrestre;Roraima;Alemanha;Março;2026;2
Terrestre;Amapá;Alemanha;Março;2026;6
Terrestre;Paraná;Alemanha;Março;2026;364
Terrestre;Paraná;Alemanha;Março;2026;1609
Terrestre;Paraná;Alemanha;Março;2026;2
Terrestre;Santa Catarina;Alemanha;Março;2026;6
Terrestre;Rio Grande do Sul;Alemanha;Março;2026;5
Terrestre;Rio Grande do Sul;Alemanha;Março;2026;61
Terrestre;Rio Grande do Sul;Alemanha;Março;2026;15
Terrestre;Rio Grande do Sul;Alemanha;Março;2026;1
Terrestre;Rio Grande do Sul;Alemanha;Março;2026;5
Terrestre;Rio Grande do Sul;Alemanha;Março;2026;6
Terrestre;Rio Grande do Sul;Alemanha;Março;2026;5
Terrestre;Mato Grosso do Sul;Alemanha;Março;2026;17
Terrestre;Mato Grosso do Sul;Alemanha;Março;2026;6
Terrestre;Mato Grosso;Alemanha;Março;2026;3
Marítima;Pernambuco;Alemanha;Março;2026;9
Marítima;Pernambuco;Alemanha;Março;2026;4
Marítima;Bahia;Alemanha;Março;2026;1
Marítima;Rio de Janeiro;Alemanha;Março;2026;649
Marítima;São Paulo;Alemanha;Março;2026;34
Marítima;São Paulo;Alemanha;Março;2026;15
Marítima;Santa Catarina;Alemanha;Março;2026;118
Marítima;Santa Catarina;Alemanha;Março;2026;28
Marítima;Santa Catarina;Alemanha;Março;2026;3
Fluvial;Amapá;Alemanha;Março;2026;1
Fluvial;Rio Grande do Sul;Alemanha;Março;2026;1
Aérea;Pará;Andorra;Março;2026;2
Aérea;Rio Grande do Norte;Andorra;Março;2026;1
Aérea;Bahia;Andorra;Março;2026;1
Aérea;Rio de Janeiro;Andorra;Março;2026;11
Aérea;São Paulo;Andorra;Março;2026;6
Aérea;Santa Catarina;Andorra;Março;2026;1
Aérea;Distrito Federal;Andorra;Março;2026;1
Aérea;Pará;Angola;Março;2026;1
Aérea;Ceará;Angola;Março;2026;1
Aérea;Pernambuco;Angola;Março;2026;2
Aérea;Alagoas;Angola;Março;2026;1
Aérea;Minas Gerais;Angola;Março;2026;2
Aérea;Rio de Janeiro;Angola;Março;2026;12
Aérea;São Paulo;Angola;Março;2026;4
Aérea;São Paulo;Angola;Março;2026;690
Aérea;Santa Catarina;Angola;Março;2026;1
Aérea;Distrito Federal;Angola;Março;2026;4
Marítima;Rio de Janeiro;Angola;Março;2026;2
Aérea;Bahia;Antilhas Holandesas;Março;2026;2
Aérea;Rio de Janeiro;Antilhas Holandesas;Março;2026;1
Aérea;Paraná;Antilhas Holandesas;Março;2026;1
Aérea;Rio de Janeiro;Antígua e Barbuda;Março;2026;7
Aérea;São Paulo;Antígua e Barbuda;Março;2026;12
Aérea;Distrito Federal;Antígua e Barbuda;Março;2026;1
Aérea;Amazonas;Argentina;Março;2026;20
Aérea;Pará;Argentina;Março;2026;2
Aérea;Ceará;Argentina;Março;2026;961
Aérea;Rio Grande do Norte;Argentina;Março;2026;6685
Aérea;Paraíba;Argentina;Março;2026;129
Aérea;Pernambuco;Argentina;Março;2026;9029
Aérea;Alagoas;Argentina;Março;2026;3843
Aérea;Bahia;Argentina;Março;2026;3211
Aérea;Bahia;Argentina;Março;2026;8533
Aérea;Minas Gerais;Argentina;Março;2026;113
Aérea;Rio de Janeiro;Argentina;Março;2026;2571
Aérea;Rio de Janeiro;Argentina;Março;2026;96975
Aérea;São Paulo;Argentina;Março;2026;71
Aérea;São Paulo;Argentina;Março;2026;40137
Aérea;São Paulo;Argentina;Março;2026;1
Aérea;Paraná;Argentina;Março;2026;23
Aérea;Paraná;Argentina;Março;2026;376
Aérea;Santa Catarina;Argentina;Março;2026;45883
Aérea;Rio Grande do Sul;Argentina;Março;2026;1073
Aérea;Mato Grosso do Sul;Argentina;Março;2026;8
Aérea;Distrito Federal;Argentina;Março;2026;3348
Terrestre;Rondônia;Argentina;Março;2026;3
Terrestre;Acre;Argentina;Março;2026;4
Terrestre;Acre;Argentina;Março;2026;2
Terrestre;Amazonas;Argentina;Março;2026;3
Terrestre;Roraima;Argentina;Março;2026;2
Terrestre;Roraima;Argentina;Março;2026;5
Terrestre;Amapá;Argentina;Março;2026;1
Terrestre;Paraná;Argentina;Março;2026;218
Terrestre;Paraná;Argentina;Março;2026;1692
Terrestre;Paraná;Argentina;Março;2026;19920
Terrestre;Paraná;Argentina;Março;2026;30
Terrestre;Paraná;Argentina;Março;2026;9
Terrestre;Paraná;Argentina;Março;2026;158
Terrestre;Santa Catarina;Argentina;Março;2026;8920
Terrestre;Santa Catarina;Argentina;Março;2026;3056
Terrestre;Rio Grande do Sul;Argentina;Março;2026;50
Terrestre;Rio Grande do Sul;Argentina;Março;2026;825
Terrestre;Rio Grande do Sul;Argentina;Março;2026;670
Terrestre;Rio Grande do Sul;Argentina;Março;2026;523
Terrestre;Rio Grande do Sul;Argentina;Março;2026;11128
Terrestre;Rio Grande do Sul;Argentina;Março;2026;14
Terrestre;Rio Grande do Sul;Argentina;Março;2026;9106
Terrestre;Rio Grande do Sul;Argentina;Março;2026;61493
Terrestre;Mato Grosso do Sul;Argentina;Março;2026;26
Terrestre;Mato Grosso do Sul;Argentina;Março;2026;26
Terrestre;Mato Grosso;Argentina;Março;2026;3
Marítima;Bahia;Argentina;Março;2026;47
Marítima;Rio de Janeiro;Argentina;Março;2026;2
Marítima;Rio de Janeiro;Argentina;Março;2026;7349
Marítima;São Paulo;Argentina;Março;2026;1755
Marítima;São Paulo;Argentina;Março;2026;12
Marítima;Santa Catarina;Argentina;Março;2026;2179
Marítima;Santa Catarina;Argentina;Março;2026;1977
Marítima;Rio Grande do Sul;Argentina;Março;2026;14
Fluvial;Amapá;Argentina;Março;2026;1
Fluvial;Rio Grande do Sul;Argentina;Março;2026;3993
Fluvial;Rio Grande do Sul;Argentina;Março;2026;3486
Aérea;Ceará;Argélia;Março;2026;1
Aérea;Rio de Janeiro;Argélia;Março;2026;11
Aérea;São Paulo;Argélia;Março;2026;12
Terrestre;Santa Catarina;Argélia;Março;2026;1
Terrestre;Rio Grande do Sul;Argélia;Março;2026;1
Terrestre;Rio Grande do Sul;Argélia;Março;2026;2
Fluvial;Rio Grande do Sul;Argélia;Março;2026;1
Aérea;Rio de Janeiro;Armênia;Março;2026;51
Aérea;São Paulo;Armênia;Março;2026;23
Aérea;Paraná;Armênia;Março;2026;1
Aérea;Santa Catarina;Armênia;Março;2026;2
Aérea;Rio Grande do Sul;Armênia;Março;2026;1
Terrestre;Paraná;Armênia;Março;2026;1
Terrestre;Rio Grande do Sul;Armênia;Março;2026;1
Terrestre;Rio Grande do Sul;Armênia;Março;2026;3
Terrestre;Rio Grande do Sul;Armênia;Março;2026;1
Marítima;Rio de Janeiro;Armênia;Março;2026;5
Marítima;São Paulo;Armênia;Março;2026;1
Fluvial;Rio Grande do Sul;Armênia;Março;2026;1
Aérea;Rio de Janeiro;Arábia Saudita;Março;2026;18
Aérea;São Paulo;Arábia Saudita;Março;2026;1
Aérea;São Paulo;Arábia Saudita;Março;2026;45
Aérea;Amazonas;Austrália;Março;2026;3
Aérea;Pará;Austrália;Março;2026;4
Aérea;Ceará;Austrália;Março;2026;1
Aérea;Pernambuco;Austrália;Março;2026;1
Aérea;Alagoas;Austrália;Março;2026;1
Aérea;Bahia;Austrália;Março;2026;11
Aérea;Minas Gerais;Austrália;Março;2026;25
Aérea;Rio de Janeiro;Austrália;Março;2026;1555
Aérea;São Paulo;Austrália;Março;2026;3
Aérea;São Paulo;Austrália;Março;2026;3597
Aérea;Paraná;Austrália;Março;2026;2
Aérea;Paraná;Austrália;Março;2026;27
Aérea;Santa Catarina;Austrália;Março;2026;52
Aérea;Rio Grande do Sul;Austrália;Março;2026;59
Aérea;Distrito Federal;Austrália;Março;2026;27
Terrestre;Amazonas;Austrália;Março;2026;2
Terrestre;Roraima;Austrália;Março;2026;1
Terrestre;Paraná;Austrália;Março;2026;21
Terrestre;Paraná;Austrália;Março;2026;1207
Terrestre;Rio Grande do Sul;Austrália;Março;2026;3
Terrestre;Rio Grande do Sul;Austrália;Março;2026;1
Terrestre;Rio Grande do Sul;Austrália;Março;2026;1
Terrestre;Mato Grosso do Sul;Austrália;Março;2026;1
Marítima;Rio de Janeiro;Austrália;Março;2026;35
Marítima;São Paulo;Austrália;Março;2026;8
Marítima;São Paulo;Austrália;Março;2026;11
Marítima;Santa Catarina;Austrália;Março;2026;15
Marítima;Santa Catarina;Austrália;Março;2026;27
Marítima;Santa Catarina;Austrália;Março;2026;1
Aérea;Rio de Janeiro;Azerbaijão;Março;2026;7
Aérea;São Paulo;Azerbaijão;Março;2026;18
Aérea;Rio de Janeiro;Bahamas;Março;2026;24
Aérea;São Paulo;Bahamas;Março;2026;1
Aérea;São Paulo;Bahamas;Março;2026;31
Aérea;Santa Catarina;Bahamas;Março;2026;7
Terrestre;Paraná;Bahamas;Março;2026;2
Terrestre;Mato Grosso do Sul;Bahamas;Março;2026;1
Marítima;São Paulo;Bahamas;Março;2026;20
Aérea;Rio de Janeiro;Bangladesh;Março;2026;1
Aérea;São Paulo;Bangladesh;Março;2026;29
Aérea;Rio de Janeiro;Barbados;Março;2026;25
Aérea;São Paulo;Barbados;Março;2026;36
Aérea;Rio Grande do Sul;Barbados;Março;2026;1
Aérea;Distrito Federal;Barbados;Março;2026;3
Terrestre;Roraima;Barbados;Março;2026;2
Terrestre;Paraná;Barbados;Março;2026;2
Aérea;São Paulo;Barein;Março;2026;7
Terrestre;Santa Catarina;Barein;Março;2026;1
Aérea;Rio de Janeiro;Belize;Março;2026;37
Aérea;São Paulo;Belize;Março;2026;8
Aérea;Distrito Federal;Belize;Março;2026;5
Terrestre;Amazonas;Belize;Março;2026;1
Terrestre;Rio Grande do Sul;Belize;Março;2026;1
Aérea;Ceará;Benin;Março;2026;1
Aérea;Rio de Janeiro;Benin;Março;2026;4
Aérea;São Paulo;Benin;Março;2026;17
Terrestre;Paraná;Benin;Março;2026;2
Aérea;Amazonas;Bielorússia;Março;2026;1
Aérea;Ceará;Bielorússia;Março;2026;2
Aérea;Pernambuco;Bielorússia;Março;2026;2
Aérea;Rio de Janeiro;Bielorússia;Março;2026;34
Aérea;São Paulo;Bielorússia;Março;2026;86
Aérea;Santa Catarina;Bielorússia;Março;2026;4
Aérea;Distrito Federal;Bielorússia;Março;2026;1
Terrestre;Paraná;Bielorússia;Março;2026;29
Terrestre;Rio Grande do Sul;Bielorússia;Março;2026;2
Marítima;Pernambuco;Bielorússia;Março;2026;1
Marítima;Santa Catarina;Bielorússia;Março;2026;5
Aérea;Amazonas;Bolívia;Março;2026;2
Aérea;Pará;Bolívia;Março;2026;1
Aérea;Ceará;Bolívia;Março;2026;2
Aérea;Rio Grande do Norte;Bolívia;Março;2026;6
Aérea;Pernambuco;Bolívia;Março;2026;3
Aérea;Alagoas;Bolívia;Março;2026;7
Aérea;Bahia;Bolívia;Março;2026;1
Aérea;Bahia;Bolívia;Março;2026;6
Aérea;Minas Gerais;Bolívia;Março;2026;1
Aérea;Rio de Janeiro;Bolívia;Março;2026;2
Aérea;Rio de Janeiro;Bolívia;Março;2026;893
Aérea;São Paulo;Bolívia;Março;2026;61
Aérea;São Paulo;Bolívia;Março;2026;4286
Aérea;Paraná;Bolívia;Março;2026;1
Aérea;Paraná;Bolívia;Março;2026;7
Aérea;Santa Catarina;Bolívia;Março;2026;88
Aérea;Rio Grande do Sul;Bolívia;Março;2026;3
Aérea;Mato Grosso do Sul;Bolívia;Março;2026;1
Aérea;Mato Grosso;Bolívia;Março;2026;6
Aérea;Distrito Federal;Bolívia;Março;2026;67
Terrestre;Rondônia;Bolívia;Março;2026;311
Terrestre;Rondônia;Bolívia;Março;2026;2
Terrestre;Acre;Bolívia;Março;2026;15
Terrestre;Acre;Bolívia;Março;2026;267
Terrestre;Amazonas;Bolívia;Março;2026;6
Terrestre;Roraima;Bolívia;Março;2026;2
Terrestre;Amapá;Bolívia;Março;2026;5
Terrestre;Paraná;Bolívia;Março;2026;153
Terrestre;Paraná;Bolívia;Março;2026;100
Terrestre;Santa Catarina;Bolívia;Março;2026;4
Terrestre;Rio Grande do Sul;Bolívia;Março;2026;3
Terrestre;Rio Grande do Sul;Bolívia;Março;2026;2
Terrestre;Rio Grande do Sul;Bolívia;Março;2026;9
Terrestre;Rio Grande do Sul;Bolívia;Março;2026;46
Terrestre;Mato Grosso do Sul;Bolívia;Março;2026;2583
Terrestre;Mato Grosso do Sul;Bolívia;Março;2026;12
Terrestre;Mato Grosso;Bolívia;Março;2026;54
Marítima;Rio de Janeiro;Bolívia;Março;2026;7
Marítima;São Paulo;Bolívia;Março;2026;5
Marítima;São Paulo;Bolívia;Março;2026;3
Marítima;Santa Catarina;Bolívia;Março;2026;1
Marítima;Santa Catarina;Bolívia;Março;2026;5
Fluvial;Amapá;Bolívia;Março;2026;1
Aérea;São Paulo;Botsuana;Março;2026;10
Terrestre;Paraná;Botsuana;Março;2026;1
Terrestre;Rio Grande do Sul;Botsuana;Março;2026;1
Terrestre;Rio Grande do Sul;Brunei;Março;2026;1
Aérea;Amazonas;Bulgária;Março;2026;2
Aérea;Pará;Bulgária;Março;2026;2
Aérea;Ceará;Bulgária;Março;2026;4
Aérea;Pernambuco;Bulgária;Março;2026;2
Aérea;Bahia;Bulgária;Março;2026;3
Aérea;Rio de Janeiro;Bulgária;Março;2026;239
Aérea;São Paulo;Bulgária;Março;2026;8
Aérea;São Paulo;Bulgária;Março;2026;207
Aérea;Santa Catarina;Bulgária;Março;2026;2
Aérea;Rio Grande do Sul;Bulgária;Março;2026;8
Aérea;Distrito Federal;Bulgária;Março;2026;2
Terrestre;Paraná;Bulgária;Março;2026;2
Terrestre;Paraná;Bulgária;Março;2026;300
Terrestre;Rio Grande do Sul;Bulgária;Março;2026;1
Marítima;São Paulo;Bulgária;Março;2026;70
Marítima;Santa Catarina;Bulgária;Março;2026;4
Aérea;Pernambuco;Burkina Faso;Março;2026;1
Aérea;Bahia;Burkina Faso;Março;2026;27
Aérea;Rio de Janeiro;Burkina Faso;Março;2026;4
Aérea;São Paulo;Burkina Faso;Março;2026;15
Aérea;São Paulo;Burundi;Março;2026;1
Aérea;São Paulo;Butão;Março;2026;1
Aérea;Amazonas;Bélgica;Março;2026;7
Aérea;Pará;Bélgica;Março;2026;12
Aérea;Ceará;Bélgica;Março;2026;78
Aérea;Rio Grande do Norte;Bélgica;Março;2026;19
Aérea;Pernambuco;Bélgica;Março;2026;54
Aérea;Alagoas;Bélgica;Março;2026;1
Aérea;Bahia;Bélgica;Março;2026;84
Aérea;Minas Gerais;Bélgica;Março;2026;48
Aérea;Rio de Janeiro;Bélgica;Março;2026;738
Aérea;São Paulo;Bélgica;Março;2026;17
Aérea;São Paulo;Bélgica;Março;2026;1375
Aérea;Paraná;Bélgica;Março;2026;1
Aérea;Santa Catarina;Bélgica;Março;2026;27
Aérea;Rio Grande do Sul;Bélgica;Março;2026;11
Aérea;Distrito Federal;Bélgica;Março;2026;30
Terrestre;Acre;Bélgica;Março;2026;1
Terrestre;Amazonas;Bélgica;Março;2026;5
Terrestre;Roraima;Bélgica;Março;2026;1
Terrestre;Amapá;Bélgica;Março;2026;2
Terrestre;Paraná;Bélgica;Março;2026;11
Terrestre;Paraná;Bélgica;Março;2026;211
Terrestre;Rio Grande do Sul;Bélgica;Março;2026;1
Terrestre;Rio Grande do Sul;Bélgica;Março;2026;3
Terrestre;Rio Grande do Sul;Bélgica;Março;2026;1
Terrestre;Mato Grosso do Sul;Bélgica;Março;2026;3
Marítima;Pernambuco;Bélgica;Março;2026;1
Marítima;Rio de Janeiro;Bélgica;Março;2026;12
Marítima;São Paulo;Bélgica;Março;2026;1
Marítima;Santa Catarina;Bélgica;Março;2026;18
Marítima;Santa Catarina;Bélgica;Março;2026;15
Fluvial;Pará;Bélgica;Março;2026;1
Aérea;Bahia;Bósnia-Herzegovina;Março;2026;1
Aérea;Rio de Janeiro;Bósnia-Herzegovina;Março;2026;14
Aérea;São Paulo;Bósnia-Herzegovina;Março;2026;14
Aérea;Distrito Federal;Bósnia-Herzegovina;Março;2026;1
Marítima;São Paulo;Bósnia-Herzegovina;Março;2026;1
Aérea;Ceará;Cabo Verde;Março;2026;6
Aérea;Pernambuco;Cabo Verde;Março;2026;3
Aérea;Bahia;Cabo Verde;Março;2026;2
Aérea;Minas Gerais;Cabo Verde;Março;2026;3
Aérea;Rio de Janeiro;Cabo Verde;Março;2026;16
Aérea;São Paulo;Cabo Verde;Março;2026;2
Aérea;São Paulo;Cabo Verde;Março;2026;62
Aérea;Distrito Federal;Cabo Verde;Março;2026;2
Marítima;Santa Catarina;Cabo Verde;Março;2026;1
Aérea;Rio de Janeiro;Camarões;Março;2026;5
Aérea;São Paulo;Camarões;Março;2026;60
Aérea;Distrito Federal;Camarões;Março;2026;2
Aérea;Rio de Janeiro;Camboja;Março;2026;3
Aérea;Amazonas;Canadá;Março;2026;38
Aérea;Pará;Canadá;Março;2026;6
Aérea;Ceará;Canadá;Março;2026;3
Aérea;Rio Grande do Norte;Canadá;Março;2026;2
Aérea;Pernambuco;Canadá;Março;2026;4
Aérea;Alagoas;Canadá;Março;2026;1
Aérea;Bahia;Canadá;Março;2026;19
Aérea;Minas Gerais;Canadá;Março;2026;23
Aérea;Rio de Janeiro;Canadá;Março;2026;1
Aérea;Rio de Janeiro;Canadá;Março;2026;6223
Aérea;São Paulo;Canadá;Março;2026;11
Aérea;São Paulo;Canadá;Março;2026;6830
Aérea;Paraná;Canadá;Março;2026;3
Aérea;Paraná;Canadá;Março;2026;9
Aérea;Santa Catarina;Canadá;Março;2026;74
Aérea;Rio Grande do Sul;Canadá;Março;2026;24
Aérea;Distrito Federal;Canadá;Março;2026;34
Terrestre;Acre;Canadá;Março;2026;1
Terrestre;Amazonas;Canadá;Março;2026;3
Terrestre;Roraima;Canadá;Março;2026;1
Terrestre;Amapá;Canadá;Março;2026;1
Terrestre;Paraná;Canadá;Março;2026;36
Terrestre;Paraná;Canadá;Março;2026;1033
Terrestre;Rio Grande do Sul;Canadá;Março;2026;4
Terrestre;Rio Grande do Sul;Canadá;Março;2026;1
Terrestre;Rio Grande do Sul;Canadá;Março;2026;1
Terrestre;Mato Grosso do Sul;Canadá;Março;2026;6
Terrestre;Mato Grosso do Sul;Canadá;Março;2026;4
Marítima;Pernambuco;Canadá;Março;2026;1
Marítima;Pernambuco;Canadá;Março;2026;1
Marítima;Rio de Janeiro;Canadá;Março;2026;94
Marítima;São Paulo;Canadá;Março;2026;27
Marítima;São Paulo;Canadá;Março;2026;507
Marítima;Santa Catarina;Canadá;Março;2026;45
Marítima;Santa Catarina;Canadá;Março;2026;203
Marítima;Santa Catarina;Canadá;Março;2026;12
Aérea;Pernambuco;Casaquistão;Março;2026;2
Aérea;Rio de Janeiro;Casaquistão;Março;2026;45
Aérea;São Paulo;Casaquistão;Março;2026;118
Aérea;Santa Catarina;Casaquistão;Março;2026;5
Aérea;Rio Grande do Sul;Casaquistão;Março;2026;1
Terrestre;Paraná;Casaquistão;Março;2026;20
Marítima;Rio de Janeiro;Casaquistão;Março;2026;6
Marítima;São Paulo;Casaquistão;Março;2026;2
Marítima;Santa Catarina;Casaquistão;Março;2026;6
Aérea;São Paulo;Catar;Março;2026;15
Aérea;Amazonas;Chile;Março;2026;4
Aérea;Roraima;Chile;Março;2026;1
Aérea;Pará;Chile;Março;2026;1
Aérea;Ceará;Chile;Março;2026;269
Aérea;Rio Grande do Norte;Chile;Março;2026;29
Aérea;Pernambuco;Chile;Março;2026;494
Aérea;Alagoas;Chile;Março;2026;5
Aérea;Bahia;Chile;Março;2026;3
Aérea;Bahia;Chile;Março;2026;342
Aérea;Minas Gerais;Chile;Março;2026;183
Aérea;Rio de Janeiro;Chile;Março;2026;2
Aérea;Rio de Janeiro;Chile;Março;2026;36811
Aérea;São Paulo;Chile;Março;2026;22
Aérea;São Paulo;Chile;Março;2026;12439
Aérea;Paraná;Chile;Março;2026;924
Aérea;Paraná;Chile;Março;2026;238
Aérea;Santa Catarina;Chile;Março;2026;20992
Aérea;Santa Catarina;Chile;Março;2026;2
Aérea;Rio Grande do Sul;Chile;Março;2026;767
Aérea;Distrito Federal;Chile;Março;2026;533
Terrestre;Acre;Chile;Março;2026;5
Terrestre;Amazonas;Chile;Março;2026;9
Terrestre;Roraima;Chile;Março;2026;6
Terrestre;Paraná;Chile;Março;2026;139
Terrestre;Paraná;Chile;Março;2026;348
Terrestre;Santa Catarina;Chile;Março;2026;1
Terrestre;Rio Grande do Sul;Chile;Março;2026;28
Terrestre;Rio Grande do Sul;Chile;Março;2026;11
Terrestre;Rio Grande do Sul;Chile;Março;2026;15
Terrestre;Rio Grande do Sul;Chile;Março;2026;4
Terrestre;Rio Grande do Sul;Chile;Março;2026;141
Terrestre;Mato Grosso do Sul;Chile;Março;2026;5
Terrestre;Mato Grosso do Sul;Chile;Março;2026;2
Marítima;Bahia;Chile;Março;2026;1
Marítima;Rio de Janeiro;Chile;Março;2026;177
Marítima;São Paulo;Chile;Março;2026;201
Marítima;Santa Catarina;Chile;Março;2026;58
Marítima;Santa Catarina;Chile;Março;2026;223
Fluvial;Rio Grande do Sul;Chile;Março;2026;1
Aérea;Amazonas;China;Março;2026;23
Aérea;Pará;China;Março;2026;7
Aérea;Ceará;China;Março;2026;13
Aérea;Rio Grande do Norte;China;Março;2026;3
Aérea;Pernambuco;China;Março;2026;5
Aérea;Bahia;China;Março;2026;29
Aérea;Minas Gerais;China;Março;2026;15
Aérea;Rio de Janeiro;China;Março;2026;850
Aérea;São Paulo;China;Março;2026;16
Aérea;São Paulo;China;Março;2026;8877
Aérea;Paraná;China;Março;2026;1
Aérea;Paraná;China;Março;2026;4
Aérea;Santa Catarina;China;Março;2026;23
Aérea;Rio Grande do Sul;China;Março;2026;17
Aérea;Distrito Federal;China;Março;2026;21
Terrestre;Roraima;China;Março;2026;7
Terrestre;Roraima;China;Março;2026;4
Terrestre;Paraná;China;Março;2026;22
Terrestre;Paraná;China;Março;2026;880
Terrestre;Paraná;China;Março;2026;3
Terrestre;Santa Catarina;China;Março;2026;1
Terrestre;Rio Grande do Sul;China;Março;2026;1
Terrestre;Rio Grande do Sul;China;Março;2026;2
Terrestre;Rio Grande do Sul;China;Março;2026;4
Terrestre;Mato Grosso do Sul;China;Março;2026;2
Marítima;Rio de Janeiro;China;Março;2026;27
Marítima;São Paulo;China;Março;2026;26
Marítima;Santa Catarina;China;Março;2026;1
Marítima;Santa Catarina;China;Março;2026;10
Marítima;Santa Catarina;China;Março;2026;18
Marítima;Rio Grande do Sul;China;Março;2026;38
Fluvial;Amapá;China;Março;2026;42
Aérea;Pará;China, Hong Kong;Março;2026;1
Aérea;Rio de Janeiro;China, Hong Kong;Março;2026;75
Aérea;São Paulo;China, Hong Kong;Março;2026;1
Aérea;São Paulo;China, Hong Kong;Março;2026;326
Aérea;Paraná;China, Hong Kong;Março;2026;4
Aérea;Rio Grande do Sul;China, Hong Kong;Março;2026;1
Terrestre;Paraná;China, Hong Kong;Março;2026;2
Terrestre;Paraná;China, Hong Kong;Março;2026;64
Marítima;Rio de Janeiro;China, Hong Kong;Março;2026;4
Aérea;Rio de Janeiro;China, Macao;Março;2026;1
Aérea;São Paulo;China, Macao;Março;2026;5
Terrestre;Paraná;China, Macao;Março;2026;2
Aérea;Pará;Chipre;Março;2026;1
Aérea;Ceará;Chipre;Março;2026;2
Aérea;Pernambuco;Chipre;Março;2026;1
Aérea;Rio de Janeiro;Chipre;Março;2026;41
Aérea;São Paulo;Chipre;Março;2026;1
Aérea;São Paulo;Chipre;Março;2026;37
Aérea;Santa Catarina;Chipre;Março;2026;1
Terrestre;Paraná;Chipre;Março;2026;7
Aérea;Ceará;Cingapura;Março;2026;1
Aérea;Rio de Janeiro;Cingapura;Março;2026;96
Aérea;São Paulo;Cingapura;Março;2026;272
Aérea;Paraná;Cingapura;Março;2026;2
Aérea;Santa Catarina;Cingapura;Março;2026;3
Aérea;Rio Grande do Sul;Cingapura;Março;2026;2
Terrestre;Rondônia;Cingapura;Março;2026;1
Terrestre;Paraná;Cingapura;Março;2026;2
Terrestre;Paraná;Cingapura;Março;2026;46
Terrestre;Rio Grande do Sul;Cingapura;Março;2026;1
Marítima;Rio de Janeiro;Cingapura;Março;2026;2
Marítima;São Paulo;Cingapura;Março;2026;5
Aérea;Amazonas;Colômbia;Março;2026;277
Aérea;Roraima;Colômbia;Março;2026;2
Aérea;Pará;Colômbia;Março;2026;332
Aérea;Ceará;Colômbia;Março;2026;4
Aérea;Rio Grande do Norte;Colômbia;Março;2026;9
Aérea;Pernambuco;Colômbia;Março;2026;17
Aérea;Alagoas;Colômbia;Março;2026;4
Aérea;Bahia;Colômbia;Março;2026;3
Aérea;Bahia;Colômbia;Março;2026;144
Aérea;Minas Gerais;Colômbia;Março;2026;234
Aérea;Rio de Janeiro;Colômbia;Março;2026;1
Aérea;Rio de Janeiro;Colômbia;Março;2026;8628
Aérea;São Paulo;Colômbia;Março;2026;28
Aérea;São Paulo;Colômbia;Março;2026;9756
Aérea;Paraná;Colômbia;Março;2026;15
Aérea;Paraná;Colômbia;Março;2026;92
Aérea;Santa Catarina;Colômbia;Março;2026;332
Aérea;Rio Grande do Sul;Colômbia;Março;2026;218
Aérea;Distrito Federal;Colômbia;Março;2026;824
Terrestre;Acre;Colômbia;Março;2026;16
Terrestre;Acre;Colômbia;Março;2026;7
Terrestre;Amazonas;Colômbia;Março;2026;290
Terrestre;Roraima;Colômbia;Março;2026;2
Terrestre;Roraima;Colômbia;Março;2026;28
Terrestre;Amapá;Colômbia;Março;2026;3
Terrestre;Paraná;Colômbia;Março;2026;240
Terrestre;Paraná;Colômbia;Março;2026;720
Terrestre;Paraná;Colômbia;Março;2026;2
Terrestre;Santa Catarina;Colômbia;Março;2026;14
Terrestre;Rio Grande do Sul;Colômbia;Março;2026;1
Terrestre;Rio Grande do Sul;Colômbia;Março;2026;43
Terrestre;Rio Grande do Sul;Colômbia;Março;2026;19
Terrestre;Rio Grande do Sul;Colômbia;Março;2026;38
Terrestre;Rio Grande do Sul;Colômbia;Março;2026;14
Terrestre;Rio Grande do Sul;Colômbia;Março;2026;28
Terrestre;Mato Grosso do Sul;Colômbia;Março;2026;45
Terrestre;Mato Grosso do Sul;Colômbia;Março;2026;2
Terrestre;Mato Grosso;Colômbia;Março;2026;1
Marítima;Rio de Janeiro;Colômbia;Março;2026;24
Marítima;São Paulo;Colômbia;Março;2026;116
Marítima;São Paulo;Colômbia;Março;2026;7
Marítima;Santa Catarina;Colômbia;Março;2026;7
Marítima;Santa Catarina;Colômbia;Março;2026;30
Marítima;Santa Catarina;Colômbia;Março;2026;2
Fluvial;Amapá;Colômbia;Março;2026;2
Fluvial;Rio Grande do Sul;Colômbia;Março;2026;7
Aérea;São Paulo;Comores;Março;2026;1
Aérea;Rio de Janeiro;Congo;Março;2026;1
Aérea;São Paulo;Congo;Março;2026;132
Aérea;Amazonas;Costa Rica;Março;2026;24
Aérea;Pará;Costa Rica;Março;2026;3
Aérea;Ceará;Costa Rica;Março;2026;4
Aérea;Rio Grande do Norte;Costa Rica;Março;2026;1
Aérea;Bahia;Costa Rica;Março;2026;21
Aérea;Minas Gerais;Costa Rica;Março;2026;23
Aérea;Rio de Janeiro;Costa Rica;Março;2026;1183
Aérea;São Paulo;Costa Rica;Março;2026;1
Aérea;São Paulo;Costa Rica;Março;2026;1247
Aérea;Paraná;Costa Rica;Março;2026;9
Aérea;Santa Catarina;Costa Rica;Março;2026;22
Aérea;Rio Grande do Sul;Costa Rica;Março;2026;54
Aérea;Distrito Federal;Costa Rica;Março;2026;67
Terrestre;Amazonas;Costa Rica;Março;2026;1
Terrestre;Paraná;Costa Rica;Março;2026;8
Terrestre;Paraná;Costa Rica;Março;2026;172
Terrestre;Rio Grande do Sul;Costa Rica;Março;2026;3
Terrestre;Rio Grande do Sul;Costa Rica;Março;2026;2
Terrestre;Rio Grande do Sul;Costa Rica;Março;2026;4
Marítima;São Paulo;Costa Rica;Março;2026;4
Marítima;São Paulo;Costa Rica;Março;2026;42
Marítima;Santa Catarina;Costa Rica;Março;2026;1
Aérea;Rio de Janeiro;Costa do Marfim;Março;2026;26
Aérea;São Paulo;Costa do Marfim;Março;2026;7
Aérea;Amazonas;Croácia;Março;2026;2
Aérea;Pará;Croácia;Março;2026;7
Aérea;Ceará;Croácia;Março;2026;2
Aérea;Rio Grande do Norte;Croácia;Março;2026;3
Aérea;Pernambuco;Croácia;Março;2026;6
Aérea;Bahia;Croácia;Março;2026;2
Aérea;Minas Gerais;Croácia;Março;2026;1
Aérea;Rio de Janeiro;Croácia;Março;2026;152
Aérea;São Paulo;Croácia;Março;2026;6
Aérea;São Paulo;Croácia;Março;2026;375
Aérea;Santa Catarina;Croácia;Março;2026;2
Aérea;Distrito Federal;Croácia;Março;2026;2
Terrestre;Paraná;Croácia;Março;2026;9
Terrestre;Paraná;Croácia;Março;2026;17
Terrestre;Rio Grande do Sul;Croácia;Março;2026;1
Marítima;Rio de Janeiro;Croácia;Março;2026;4
Marítima;São Paulo;Croácia;Março;2026;1
Marítima;Santa Catarina;Croácia;Março;2026;1
Aérea;Amazonas;Cuba;Março;2026;11
Aérea;Pará;Cuba;Março;2026;3
Aérea;Ceará;Cuba;Março;2026;2
Aérea;Rio Grande do Norte;Cuba;Março;2026;1
Aérea;Pernambuco;Cuba;Março;2026;1
Aérea;Alagoas;Cuba;Março;2026;1
Aérea;Bahia;Cuba;Março;2026;4
Aérea;Minas Gerais;Cuba;Março;2026;4
Aérea;Rio de Janeiro;Cuba;Março;2026;68
Aérea;São Paulo;Cuba;Março;2026;2
Aérea;São Paulo;Cuba;Março;2026;186
Aérea;Paraná;Cuba;Março;2026;3
Aérea;Santa Catarina;Cuba;Março;2026;28
Aérea;Rio Grande do Sul;Cuba;Março;2026;27
Aérea;Distrito Federal;Cuba;Março;2026;22
Terrestre;Roraima;Cuba;Março;2026;3
Terrestre;Paraná;Cuba;Março;2026;8
Terrestre;Rio Grande do Sul;Cuba;Março;2026;25
Terrestre;Rio Grande do Sul;Cuba;Março;2026;16
Terrestre;Rio Grande do Sul;Cuba;Março;2026;2
Terrestre;Mato Grosso do Sul;Cuba;Março;2026;4
Aérea;Amazonas;Dinamarca;Março;2026;7
Aérea;Pará;Dinamarca;Março;2026;3
Aérea;Ceará;Dinamarca;Março;2026;36
Aérea;Rio Grande do Norte;Dinamarca;Março;2026;2
Aérea;Pernambuco;Dinamarca;Março;2026;17
Aérea;Bahia;Dinamarca;Março;2026;38
Aérea;Minas Gerais;Dinamarca;Março;2026;8
Aérea;Rio de Janeiro;Dinamarca;Março;2026;685
Aérea;São Paulo;Dinamarca;Março;2026;19
Aérea;São Paulo;Dinamarca;Março;2026;666
Aérea;Paraná;Dinamarca;Março;2026;1
Aérea;Santa Catarina;Dinamarca;Março;2026;24
Aérea;Rio Grande do Sul;Dinamarca;Março;2026;12
Aérea;Distrito Federal;Dinamarca;Março;2026;15
Terrestre;Amazonas;Dinamarca;Março;2026;3
Terrestre;Paraná;Dinamarca;Março;2026;10
Terrestre;Paraná;Dinamarca;Março;2026;229
Terrestre;Santa Catarina;Dinamarca;Março;2026;1
Terrestre;Rio Grande do Sul;Dinamarca;Março;2026;4
Terrestre;Mato Grosso do Sul;Dinamarca;Março;2026;3
Marítima;Espírito Santo;Dinamarca;Março;2026;1
Marítima;Rio de Janeiro;Dinamarca;Março;2026;4
Marítima;São Paulo;Dinamarca;Março;2026;8
Marítima;Santa Catarina;Dinamarca;Março;2026;9
Aérea;Pará;Dominica;Março;2026;1
Aérea;Rio de Janeiro;Dominica;Março;2026;3
Aérea;São Paulo;Dominica;Março;2026;13
Aérea;Distrito Federal;Dominica;Março;2026;2
Terrestre;Amapá;Dominica;Março;2026;1
Terrestre;Rio Grande do Sul;Dominica;Março;2026;1
Aérea;Pará;Egito;Março;2026;2
Aérea;Rio de Janeiro;Egito;Março;2026;38
Aérea;São Paulo;Egito;Março;2026;124
Aérea;Distrito Federal;Egito;Março;2026;2
Terrestre;Roraima;Egito;Março;2026;1
Marítima;Rio Grande do Sul;Egito;Março;2026;1
Aérea;Amazonas;El Salvador;Março;2026;3
Aérea;Pará;El Salvador;Março;2026;1
Aérea;Bahia;El Salvador;Março;2026;3
Aérea;Minas Gerais;El Salvador;Março;2026;10
Aérea;Rio de Janeiro;El Salvador;Março;2026;202
Aérea;São Paulo;El Salvador;Março;2026;486
Aérea;Santa Catarina;El Salvador;Março;2026;22
Aérea;Rio Grande do Sul;El Salvador;Março;2026;10
Aérea;Distrito Federal;El Salvador;Março;2026;19
Terrestre;Paraná;El Salvador;Março;2026;6
Terrestre;Paraná;El Salvador;Março;2026;10
Aérea;Pernambuco;Emirados Árabes Unidos;Março;2026;1
Aérea;Rio de Janeiro;Emirados Árabes Unidos;Março;2026;21
Aérea;São Paulo;Emirados Árabes Unidos;Março;2026;57
Aérea;Santa Catarina;Emirados Árabes Unidos;Março;2026;2
Aérea;Distrito Federal;Emirados Árabes Unidos;Março;2026;13
Aérea;Amazonas;Equador;Março;2026;25
Aérea;Pará;Equador;Março;2026;11
Aérea;Ceará;Equador;Março;2026;2
Aérea;Pernambuco;Equador;Março;2026;3
Aérea;Bahia;Equador;Março;2026;20
Aérea;Minas Gerais;Equador;Março;2026;20
Aérea;Rio de Janeiro;Equador;Março;2026;3077
Aérea;São Paulo;Equador;Março;2026;8
Aérea;São Paulo;Equador;Março;2026;2656
Aérea;Paraná;Equador;Março;2026;2
Aérea;Paraná;Equador;Março;2026;104
Aérea;Santa Catarina;Equador;Março;2026;113
Aérea;Rio Grande do Sul;Equador;Março;2026;153
Aérea;Distrito Federal;Equador;Março;2026;360
Terrestre;Acre;Equador;Março;2026;5
Terrestre;Acre;Equador;Março;2026;2
Terrestre;Amazonas;Equador;Março;2026;2
Terrestre;Roraima;Equador;Março;2026;5
Terrestre;Amapá;Equador;Março;2026;2
Terrestre;Paraná;Equador;Março;2026;116
Terrestre;Paraná;Equador;Março;2026;453
Terrestre;Santa Catarina;Equador;Março;2026;17
Terrestre;Santa Catarina;Equador;Março;2026;1
Terrestre;Rio Grande do Sul;Equador;Março;2026;10
Terrestre;Rio Grande do Sul;Equador;Março;2026;6
Terrestre;Rio Grande do Sul;Equador;Março;2026;8
Terrestre;Mato Grosso do Sul;Equador;Março;2026;18
Terrestre;Mato Grosso do Sul;Equador;Março;2026;3
Marítima;Rio de Janeiro;Equador;Março;2026;5
Marítima;São Paulo;Equador;Março;2026;27
Marítima;São Paulo;Equador;Março;2026;17
Marítima;Santa Catarina;Equador;Março;2026;4
Marítima;Santa Catarina;Equador;Março;2026;25
Fluvial;Rio Grande do Sul;Equador;Março;2026;5
Aérea;Amazonas;Eslováquia;Março;2026;3
Aérea;Pará;Eslováquia;Março;2026;1
Aérea;Ceará;Eslováquia;Março;2026;4
Aérea;Pernambuco;Eslováquia;Março;2026;2
Aérea;Alagoas;Eslováquia;Março;2026;1
Aérea;Bahia;Eslováquia;Março;2026;1
Aérea;Bahia;Eslováquia;Março;2026;3
Aérea;Rio de Janeiro;Eslováquia;Março;2026;174
Aérea;São Paulo;Eslováquia;Março;2026;1
Aérea;São Paulo;Eslováquia;Março;2026;148
Aérea;Santa Catarina;Eslováquia;Março;2026;2
Terrestre;Paraná;Eslováquia;Março;2026;11
Terrestre;Paraná;Eslováquia;Março;2026;100
Terrestre;Rio Grande do Sul;Eslováquia;Março;2026;4
Terrestre;Mato Grosso do Sul;Eslováquia;Março;2026;1
Marítima;Santa Catarina;Eslováquia;Março;2026;1
Aérea;Ceará;Eslovênia;Março;2026;3
Aérea;Pernambuco;Eslovênia;Março;2026;3
Aérea;Bahia;Eslovênia;Março;2026;4
Aérea;Rio de Janeiro;Eslovênia;Março;2026;65
Aérea;São Paulo;Eslovênia;Março;2026;1
Aérea;São Paulo;Eslovênia;Março;2026;104
Aérea;Santa Catarina;Eslovênia;Março;2026;4
Terrestre;Paraná;Eslovênia;Março;2026;8
Terrestre;Paraná;Eslovênia;Março;2026;12
Marítima;Rio de Janeiro;Eslovênia;Março;2026;6
Marítima;São Paulo;Eslovênia;Março;2026;2
Marítima;Santa Catarina;Eslovênia;Março;2026;3
Aérea;Amazonas;Espanha;Março;2026;32
Aérea;Pará;Espanha;Março;2026;32
Aérea;Ceará;Espanha;Março;2026;520
Aérea;Rio Grande do Norte;Espanha;Março;2026;229
Aérea;Paraíba;Espanha;Março;2026;1
Aérea;Pernambuco;Espanha;Março;2026;748
Aérea;Alagoas;Espanha;Março;2026;17
Aérea;Bahia;Espanha;Março;2026;10
Aérea;Bahia;Espanha;Março;2026;653
Aérea;Minas Gerais;Espanha;Março;2026;116
Aérea;Rio de Janeiro;Espanha;Março;2026;4
Aérea;Rio de Janeiro;Espanha;Março;2026;3836
Aérea;São Paulo;Espanha;Março;2026;351
Aérea;São Paulo;Espanha;Março;2026;11179
Aérea;São Paulo;Espanha;Março;2026;1
Aérea;Paraná;Espanha;Março;2026;25
Aérea;Paraná;Espanha;Março;2026;12
Aérea;Santa Catarina;Espanha;Março;2026;188
Aérea;Rio Grande do Sul;Espanha;Março;2026;56
Aérea;Distrito Federal;Espanha;Março;2026;205
Terrestre;Acre;Espanha;Março;2026;2
Terrestre;Amazonas;Espanha;Março;2026;13
Terrestre;Roraima;Espanha;Março;2026;3
Terrestre;Roraima;Espanha;Março;2026;3
Terrestre;Amapá;Espanha;Março;2026;3
Terrestre;Paraná;Espanha;Março;2026;248
Terrestre;Paraná;Espanha;Março;2026;1633
Terrestre;Rio Grande do Sul;Espanha;Março;2026;1
Terrestre;Rio Grande do Sul;Espanha;Março;2026;36
Terrestre;Rio Grande do Sul;Espanha;Março;2026;46
Terrestre;Rio Grande do Sul;Espanha;Março;2026;2
Terrestre;Rio Grande do Sul;Espanha;Março;2026;12
Terrestre;Rio Grande do Sul;Espanha;Março;2026;5
Terrestre;Rio Grande do Sul;Espanha;Março;2026;19
Terrestre;Mato Grosso do Sul;Espanha;Março;2026;24
Terrestre;Mato Grosso do Sul;Espanha;Março;2026;2
Marítima;Bahia;Espanha;Março;2026;2
Marítima;Rio de Janeiro;Espanha;Março;2026;124
Marítima;São Paulo;Espanha;Março;2026;11
Marítima;São Paulo;Espanha;Março;2026;5
Marítima;Santa Catarina;Espanha;Março;2026;108
Marítima;Santa Catarina;Espanha;Março;2026;29
Fluvial;Amapá;Espanha;Março;2026;1
Fluvial;Rio Grande do Sul;Espanha;Março;2026;2
Aérea;Amazonas;Estados Unidos;Março;2026;898
Aérea;Pará;Estados Unidos;Março;2026;317
Aérea;Ceará;Estados Unidos;Março;2026;70
Aérea;Rio Grande do Norte;Estados Unidos;Março;2026;4
Aérea;Pernambuco;Estados Unidos;Março;2026;70
Aérea;Alagoas;Estados Unidos;Março;2026;3
Aérea;Bahia;Estados Unidos;Março;2026;11
Aérea;Bahia;Estados Unidos;Março;2026;622
Aérea;Minas Gerais;Estados Unidos;Março;2026;677
Aérea;Rio de Janeiro;Estados Unidos;Março;2026;28061
Aérea;São Paulo;Estados Unidos;Março;2026;1706
Aérea;São Paulo;Estados Unidos;Março;2026;50630
Aérea;São Paulo;Estados Unidos;Março;2026;8
Aérea;Paraná;Estados Unidos;Março;2026;12
Aérea;Paraná;Estados Unidos;Março;2026;288
Aérea;Santa Catarina;Estados Unidos;Março;2026;371
Aérea;Santa Catarina;Estados Unidos;Março;2026;2
Aérea;Rio Grande do Sul;Estados Unidos;Março;2026;1150
Aérea;Distrito Federal;Estados Unidos;Março;2026;1851
Terrestre;Rondônia;Estados Unidos;Março;2026;1
Terrestre;Acre;Estados Unidos;Março;2026;3
Terrestre;Amazonas;Estados Unidos;Março;2026;10
Terrestre;Roraima;Estados Unidos;Março;2026;16
Terrestre;Amapá;Estados Unidos;Março;2026;1
Terrestre;Paraná;Estados Unidos;Março;2026;217
Terrestre;Paraná;Estados Unidos;Março;2026;3989
Terrestre;Paraná;Estados Unidos;Março;2026;26
Terrestre;Paraná;Estados Unidos;Março;2026;1
Terrestre;Santa Catarina;Estados Unidos;Março;2026;1
Terrestre;Rio Grande do Sul;Estados Unidos;Março;2026;18
Terrestre;Rio Grande do Sul;Estados Unidos;Março;2026;7
Terrestre;Rio Grande do Sul;Estados Unidos;Março;2026;2
Terrestre;Rio Grande do Sul;Estados Unidos;Março;2026;3
Terrestre;Rio Grande do Sul;Estados Unidos;Março;2026;5
Terrestre;Mato Grosso do Sul;Estados Unidos;Março;2026;2
Terrestre;Mato Grosso do Sul;Estados Unidos;Março;2026;6
Marítima;Pernambuco;Estados Unidos;Março;2026;5
Marítima;Bahia;Estados Unidos;Março;2026;1
Marítima;Rio de Janeiro;Estados Unidos;Março;2026;839
Marítima;São Paulo;Estados Unidos;Março;2026;132
Marítima;São Paulo;Estados Unidos;Março;2026;1275
Marítima;Santa Catarina;Estados Unidos;Março;2026;80
Marítima;Santa Catarina;Estados Unidos;Março;2026;567
Marítima;Santa Catarina;Estados Unidos;Março;2026;135
Fluvial;Rio Grande do Sul;Estados Unidos;Março;2026;3
Fluvial;Rio Grande do Sul;Estados Unidos;Março;2026;2
Aérea;Ceará;Estônia;Março;2026;1
Aérea;Rio Grande do Norte;Estônia;Março;2026;1
Aérea;Bahia;Estônia;Março;2026;3
Aérea;Rio de Janeiro;Estônia;Março;2026;28
Aérea;São Paulo;Estônia;Março;2026;127
Aérea;Distrito Federal;Estônia;Março;2026;1
Terrestre;Acre;Estônia;Março;2026;1
Terrestre;Paraná;Estônia;Março;2026;2
Terrestre;Paraná;Estônia;Março;2026;10
Marítima;São Paulo;Estônia;Março;2026;2
Aérea;Rio de Janeiro;Etiópia;Março;2026;2
Aérea;São Paulo;Etiópia;Março;2026;54
Marítima;Rio Grande do Sul;Etiópia;Março;2026;1
Aérea;São Paulo;Fiji;Março;2026;7
Aérea;Amazonas;Filipinas;Março;2026;6
Aérea;Pará;Filipinas;Março;2026;1
Aérea;Bahia;Filipinas;Março;2026;1
Aérea;Rio de Janeiro;Filipinas;Março;2026;104
Aérea;São Paulo;Filipinas;Março;2026;3
Aérea;São Paulo;Filipinas;Março;2026;446
Aérea;Santa Catarina;Filipinas;Março;2026;2
Aérea;Rio Grande do Sul;Filipinas;Março;2026;3
Aérea;Distrito Federal;Filipinas;Março;2026;3
Terrestre;Paraná;Filipinas;Março;2026;4
Terrestre;Paraná;Filipinas;Março;2026;6
Terrestre;Mato Grosso do Sul;Filipinas;Março;2026;2
Marítima;Pernambuco;Filipinas;Março;2026;1
Marítima;Rio de Janeiro;Filipinas;Março;2026;5
Marítima;Rio de Janeiro;Filipinas;Março;2026;3
Marítima;São Paulo;Filipinas;Março;2026;1
Marítima;São Paulo;Filipinas;Março;2026;4
Marítima;Santa Catarina;Filipinas;Março;2026;10
Marítima;Santa Catarina;Filipinas;Março;2026;66
Aérea;Ceará;Finlândia;Março;2026;4
Aérea;Rio Grande do Norte;Finlândia;Março;2026;1
Aérea;Pernambuco;Finlândia;Março;2026;3
Aérea;Alagoas;Finlândia;Março;2026;1
Aérea;Bahia;Finlândia;Março;2026;2
Aérea;Minas Gerais;Finlândia;Março;2026;2
Aérea;Rio de Janeiro;Finlândia;Março;2026;228
Aérea;São Paulo;Finlândia;Março;2026;2
Aérea;São Paulo;Finlândia;Março;2026;364
Aérea;Paraná;Finlândia;Março;2026;1
Aérea;Santa Catarina;Finlândia;Março;2026;7
Aérea;Rio Grande do Sul;Finlândia;Março;2026;5
Aérea;Distrito Federal;Finlândia;Março;2026;18
Terrestre;Paraná;Finlândia;Março;2026;8
Terrestre;Paraná;Finlândia;Março;2026;23
Terrestre;Rio Grande do Sul;Finlândia;Março;2026;2
Terrestre;Rio Grande do Sul;Finlândia;Março;2026;2
Terrestre;Mato Grosso do Sul;Finlândia;Março;2026;2
Marítima;São Paulo;Finlândia;Março;2026;3
Marítima;Santa Catarina;Finlândia;Março;2026;1
Marítima;Santa Catarina;Finlândia;Março;2026;4
Aérea;Amazonas;França;Março;2026;45
Aérea;Pará;França;Março;2026;623
Aérea;Ceará;França;Março;2026;834
Aérea;Rio Grande do Norte;França;Março;2026;133
Aérea;Paraíba;França;Março;2026;1
Aérea;Pernambuco;França;Março;2026;260
Aérea;Alagoas;França;Março;2026;10
Aérea;Bahia;França;Março;2026;7
Aérea;Bahia;França;Março;2026;865
Aérea;Minas Gerais;França;Março;2026;119
Aérea;Rio de Janeiro;França;Março;2026;8365
Aérea;São Paulo;França;Março;2026;288
Aérea;São Paulo;França;Março;2026;7456
Aérea;São Paulo;França;Março;2026;1
Aérea;Paraná;França;Março;2026;5
Aérea;Paraná;França;Março;2026;14
Aérea;Santa Catarina;França;Março;2026;140
Aérea;Rio Grande do Sul;França;Março;2026;67
Aérea;Distrito Federal;França;Março;2026;156
Terrestre;Rondônia;França;Março;2026;1
Terrestre;Acre;França;Março;2026;5
Terrestre;Acre;França;Março;2026;2
Terrestre;Amazonas;França;Março;2026;18
Terrestre;Roraima;França;Março;2026;6
Terrestre;Roraima;França;Março;2026;1
Terrestre;Amapá;França;Março;2026;1610
Terrestre;Paraná;França;Março;2026;114
Terrestre;Paraná;França;Março;2026;1269
Terrestre;Rio Grande do Sul;França;Março;2026;2
Terrestre;Rio Grande do Sul;França;Março;2026;24
Terrestre;Rio Grande do Sul;França;Março;2026;3
Terrestre;Rio Grande do Sul;França;Março;2026;14
Terrestre;Rio Grande do Sul;França;Março;2026;1
Terrestre;Rio Grande do Sul;França;Março;2026;5
Terrestre;Rio Grande do Sul;França;Março;2026;8
Terrestre;Mato Grosso do Sul;França;Março;2026;11
Terrestre;Mato Grosso do Sul;França;Março;2026;4
Marítima;Ceará;França;Março;2026;1
Marítima;Pernambuco;França;Março;2026;20
Marítima;Pernambuco;França;Março;2026;7
Marítima;Bahia;França;Março;2026;15
Marítima;Rio de Janeiro;França;Março;2026;1
Marítima;Rio de Janeiro;França;Março;2026;223
Marítima;São Paulo;França;Março;2026;10
Marítima;São Paulo;França;Março;2026;10
Marítima;Santa Catarina;França;Março;2026;41
Marítima;Santa Catarina;França;Março;2026;12
Fluvial;Pará;França;Março;2026;144
Fluvial;Amapá;França;Março;2026;201
Fluvial;Rio Grande do Sul;França;Março;2026;4
Aérea;Rio de Janeiro;Gabão;Março;2026;4
Aérea;São Paulo;Gabão;Março;2026;2
Aérea;Pernambuco;Gana;Março;2026;1
Aérea;Rio de Janeiro;Gana;Março;2026;6
Aérea;São Paulo;Gana;Março;2026;41
Aérea;Distrito Federal;Gana;Março;2026;2
Aérea;Ceará;Geórgia;Março;2026;1
Aérea;Bahia;Geórgia;Março;2026;5
Aérea;Rio de Janeiro;Geórgia;Março;2026;33
Aérea;São Paulo;Geórgia;Março;2026;1
Aérea;São Paulo;Geórgia;Março;2026;49
Terrestre;Paraná;Geórgia;Março;2026;2
Terrestre;Paraná;Geórgia;Março;2026;14
Marítima;Rio Grande do Sul;Geórgia;Março;2026;1
Aérea;Rio de Janeiro;Granada;Março;2026;2
Aérea;São Paulo;Granada;Março;2026;8
Aérea;Distrito Federal;Granada;Março;2026;3
Terrestre;Paraná;Granada;Março;2026;2
Terrestre;Paraná;Granada;Março;2026;2
Aérea;Amazonas;Grécia;Março;2026;4
Aérea;Pará;Grécia;Março;2026;2
Aérea;Ceará;Grécia;Março;2026;11
Aérea;Pernambuco;Grécia;Março;2026;11
Aérea;Alagoas;Grécia;Março;2026;1
Aérea;Bahia;Grécia;Março;2026;21
Aérea;Minas Gerais;Grécia;Março;2026;1
Aérea;Rio de Janeiro;Grécia;Março;2026;438
Aérea;São Paulo;Grécia;Março;2026;517
Aérea;Paraná;Grécia;Março;2026;1
Aérea;Santa Catarina;Grécia;Março;2026;3
Aérea;Rio Grande do Sul;Grécia;Março;2026;3
Terrestre;Acre;Grécia;Março;2026;1
Terrestre;Paraná;Grécia;Março;2026;2
Terrestre;Paraná;Grécia;Março;2026;118
Terrestre;Rio Grande do Sul;Grécia;Março;2026;1
Terrestre;Rio Grande do Sul;Grécia;Março;2026;2
Marítima;Pernambuco;Grécia;Março;2026;1
Marítima;Bahia;Grécia;Março;2026;1
Marítima;Rio de Janeiro;Grécia;Março;2026;5
Marítima;Rio de Janeiro;Grécia;Março;2026;3
Marítima;São Paulo;Grécia;Março;2026;4
Marítima;Santa Catarina;Grécia;Março;2026;2
Marítima;Santa Catarina;Grécia;Março;2026;2
Aérea;Amazonas;Guatemala;Março;2026;3
Aérea;Bahia;Guatemala;Março;2026;1
Aérea;Bahia;Guatemala;Março;2026;3
Aérea;Minas Gerais;Guatemala;Março;2026;4
Aérea;Rio de Janeiro;Guatemala;Março;2026;585
Aérea;São Paulo;Guatemala;Março;2026;397
Aérea;Santa Catarina;Guatemala;Março;2026;7
Aérea;Rio Grande do Sul;Guatemala;Março;2026;28
Aérea;Distrito Federal;Guatemala;Março;2026;41
Terrestre;Amazonas;Guatemala;Março;2026;1
Terrestre;Paraná;Guatemala;Março;2026;9
Terrestre;Paraná;Guatemala;Março;2026;47
Terrestre;Rio Grande do Sul;Guatemala;Março;2026;2
Marítima;Rio de Janeiro;Guatemala;Março;2026;23
Marítima;São Paulo;Guatemala;Março;2026;2
Marítima;Santa Catarina;Guatemala;Março;2026;2
Aérea;Amazonas;Guiana;Março;2026;8
Aérea;Pará;Guiana;Março;2026;8
Aérea;Rio de Janeiro;Guiana;Março;2026;26
Aérea;São Paulo;Guiana;Março;2026;25
Aérea;Santa Catarina;Guiana;Março;2026;1
Aérea;Distrito Federal;Guiana;Março;2026;8
Terrestre;Roraima;Guiana;Março;2026;744
Terrestre;Roraima;Guiana;Março;2026;3
Terrestre;Amapá;Guiana;Março;2026;3
Terrestre;Paraná;Guiana;Março;2026;2
Fluvial;Amapá;Guiana;Março;2026;1
Aérea;Rio de Janeiro;Guiné;Março;2026;6
Aérea;São Paulo;Guiné;Março;2026;38
Aérea;São Paulo;Guiné Equatorial;Março;2026;4
Aérea;Amazonas;Guiné-Bissau;Março;2026;3
Aérea;Pará;Guiné-Bissau;Março;2026;4
Aérea;Ceará;Guiné-Bissau;Março;2026;1
Aérea;Bahia;Guiné-Bissau;Março;2026;3
Aérea;Rio de Janeiro;Guiné-Bissau;Março;2026;4
Aérea;São Paulo;Guiné-Bissau;Março;2026;7
Aérea;Santa Catarina;Guiné-Bissau;Março;2026;4
Aérea;Distrito Federal;Guiné-Bissau;Março;2026;1
Aérea;Rio de Janeiro;Gâmbia;Março;2026;1
Aérea;São Paulo;Gâmbia;Março;2026;11
Aérea;Minas Gerais;Haiti;Março;2026;3
Aérea;Rio de Janeiro;Haiti;Março;2026;13
Aérea;São Paulo;Haiti;Março;2026;3
Aérea;São Paulo;Haiti;Março;2026;85
Aérea;Paraná;Haiti;Março;2026;1
Aérea;Santa Catarina;Haiti;Março;2026;12
Aérea;Rio Grande do Sul;Haiti;Março;2026;4
Aérea;Distrito Federal;Haiti;Março;2026;1
Terrestre;Amapá;Haiti;Março;2026;1
Terrestre;Rio Grande do Sul;Haiti;Março;2026;2
Fluvial;Amapá;Haiti;Março;2026;2
Aérea;Amazonas;Holanda;Março;2026;19
Aérea;Roraima;Holanda;Março;2026;1
Aérea;Pará;Holanda;Março;2026;137
Aérea;Ceará;Holanda;Março;2026;171
Aérea;Rio Grande do Norte;Holanda;Março;2026;50
Aérea;Pernambuco;Holanda;Março;2026;57
Aérea;Alagoas;Holanda;Março;2026;6
Aérea;Bahia;Holanda;Março;2026;327
Aérea;Minas Gerais;Holanda;Março;2026;17
Aérea;Rio de Janeiro;Holanda;Março;2026;1752
Aérea;São Paulo;Holanda;Março;2026;21
Aérea;São Paulo;Holanda;Março;2026;2407
Aérea;Paraná;Holanda;Março;2026;4
Aérea;Paraná;Holanda;Março;2026;7
Aérea;Santa Catarina;Holanda;Março;2026;58
Aérea;Rio Grande do Sul;Holanda;Março;2026;34
Aérea;Distrito Federal;Holanda;Março;2026;25
Terrestre;Acre;Holanda;Março;2026;2
Terrestre;Amazonas;Holanda;Março;2026;8
Terrestre;Roraima;Holanda;Março;2026;4
Terrestre;Amapá;Holanda;Março;2026;7
Terrestre;Paraná;Holanda;Março;2026;44
Terrestre;Paraná;Holanda;Março;2026;498
Terrestre;Santa Catarina;Holanda;Março;2026;6
Terrestre;Rio Grande do Sul;Holanda;Março;2026;3
Terrestre;Rio Grande do Sul;Holanda;Março;2026;12
Terrestre;Rio Grande do Sul;Holanda;Março;2026;1
Terrestre;Rio Grande do Sul;Holanda;Março;2026;2
Marítima;Pernambuco;Holanda;Março;2026;1
Marítima;Rio de Janeiro;Holanda;Março;2026;1
Marítima;Rio de Janeiro;Holanda;Março;2026;22
Marítima;São Paulo;Holanda;Março;2026;6
Marítima;São Paulo;Holanda;Março;2026;1
Marítima;Santa Catarina;Holanda;Março;2026;12
Marítima;Santa Catarina;Holanda;Março;2026;14
Fluvial;Amapá;Holanda;Março;2026;12
Aérea;Ceará;Honduras;Março;2026;1
Aérea;Bahia;Honduras;Março;2026;13
Aérea;Minas Gerais;Honduras;Março;2026;3
Aérea;Rio de Janeiro;Honduras;Março;2026;195
Aérea;São Paulo;Honduras;Março;2026;1
Aérea;São Paulo;Honduras;Março;2026;228
Aérea;Santa Catarina;Honduras;Março;2026;15
Aérea;Rio Grande do Sul;Honduras;Março;2026;9
Aérea;Distrito Federal;Honduras;Março;2026;12
Terrestre;Paraná;Honduras;Março;2026;11
Terrestre;Paraná;Honduras;Março;2026;2
Terrestre;Rio Grande do Sul;Honduras;Março;2026;1
Marítima;Rio de Janeiro;Honduras;Março;2026;10
Marítima;Santa Catarina;Honduras;Março;2026;2
Marítima;Santa Catarina;Honduras;Março;2026;11
Aérea;Amazonas;Hungria;Março;2026;1
Aérea;Pará;Hungria;Março;2026;1
Aérea;Ceará;Hungria;Março;2026;8
Aérea;Rio Grande do Norte;Hungria;Março;2026;1
Aérea;Pernambuco;Hungria;Março;2026;1
Aérea;Bahia;Hungria;Março;2026;9
Aérea;Rio de Janeiro;Hungria;Março;2026;984
Aérea;São Paulo;Hungria;Março;2026;3
Aérea;São Paulo;Hungria;Março;2026;424
Aérea;Paraná;Hungria;Março;2026;2
Aérea;Santa Catarina;Hungria;Março;2026;7
Aérea;Rio Grande do Sul;Hungria;Março;2026;1
Aérea;Distrito Federal;Hungria;Março;2026;7
Terrestre;Paraná;Hungria;Março;2026;8
Terrestre;Paraná;Hungria;Março;2026;58
Terrestre;Rio Grande do Sul;Hungria;Março;2026;1
Terrestre;Rio Grande do Sul;Hungria;Março;2026;1
Terrestre;Mato Grosso do Sul;Hungria;Março;2026;1
Marítima;Rio de Janeiro;Hungria;Março;2026;8
Marítima;São Paulo;Hungria;Março;2026;7
Marítima;São Paulo;Hungria;Março;2026;12
Marítima;Santa Catarina;Hungria;Março;2026;4
Aérea;Rio Grande do Norte;Indonésia;Março;2026;1
Aérea;Bahia;Indonésia;Março;2026;3
Aérea;Rio de Janeiro;Indonésia;Março;2026;59
Aérea;São Paulo;Indonésia;Março;2026;308
Terrestre;Paraná;Indonésia;Março;2026;12
Marítima;Rio de Janeiro;Indonésia;Março;2026;7
Marítima;São Paulo;Indonésia;Março;2026;2
Marítima;Santa Catarina;Indonésia;Março;2026;2
Marítima;Santa Catarina;Indonésia;Março;2026;37
Fluvial;Rio Grande do Sul;Indonésia;Março;2026;3
Aérea;São Paulo;Iraque;Março;2026;2
Aérea;Amazonas;Irlanda;Março;2026;7
Aérea;Pará;Irlanda;Março;2026;5
Aérea;Ceará;Irlanda;Março;2026;29
Aérea;Rio Grande do Norte;Irlanda;Março;2026;4
Aérea;Pernambuco;Irlanda;Março;2026;37
Aérea;Bahia;Irlanda;Março;2026;51
Aérea;Minas Gerais;Irlanda;Março;2026;54
Aérea;Rio de Janeiro;Irlanda;Março;2026;1852
Aérea;São Paulo;Irlanda;Março;2026;34
Aérea;São Paulo;Irlanda;Março;2026;4941
Aérea;São Paulo;Irlanda;Março;2026;5
Aérea;Paraná;Irlanda;Março;2026;2
Aérea;Santa Catarina;Irlanda;Março;2026;37
Aérea;Rio Grande do Sul;Irlanda;Março;2026;40
Aérea;Distrito Federal;Irlanda;Março;2026;33
Terrestre;Amazonas;Irlanda;Março;2026;1
Terrestre;Paraná;Irlanda;Março;2026;12
Terrestre;Paraná;Irlanda;Março;2026;145
Terrestre;Rio Grande do Sul;Irlanda;Março;2026;1
Terrestre;Rio Grande do Sul;Irlanda;Março;2026;1
Terrestre;Rio Grande do Sul;Irlanda;Março;2026;1
Marítima;Rio de Janeiro;Irlanda;Março;2026;15
Marítima;São Paulo;Irlanda;Março;2026;3
Marítima;São Paulo;Irlanda;Março;2026;8
Marítima;Santa Catarina;Irlanda;Março;2026;1
Marítima;Santa Catarina;Irlanda;Março;2026;10
Aérea;Rio de Janeiro;Irã;Março;2026;14
Aérea;São Paulo;Irã;Março;2026;52
Terrestre;Paraná;Irã;Março;2026;1
Terrestre;Mato Grosso do Sul;Irã;Março;2026;2
Aérea;Ceará;Islândia;Março;2026;2
Aérea;Minas Gerais;Islândia;Março;2026;1
Aérea;Rio de Janeiro;Islândia;Março;2026;58
Aérea;São Paulo;Islândia;Março;2026;2
Aérea;São Paulo;Islândia;Março;2026;26
Aérea;Rio Grande do Sul;Islândia;Março;2026;1
Marítima;Santa Catarina;Islândia;Março;2026;10
Marítima;Santa Catarina;Islândia;Março;2026;14
Aérea;Amazonas;Israel;Março;2026;1
Aérea;Ceará;Israel;Março;2026;6
Aérea;Rio Grande do Norte;Israel;Março;2026;5
Aérea;Pernambuco;Israel;Março;2026;5
Aérea;Alagoas;Israel;Março;2026;2
Aérea;Bahia;Israel;Março;2026;66
Aérea;Minas Gerais;Israel;Março;2026;4
Aérea;Rio de Janeiro;Israel;Março;2026;539
Aérea;São Paulo;Israel;Março;2026;10
Aérea;São Paulo;Israel;Março;2026;975
Aérea;Paraná;Israel;Março;2026;2
Aérea;Paraná;Israel;Março;2026;2
Aérea;Santa Catarina;Israel;Março;2026;15
Aérea;Distrito Federal;Israel;Março;2026;5
Terrestre;Paraná;Israel;Março;2026;4
Terrestre;Paraná;Israel;Março;2026;278
Terrestre;Rio Grande do Sul;Israel;Março;2026;1
Terrestre;Rio Grande do Sul;Israel;Março;2026;1
Terrestre;Mato Grosso do Sul;Israel;Março;2026;2
Terrestre;Mato Grosso do Sul;Israel;Março;2026;2
Marítima;Paraíba;Israel;Março;2026;2
Marítima;Rio de Janeiro;Israel;Março;2026;4
Marítima;São Paulo;Israel;Março;2026;4
Marítima;Santa Catarina;Israel;Março;2026;2
Aérea;Amazonas;Itália;Março;2026;47
Aérea;Roraima;Itália;Março;2026;2
Aérea;Pará;Itália;Março;2026;20
Aérea;Ceará;Itália;Março;2026;513
Aérea;Rio Grande do Norte;Itália;Março;2026;195
Aérea;Pernambuco;Itália;Março;2026;469
Aérea;Alagoas;Itália;Março;2026;69
Aérea;Bahia;Itália;Março;2026;8
Aérea;Bahia;Itália;Março;2026;882
Aérea;Minas Gerais;Itália;Março;2026;392
Aérea;Rio de Janeiro;Itália;Março;2026;2
Aérea;Rio de Janeiro;Itália;Março;2026;4339
Aérea;São Paulo;Itália;Março;2026;54
Aérea;São Paulo;Itália;Março;2026;10976
Aérea;São Paulo;Itália;Março;2026;1
Aérea;Paraná;Itália;Março;2026;3
Aérea;Paraná;Itália;Março;2026;13
Aérea;Santa Catarina;Itália;Março;2026;265
Aérea;Rio Grande do Sul;Itália;Março;2026;64
Aérea;Distrito Federal;Itália;Março;2026;83
Terrestre;Acre;Itália;Março;2026;5
Terrestre;Amazonas;Itália;Março;2026;9
Terrestre;Roraima;Itália;Março;2026;1
Terrestre;Roraima;Itália;Março;2026;4
Terrestre;Amapá;Itália;Março;2026;6
Terrestre;Paraná;Itália;Março;2026;66
Terrestre;Paraná;Itália;Março;2026;848
Terrestre;Santa Catarina;Itália;Março;2026;1
Terrestre;Santa Catarina;Itália;Março;2026;1
Terrestre;Rio Grande do Sul;Itália;Março;2026;3
Terrestre;Rio Grande do Sul;Itália;Março;2026;34
Terrestre;Rio Grande do Sul;Itália;Março;2026;26
Terrestre;Rio Grande do Sul;Itália;Março;2026;3
Terrestre;Rio Grande do Sul;Itália;Março;2026;16
Terrestre;Rio Grande do Sul;Itália;Março;2026;2
Terrestre;Rio Grande do Sul;Itália;Março;2026;22
Terrestre;Mato Grosso do Sul;Itália;Março;2026;7
Terrestre;Mato Grosso do Sul;Itália;Março;2026;3
Marítima;Rio de Janeiro;Itália;Março;2026;271
Marítima;São Paulo;Itália;Março;2026;44
Marítima;São Paulo;Itália;Março;2026;7
Marítima;Santa Catarina;Itália;Março;2026;96
Marítima;Santa Catarina;Itália;Março;2026;47
Marítima;Santa Catarina;Itália;Março;2026;1
Fluvial;Rio Grande do Sul;Itália;Março;2026;4
Fluvial;Rio Grande do Sul;Itália;Março;2026;1
Aérea;Rio de Janeiro;Iêmen;Março;2026;1
Aérea;São Paulo;Iêmen;Março;2026;7
Aérea;Bahia;Jamaica;Março;2026;1
Aérea;Minas Gerais;Jamaica;Março;2026;2
Aérea;Rio de Janeiro;Jamaica;Março;2026;90
Aérea;São Paulo;Jamaica;Março;2026;69
Aérea;Rio Grande do Sul;Jamaica;Março;2026;1
Aérea;Distrito Federal;Jamaica;Março;2026;7
Marítima;Rio de Janeiro;Jamaica;Março;2026;2
Aérea;Amazonas;Japão;Março;2026;20
Aérea;Ceará;Japão;Março;2026;1
Aérea;Pernambuco;Japão;Março;2026;2
Aérea;Bahia;Japão;Março;2026;2
Aérea;Minas Gerais;Japão;Março;2026;1
Aérea;Rio de Janeiro;Japão;Março;2026;361
Aérea;São Paulo;Japão;Março;2026;12
Aérea;São Paulo;Japão;Março;2026;7629
Aérea;Paraná;Japão;Março;2026;1
Aérea;Paraná;Japão;Março;2026;2
Aérea;Santa Catarina;Japão;Março;2026;2
Aérea;Rio Grande do Sul;Japão;Março;2026;4
Aérea;Distrito Federal;Japão;Março;2026;7
Terrestre;Amazonas;Japão;Março;2026;6
Terrestre;Roraima;Japão;Março;2026;1
Terrestre;Paraná;Japão;Março;2026;108
Terrestre;Paraná;Japão;Março;2026;209
Terrestre;Rio Grande do Sul;Japão;Março;2026;4
Terrestre;Rio Grande do Sul;Japão;Março;2026;1
Terrestre;Mato Grosso do Sul;Japão;Março;2026;5
Terrestre;Mato Grosso do Sul;Japão;Março;2026;7
Marítima;São Paulo;Japão;Março;2026;5
Marítima;Santa Catarina;Japão;Março;2026;5
Aérea;Rio de Janeiro;Jordânia;Março;2026;8
Aérea;São Paulo;Jordânia;Março;2026;20
Terrestre;Paraná;Jordânia;Março;2026;1
Aérea;São Paulo;Kuwait;Março;2026;2
Aérea;Rio de Janeiro;Laos;Março;2026;1
Terrestre;Rio Grande do Sul;Laos;Março;2026;1
Aérea;São Paulo;Lesoto;Março;2026;2
Aérea;Ceará;Letônia;Março;2026;3
Aérea;Rio Grande do Norte;Letônia;Março;2026;1
Aérea;Bahia;Letônia;Março;2026;2
Aérea;Rio de Janeiro;Letônia;Março;2026;56
Aérea;São Paulo;Letônia;Março;2026;2
Aérea;São Paulo;Letônia;Março;2026;107
Aérea;Paraná;Letônia;Março;2026;1
Aérea;Santa Catarina;Letônia;Março;2026;2
Aérea;Rio Grande do Sul;Letônia;Março;2026;2
Terrestre;Paraná;Letônia;Março;2026;16
Terrestre;Rio Grande do Sul;Letônia;Março;2026;1
Terrestre;Mato Grosso do Sul;Letônia;Março;2026;1
Marítima;Rio de Janeiro;Letônia;Março;2026;2
Aérea;São Paulo;Libéria;Março;2026;1
Aérea;Bahia;Liechtenstein;Março;2026;1
Aérea;Rio de Janeiro;Liechtenstein;Março;2026;5
Aérea;São Paulo;Liechtenstein;Março;2026;15
Terrestre;Paraná;Liechtenstein;Março;2026;4
Marítima;Rio de Janeiro;Liechtenstein;Março;2026;1
Aérea;Ceará;Lituânia;Março;2026;8
Aérea;Rio Grande do Norte;Lituânia;Março;2026;1
Aérea;Pernambuco;Lituânia;Março;2026;12
Aérea;Bahia;Lituânia;Março;2026;14
Aérea;Minas Gerais;Lituânia;Março;2026;1
Aérea;Rio de Janeiro;Lituânia;Março;2026;105
Aérea;São Paulo;Lituânia;Março;2026;5
Aérea;São Paulo;Lituânia;Março;2026;195
Aérea;Paraná;Lituânia;Março;2026;2
Aérea;Santa Catarina;Lituânia;Março;2026;5
Aérea;Rio Grande do Sul;Lituânia;Março;2026;1
Aérea;Distrito Federal;Lituânia;Março;2026;2
Terrestre;Amazonas;Lituânia;Março;2026;1
Terrestre;Paraná;Lituânia;Março;2026;5
Terrestre;Paraná;Lituânia;Março;2026;28
Marítima;Rio de Janeiro;Lituânia;Março;2026;3
Marítima;Santa Catarina;Lituânia;Março;2026;1
Aérea;Pará;Luxemburgo;Março;2026;1
Aérea;Ceará;Luxemburgo;Março;2026;22
Aérea;Rio Grande do Norte;Luxemburgo;Março;2026;7
Aérea;Pernambuco;Luxemburgo;Março;2026;11
Aérea;Bahia;Luxemburgo;Março;2026;1
Aérea;Bahia;Luxemburgo;Março;2026;9
Aérea;Rio de Janeiro;Luxemburgo;Março;2026;160
Aérea;São Paulo;Luxemburgo;Março;2026;6
Aérea;São Paulo;Luxemburgo;Março;2026;278
Aérea;Santa Catarina;Luxemburgo;Março;2026;7
Aérea;Rio Grande do Sul;Luxemburgo;Março;2026;2
Aérea;Distrito Federal;Luxemburgo;Março;2026;7
Terrestre;Roraima;Luxemburgo;Março;2026;3
Terrestre;Paraná;Luxemburgo;Março;2026;4
Terrestre;Paraná;Luxemburgo;Março;2026;15
Marítima;Rio de Janeiro;Luxemburgo;Março;2026;1
Marítima;São Paulo;Luxemburgo;Março;2026;2
Marítima;Santa Catarina;Luxemburgo;Março;2026;1
Aérea;Rio de Janeiro;Líbano;Março;2026;12
Aérea;São Paulo;Líbano;Março;2026;162
Aérea;São Paulo;Líbano;Março;2026;1
Terrestre;Paraná;Líbano;Março;2026;2
Terrestre;Rio Grande do Sul;Líbano;Março;2026;1
Marítima;Santa Catarina;Líbano;Março;2026;2
Aérea;Rio de Janeiro;Líbia;Março;2026;1
Aérea;Rio de Janeiro;Macedônia;Março;2026;23
Aérea;São Paulo;Macedônia;Março;2026;24
Terrestre;Paraná;Macedônia;Março;2026;4
Marítima;Santa Catarina;Macedônia;Março;2026;1
Aérea;Rio de Janeiro;Madagascar;Março;2026;1
Aérea;São Paulo;Madagascar;Março;2026;2
Aérea;São Paulo;Malauí;Março;2026;2
Aérea;São Paulo;Mali;Março;2026;23
Terrestre;Paraná;Mali;Março;2026;1
Aérea;Ceará;Malta;Março;2026;1
Aérea;Bahia;Malta;Março;2026;1
Aérea;Rio de Janeiro;Malta;Março;2026;37
Aérea;São Paulo;Malta;Março;2026;138
Aérea;Distrito Federal;Malta;Março;2026;1
Terrestre;Paraná;Malta;Março;2026;1
Terrestre;Paraná;Malta;Março;2026;3
Marítima;São Paulo;Malta;Março;2026;24
Marítima;Santa Catarina;Malta;Março;2026;2
Aérea;Ceará;Malásia;Março;2026;3
Aérea;Pernambuco;Malásia;Março;2026;1
Aérea;Bahia;Malásia;Março;2026;1
Aérea;Minas Gerais;Malásia;Março;2026;1
Aérea;Rio de Janeiro;Malásia;Março;2026;101
Aérea;São Paulo;Malásia;Março;2026;135
Aérea;Distrito Federal;Malásia;Março;2026;2
Terrestre;Paraná;Malásia;Março;2026;67
Terrestre;Rio Grande do Sul;Malásia;Março;2026;1
Marítima;São Paulo;Malásia;Março;2026;3
Aérea;Pará;Marrocos;Março;2026;4
Aérea;Ceará;Marrocos;Março;2026;4
Aérea;Pernambuco;Marrocos;Março;2026;1
Aérea;Bahia;Marrocos;Março;2026;2
Aérea;Rio de Janeiro;Marrocos;Março;2026;78
Aérea;São Paulo;Marrocos;Março;2026;3
Aérea;São Paulo;Marrocos;Março;2026;495
Aérea;Paraná;Marrocos;Março;2026;1
Aérea;Santa Catarina;Marrocos;Março;2026;2
Aérea;Distrito Federal;Marrocos;Março;2026;1
Terrestre;Paraná;Marrocos;Março;2026;1
Terrestre;Paraná;Marrocos;Março;2026;1
Terrestre;Rio Grande do Sul;Marrocos;Março;2026;1
Terrestre;Mato Grosso do Sul;Marrocos;Março;2026;1
Fluvial;Amapá;Marrocos;Março;2026;1
Aérea;São Paulo;Mauritânia;Março;2026;9
Aérea;Rio de Janeiro;Maurício;Março;2026;1
Aérea;São Paulo;Maurício;Março;2026;2
Terrestre;Paraná;Maurício;Março;2026;1
Marítima;São Paulo;Maurício;Março;2026;1
Aérea;Rio de Janeiro;Mianma;Março;2026;2
Aérea;Rio Grande do Norte;Moldávia;Março;2026;2
Aérea;Pernambuco;Moldávia;Março;2026;1
Aérea;Rio de Janeiro;Moldávia;Março;2026;19
Aérea;São Paulo;Moldávia;Março;2026;2
Aérea;São Paulo;Moldávia;Março;2026;10
Aérea;Minas Gerais;Mongólia;Março;2026;1
Aérea;Rio de Janeiro;Mongólia;Março;2026;11
Aérea;São Paulo;Mongólia;Março;2026;19
Terrestre;Paraná;Mongólia;Março;2026;13
Terrestre;Paraná;Mongólia;Março;2026;18
Terrestre;Rio Grande do Sul;Mongólia;Março;2026;1
Aérea;Rio de Janeiro;Montenegro;Março;2026;5
Aérea;São Paulo;Montenegro;Março;2026;13
Aérea;Santa Catarina;Montenegro;Março;2026;2
Terrestre;Rio Grande do Sul;Montenegro;Março;2026;1
Aérea;Pernambuco;Moçambique;Março;2026;1
Aérea;Rio de Janeiro;Moçambique;Março;2026;5
Aérea;São Paulo;Moçambique;Março;2026;314
Aérea;Rio Grande do Sul;Moçambique;Março;2026;1
Aérea;Distrito Federal;Moçambique;Março;2026;3
Aérea;Amazonas;México;Março;2026;68
Aérea;Pará;México;Março;2026;14
Aérea;Ceará;México;Março;2026;1
Aérea;Rio Grande do Norte;México;Março;2026;3
Aérea;Bahia;México;Março;2026;5
Aérea;Bahia;México;Março;2026;36
Aérea;Minas Gerais;México;Março;2026;38
Aérea;Rio de Janeiro;México;Março;2026;3132
Aérea;São Paulo;México;Março;2026;8
Aérea;São Paulo;México;Março;2026;9162
Aérea;Paraná;México;Março;2026;2
Aérea;Paraná;México;Março;2026;30
Aérea;Santa Catarina;México;Março;2026;39
Aérea;Rio Grande do Sul;México;Março;2026;108
Aérea;Distrito Federal;México;Março;2026;107
Terrestre;Amazonas;México;Março;2026;5
Terrestre;Roraima;México;Março;2026;1
Terrestre;Paraná;México;Março;2026;82
Terrestre;Paraná;México;Março;2026;582
Terrestre;Paraná;México;Março;2026;1
Terrestre;Rio Grande do Sul;México;Março;2026;13
Terrestre;Rio Grande do Sul;México;Março;2026;3
Terrestre;Rio Grande do Sul;México;Março;2026;4
Terrestre;Rio Grande do Sul;México;Março;2026;2
Terrestre;Mato Grosso do Sul;México;Março;2026;30
Terrestre;Mato Grosso do Sul;México;Março;2026;35
Marítima;Rio de Janeiro;México;Março;2026;26
Marítima;São Paulo;México;Março;2026;80
Marítima;São Paulo;México;Março;2026;106
Marítima;Santa Catarina;México;Março;2026;4
Marítima;Santa Catarina;México;Março;2026;20
Marítima;Santa Catarina;México;Março;2026;4
Fluvial;Amapá;México;Março;2026;1
Aérea;Rio de Janeiro;Mônaco;Março;2026;1
Aérea;São Paulo;Mônaco;Março;2026;3
Aérea;Santa Catarina;Mônaco;Março;2026;1
Marítima;Rio de Janeiro;Mônaco;Março;2026;2
Aérea;Rio de Janeiro;Namíbia;Março;2026;1
Aérea;São Paulo;Namíbia;Março;2026;16
Aérea;Santa Catarina;Namíbia;Março;2026;1
Aérea;Rio de Janeiro;Nepal;Março;2026;1
Aérea;São Paulo;Nepal;Março;2026;7
Marítima;Rio de Janeiro;Nepal;Março;2026;1
Aérea;Amazonas;Nicarágua;Março;2026;1
Aérea;Pará;Nicarágua;Março;2026;1
Aérea;Bahia;Nicarágua;Março;2026;7
Aérea;Minas Gerais;Nicarágua;Março;2026;5
Aérea;Rio de Janeiro;Nicarágua;Março;2026;92
Aérea;São Paulo;Nicarágua;Março;2026;1
Aérea;São Paulo;Nicarágua;Março;2026;124
Aérea;Santa Catarina;Nicarágua;Março;2026;4
Aérea;Rio Grande do Sul;Nicarágua;Março;2026;6
Aérea;Distrito Federal;Nicarágua;Março;2026;6
Terrestre;Paraná;Nicarágua;Março;2026;2
Terrestre;Paraná;Nicarágua;Março;2026;3
Terrestre;Rio Grande do Sul;Nicarágua;Março;2026;3
Marítima;Rio de Janeiro;Nicarágua;Março;2026;10
Marítima;São Paulo;Nicarágua;Março;2026;2
Aérea;Bahia;Nigéria;Março;2026;1
Aérea;Rio de Janeiro;Nigéria;Março;2026;28
Aérea;São Paulo;Nigéria;Março;2026;137
Terrestre;Paraná;Nigéria;Março;2026;1
Aérea;Amazonas;Noruega;Março;2026;5
Aérea;Pará;Noruega;Março;2026;11
Aérea;Ceará;Noruega;Março;2026;94
Aérea;Rio Grande do Norte;Noruega;Março;2026;60
Aérea;Pernambuco;Noruega;Março;2026;17
Aérea;Alagoas;Noruega;Março;2026;3
Aérea;Bahia;Noruega;Março;2026;18
Aérea;Minas Gerais;Noruega;Março;2026;5
Aérea;Rio de Janeiro;Noruega;Março;2026;779
Aérea;São Paulo;Noruega;Março;2026;4
Aérea;São Paulo;Noruega;Março;2026;523
Aérea;Paraná;Noruega;Março;2026;3
Aérea;Santa Catarina;Noruega;Março;2026;30
Aérea;Rio Grande do Sul;Noruega;Março;2026;21
Aérea;Distrito Federal;Noruega;Março;2026;9
Terrestre;Amazonas;Noruega;Março;2026;1
Terrestre;Paraná;Noruega;Março;2026;1
Terrestre;Paraná;Noruega;Março;2026;121
Terrestre;Rio Grande do Sul;Noruega;Março;2026;2
Terrestre;Mato Grosso do Sul;Noruega;Março;2026;2
Marítima;Rio de Janeiro;Noruega;Março;2026;10
Marítima;Santa Catarina;Noruega;Março;2026;12
Marítima;Santa Catarina;Noruega;Março;2026;5
Fluvial;Rio Grande do Sul;Noruega;Março;2026;1
Aérea;Amazonas;Nova Zelândia;Março;2026;2
Aérea;Pernambuco;Nova Zelândia;Março;2026;2
Aérea;Bahia;Nova Zelândia;Março;2026;4
Aérea;Minas Gerais;Nova Zelândia;Março;2026;2
Aérea;Rio de Janeiro;Nova Zelândia;Março;2026;157
Aérea;São Paulo;Nova Zelândia;Março;2026;1498
Aérea;Paraná;Nova Zelândia;Março;2026;7
Aérea;Paraná;Nova Zelândia;Março;2026;5
Aérea;Santa Catarina;Nova Zelândia;Março;2026;50
Aérea;Rio Grande do Sul;Nova Zelândia;Março;2026;10
Aérea;Distrito Federal;Nova Zelândia;Março;2026;27
Terrestre;Acre;Nova Zelândia;Março;2026;2
Terrestre;Paraná;Nova Zelândia;Março;2026;8
Terrestre;Paraná;Nova Zelândia;Março;2026;186
Terrestre;Rio Grande do Sul;Nova Zelândia;Março;2026;2
Marítima;Pernambuco;Nova Zelândia;Março;2026;1
Marítima;Rio de Janeiro;Nova Zelândia;Março;2026;6
Marítima;São Paulo;Nova Zelândia;Março;2026;2
Marítima;Santa Catarina;Nova Zelândia;Março;2026;1
Marítima;Santa Catarina;Nova Zelândia;Março;2026;4
Aérea;Bahia;Níger;Março;2026;1
Aérea;São Paulo;Níger;Março;2026;3
Aérea;São Paulo;Omã;Março;2026;37
Aérea;São Paulo;Palau;Março;2026;2
Aérea;Rio de Janeiro;Palestina;Março;2026;1
Aérea;São Paulo;Palestina;Março;2026;39
Aérea;Amazonas;Panamá;Março;2026;8
Aérea;Pará;Panamá;Março;2026;1
Aérea;Bahia;Panamá;Março;2026;22
Aérea;Minas Gerais;Panamá;Março;2026;22
Aérea;Rio de Janeiro;Panamá;Março;2026;530
Aérea;São Paulo;Panamá;Março;2026;716
Aérea;Santa Catarina;Panamá;Março;2026;57
Aérea;Rio Grande do Sul;Panamá;Março;2026;61
Aérea;Distrito Federal;Panamá;Março;2026;66
Terrestre;Roraima;Panamá;Março;2026;1
Terrestre;Paraná;Panamá;Março;2026;6
Terrestre;Paraná;Panamá;Março;2026;7
Terrestre;Rio Grande do Sul;Panamá;Março;2026;3
Terrestre;Rio Grande do Sul;Panamá;Março;2026;2
Terrestre;Rio Grande do Sul;Panamá;Março;2026;1
Marítima;Rio de Janeiro;Panamá;Março;2026;3
Marítima;São Paulo;Panamá;Março;2026;10
Marítima;Santa Catarina;Panamá;Março;2026;17
Aérea;Pernambuco;Paquistão;Março;2026;1
Aérea;Rio de Janeiro;Paquistão;Março;2026;6
Aérea;São Paulo;Paquistão;Março;2026;55
Aérea;Rio Grande do Sul;Paquistão;Março;2026;1
Terrestre;Paraná;Paquistão;Março;2026;2
Terrestre;Paraná;Paquistão;Março;2026;1
Terrestre;Rio Grande do Sul;Paquistão;Março;2026;1
Aérea;Ceará;Paraguai;Março;2026;7
Aérea;Rio Grande do Norte;Paraguai;Março;2026;14
Aérea;Pernambuco;Paraguai;Março;2026;27
Aérea;Alagoas;Paraguai;Março;2026;8
Aérea;Bahia;Paraguai;Março;2026;6
Aérea;Bahia;Paraguai;Março;2026;26
Aérea;Rio de Janeiro;Paraguai;Março;2026;2
Aérea;Rio de Janeiro;Paraguai;Março;2026;3208
Aérea;São Paulo;Paraguai;Março;2026;25
Aérea;São Paulo;Paraguai;Março;2026;4805
Aérea;Paraná;Paraguai;Março;2026;83
Aérea;Paraná;Paraguai;Março;2026;31
Aérea;Santa Catarina;Paraguai;Março;2026;316
Aérea;Santa Catarina;Paraguai;Março;2026;12
Aérea;Rio Grande do Sul;Paraguai;Março;2026;14
Aérea;Mato Grosso do Sul;Paraguai;Março;2026;14
Aérea;Goiás;Paraguai;Março;2026;5
Aérea;Distrito Federal;Paraguai;Março;2026;15
Terrestre;Roraima;Paraguai;Março;2026;1
Terrestre;Paraná;Paraguai;Março;2026;5
Terrestre;Paraná;Paraguai;Março;2026;32500
Terrestre;Paraná;Paraguai;Março;2026;282
Terrestre;Paraná;Paraguai;Março;2026;2076
Terrestre;Paraná;Paraguai;Março;2026;534
Terrestre;Paraná;Paraguai;Março;2026;226
Terrestre;Paraná;Paraguai;Março;2026;2
Terrestre;Santa Catarina;Paraguai;Março;2026;340
Terrestre;Santa Catarina;Paraguai;Março;2026;49
Terrestre;Rio Grande do Sul;Paraguai;Março;2026;56
Terrestre;Rio Grande do Sul;Paraguai;Março;2026;21
Terrestre;Rio Grande do Sul;Paraguai;Março;2026;23
Terrestre;Rio Grande do Sul;Paraguai;Março;2026;5
Terrestre;Rio Grande do Sul;Paraguai;Março;2026;48
Terrestre;Rio Grande do Sul;Paraguai;Março;2026;494
Terrestre;Rio Grande do Sul;Paraguai;Março;2026;166
Terrestre;Mato Grosso do Sul;Paraguai;Março;2026;57
Terrestre;Mato Grosso do Sul;Paraguai;Março;2026;1638
Marítima;Rio de Janeiro;Paraguai;Março;2026;29
Marítima;São Paulo;Paraguai;Março;2026;13
Marítima;Santa Catarina;Paraguai;Março;2026;4
Marítima;Santa Catarina;Paraguai;Março;2026;16
Fluvial;Rio Grande do Sul;Paraguai;Março;2026;212
Fluvial;Rio Grande do Sul;Paraguai;Março;2026;149
Aérea;Santa Catarina;Países não especificados;Março;2026;1
Terrestre;Santa Catarina;Países não especificados;Março;2026;1
Aérea;Amazonas;Peru;Março;2026;36
Aérea;Pará;Peru;Março;2026;8
Aérea;Ceará;Peru;Março;2026;8
Aérea;Rio Grande do Norte;Peru;Março;2026;6
Aérea;Pernambuco;Peru;Março;2026;11
Aérea;Alagoas;Peru;Março;2026;5
Aérea;Bahia;Peru;Março;2026;2
Aérea;Bahia;Peru;Março;2026;20
Aérea;Minas Gerais;Peru;Março;2026;5
Aérea;Rio de Janeiro;Peru;Março;2026;1
Aérea;Rio de Janeiro;Peru;Março;2026;5430
Aérea;São Paulo;Peru;Março;2026;2
Aérea;São Paulo;Peru;Março;2026;9469
Aérea;Paraná;Peru;Março;2026;44
Aérea;Paraná;Peru;Março;2026;228
Aérea;Santa Catarina;Peru;Março;2026;546
Aérea;Rio Grande do Sul;Peru;Março;2026;234
Aérea;Mato Grosso do Sul;Peru;Março;2026;11
Aérea;Distrito Federal;Peru;Março;2026;706
Terrestre;Rondônia;Peru;Março;2026;2
Terrestre;Acre;Peru;Março;2026;1000
Terrestre;Acre;Peru;Março;2026;1
Terrestre;Acre;Peru;Março;2026;59
Terrestre;Amazonas;Peru;Março;2026;131
Terrestre;Roraima;Peru;Março;2026;1
Terrestre;Roraima;Peru;Março;2026;7
Terrestre;Amapá;Peru;Março;2026;18
Terrestre;Paraná;Peru;Março;2026;132
Terrestre;Paraná;Peru;Março;2026;1002
Terrestre;Paraná;Peru;Março;2026;2
Terrestre;Rio Grande do Sul;Peru;Março;2026;24
Terrestre;Rio Grande do Sul;Peru;Março;2026;9
Terrestre;Rio Grande do Sul;Peru;Março;2026;1
Terrestre;Rio Grande do Sul;Peru;Março;2026;7
Terrestre;Rio Grande do Sul;Peru;Março;2026;1
Terrestre;Rio Grande do Sul;Peru;Março;2026;27
Terrestre;Mato Grosso do Sul;Peru;Março;2026;93
Terrestre;Mato Grosso do Sul;Peru;Março;2026;2
Marítima;Rio Grande do Norte;Peru;Março;2026;1
Marítima;Rio de Janeiro;Peru;Março;2026;23
Marítima;São Paulo;Peru;Março;2026;38
Marítima;Santa Catarina;Peru;Março;2026;12
Marítima;Santa Catarina;Peru;Março;2026;1
Marítima;Santa Catarina;Peru;Março;2026;397
Fluvial;Amapá;Peru;Março;2026;4
Aérea;Amazonas;Polônia;Março;2026;4
Aérea;Ceará;Polônia;Março;2026;30
Aérea;Rio Grande do Norte;Polônia;Março;2026;8
Aérea;Pernambuco;Polônia;Março;2026;34
Aérea;Alagoas;Polônia;Março;2026;1
Aérea;Bahia;Polônia;Março;2026;37
Aérea;Minas Gerais;Polônia;Março;2026;14
Aérea;Rio de Janeiro;Polônia;Março;2026;1710
Aérea;São Paulo;Polônia;Março;2026;27
Aérea;São Paulo;Polônia;Março;2026;1290
Aérea;Paraná;Polônia;Março;2026;6
Aérea;Santa Catarina;Polônia;Março;2026;15
Aérea;Rio Grande do Sul;Polônia;Março;2026;6
Aérea;Distrito Federal;Polônia;Março;2026;15
Terrestre;Rondônia;Polônia;Março;2026;1
Terrestre;Roraima;Polônia;Março;2026;2
Terrestre;Paraná;Polônia;Março;2026;53
Terrestre;Paraná;Polônia;Março;2026;602
Terrestre;Paraná;Polônia;Março;2026;5
Terrestre;Santa Catarina;Polônia;Março;2026;1
Terrestre;Rio Grande do Sul;Polônia;Março;2026;4
Terrestre;Rio Grande do Sul;Polônia;Março;2026;2
Terrestre;Rio Grande do Sul;Polônia;Março;2026;1
Terrestre;Rio Grande do Sul;Polônia;Março;2026;2
Terrestre;Mato Grosso do Sul;Polônia;Março;2026;2
Marítima;Pernambuco;Polônia;Março;2026;6
Marítima;Rio de Janeiro;Polônia;Março;2026;2
Marítima;Rio de Janeiro;Polônia;Março;2026;13
Marítima;São Paulo;Polônia;Março;2026;2
Marítima;São Paulo;Polônia;Março;2026;4
Marítima;Santa Catarina;Polônia;Março;2026;2
Fluvial;Amapá;Polônia;Março;2026;1
Terrestre;Rio Grande do Sul;Porto Rico;Março;2026;2
Aérea;Amazonas;Portugal;Março;2026;180
Aérea;Roraima;Portugal;Março;2026;1
Aérea;Pará;Portugal;Março;2026;324
Aérea;Ceará;Portugal;Março;2026;4834
Aérea;Rio Grande do Norte;Portugal;Março;2026;1036
Aérea;Pernambuco;Portugal;Março;2026;4938
Aérea;Alagoas;Portugal;Março;2026;450
Aérea;Bahia;Portugal;Março;2026;1
Aérea;Bahia;Portugal;Março;2026;4294
Aérea;Minas Gerais;Portugal;Março;2026;3260
Aérea;Rio de Janeiro;Portugal;Março;2026;9008
Aérea;São Paulo;Portugal;Março;2026;4253
Aérea;São Paulo;Portugal;Março;2026;11719
Aérea;Paraná;Portugal;Março;2026;6
Aérea;Santa Catarina;Portugal;Março;2026;460
Aérea;Rio Grande do Sul;Portugal;Março;2026;245
Aérea;Distrito Federal;Portugal;Março;2026;1500
Terrestre;Roraima;Portugal;Março;2026;2
Terrestre;Amapá;Portugal;Março;2026;6
Terrestre;Paraná;Portugal;Março;2026;16
Terrestre;Paraná;Portugal;Março;2026;115
Terrestre;Santa Catarina;Portugal;Março;2026;1
Terrestre;Rio Grande do Sul;Portugal;Março;2026;7
Terrestre;Rio Grande do Sul;Portugal;Março;2026;1
Terrestre;Rio Grande do Sul;Portugal;Março;2026;3
Terrestre;Rio Grande do Sul;Portugal;Março;2026;1
Terrestre;Mato Grosso do Sul;Portugal;Março;2026;5
Marítima;Pernambuco;Portugal;Março;2026;2
Marítima;Rio de Janeiro;Portugal;Março;2026;13
Marítima;São Paulo;Portugal;Março;2026;42
Marítima;São Paulo;Portugal;Março;2026;5
Marítima;Santa Catarina;Portugal;Março;2026;10
Marítima;Santa Catarina;Portugal;Março;2026;15
Aérea;Amazonas;Quirguistão;Março;2026;1
Aérea;Minas Gerais;Quirguistão;Março;2026;1
Aérea;São Paulo;Quirguistão;Março;2026;13
Marítima;Rio de Janeiro;Quirguistão;Março;2026;4
Aérea;Pará;Quênia;Março;2026;1
Aérea;Rio de Janeiro;Quênia;Março;2026;26
Aérea;São Paulo;Quênia;Março;2026;122
Aérea;Amazonas;Reino Unido;Março;2026;46
Aérea;Pará;Reino Unido;Março;2026;35
Aérea;Ceará;Reino Unido;Março;2026;163
Aérea;Rio Grande do Norte;Reino Unido;Março;2026;54
Aérea;Paraíba;Reino Unido;Março;2026;1
Aérea;Pernambuco;Reino Unido;Março;2026;162
Aérea;Alagoas;Reino Unido;Março;2026;6
Aérea;Bahia;Reino Unido;Março;2026;1
Aérea;Bahia;Reino Unido;Março;2026;266
Aérea;Minas Gerais;Reino Unido;Março;2026;390
Aérea;Rio de Janeiro;Reino Unido;Março;2026;6931
Aérea;São Paulo;Reino Unido;Março;2026;127
Aérea;São Paulo;Reino Unido;Março;2026;13532
Aérea;Paraná;Reino Unido;Março;2026;8
Aérea;Paraná;Reino Unido;Março;2026;8
Aérea;Santa Catarina;Reino Unido;Março;2026;127
Aérea;Rio Grande do Sul;Reino Unido;Março;2026;225
Aérea;Mato Grosso do Sul;Reino Unido;Março;2026;1
Aérea;Distrito Federal;Reino Unido;Março;2026;65
Terrestre;Acre;Reino Unido;Março;2026;1
Terrestre;Acre;Reino Unido;Março;2026;2
Terrestre;Amazonas;Reino Unido;Março;2026;6
Terrestre;Roraima;Reino Unido;Março;2026;14
Terrestre;Paraná;Reino Unido;Março;2026;2
Terrestre;Paraná;Reino Unido;Março;2026;80
Terrestre;Paraná;Reino Unido;Março;2026;2619
Terrestre;Santa Catarina;Reino Unido;Março;2026;2
Terrestre;Rio Grande do Sul;Reino Unido;Março;2026;13
Terrestre;Rio Grande do Sul;Reino Unido;Março;2026;5
Terrestre;Rio Grande do Sul;Reino Unido;Março;2026;1
Terrestre;Mato Grosso do Sul;Reino Unido;Março;2026;3
Terrestre;Mato Grosso do Sul;Reino Unido;Março;2026;1
Terrestre;Mato Grosso;Reino Unido;Março;2026;3
Marítima;Pernambuco;Reino Unido;Março;2026;7
Marítima;Pernambuco;Reino Unido;Março;2026;4
Marítima;Rio de Janeiro;Reino Unido;Março;2026;134
Marítima;São Paulo;Reino Unido;Março;2026;27
Marítima;São Paulo;Reino Unido;Março;2026;263
Marítima;Santa Catarina;Reino Unido;Março;2026;95
Marítima;Santa Catarina;Reino Unido;Março;2026;198
Marítima;Santa Catarina;Reino Unido;Março;2026;10
Fluvial;Rio Grande do Sul;Reino Unido;Março;2026;2
Fluvial;Rio Grande do Sul;Reino Unido;Março;2026;2
Aérea;São Paulo;República Centro Africana;Março;2026;1
Aérea;Pará;República Democrática do Congo;Março;2026;1
Aérea;Minas Gerais;República Democrática do Congo;Março;2026;2
Aérea;Rio de Janeiro;República Democrática do Congo;Março;2026;3
Aérea;São Paulo;República Democrática do Congo;Março;2026;91
Aérea;Distrito Federal;República Democrática do Congo;Março;2026;2
Aérea;Amazonas;República Dominicana;Março;2026;9
Aérea;Pará;República Dominicana;Março;2026;4
Aérea;Ceará;República Dominicana;Março;2026;1
Aérea;Bahia;República Dominicana;Março;2026;7
Aérea;Minas Gerais;República Dominicana;Março;2026;7
Aérea;Rio de Janeiro;República Dominicana;Março;2026;238
Aérea;São Paulo;República Dominicana;Março;2026;1175
Aérea;Paraná;República Dominicana;Março;2026;4
Aérea;Santa Catarina;República Dominicana;Março;2026;14
Aérea;Rio Grande do Sul;República Dominicana;Março;2026;50
Aérea;Distrito Federal;República Dominicana;Março;2026;21
Terrestre;Acre;República Dominicana;Março;2026;2
Terrestre;Amazonas;República Dominicana;Março;2026;2
Terrestre;Roraima;República Dominicana;Março;2026;1
Terrestre;Roraima;República Dominicana;Março;2026;1
Terrestre;Amapá;República Dominicana;Março;2026;16
Terrestre;Paraná;República Dominicana;Março;2026;2
Terrestre;Paraná;República Dominicana;Março;2026;28
Terrestre;Rio Grande do Sul;República Dominicana;Março;2026;2
Terrestre;Rio Grande do Sul;República Dominicana;Março;2026;2
Terrestre;Rio Grande do Sul;República Dominicana;Março;2026;4
Terrestre;Rio Grande do Sul;República Dominicana;Março;2026;5
Terrestre;Mato Grosso do Sul;República Dominicana;Março;2026;1
Marítima;Rio de Janeiro;República Dominicana;Março;2026;1
Marítima;São Paulo;República Dominicana;Março;2026;7
Marítima;São Paulo;República Dominicana;Março;2026;2
Marítima;Santa Catarina;República Dominicana;Março;2026;1
Marítima;Santa Catarina;República Dominicana;Março;2026;8
Fluvial;Amapá;República Dominicana;Março;2026;1
Aérea;Amazonas;República Tcheca;Março;2026;73
Aérea;Ceará;República Tcheca;Março;2026;5
Aérea;Rio Grande do Norte;República Tcheca;Março;2026;3
Aérea;Pernambuco;República Tcheca;Março;2026;19
Aérea;Bahia;República Tcheca;Março;2026;57
Aérea;Minas Gerais;República Tcheca;Março;2026;2
Aérea;Rio de Janeiro;República Tcheca;Março;2026;538
Aérea;São Paulo;República Tcheca;Março;2026;3
Aérea;São Paulo;República Tcheca;Março;2026;243
Aérea;Paraná;República Tcheca;Março;2026;1
Aérea;Santa Catarina;República Tcheca;Março;2026;4
Aérea;Rio Grande do Sul;República Tcheca;Março;2026;4
Aérea;Distrito Federal;República Tcheca;Março;2026;5
Terrestre;Acre;República Tcheca;Março;2026;1
Terrestre;Amazonas;República Tcheca;Março;2026;1
Terrestre;Paraná;República Tcheca;Março;2026;23
Terrestre;Paraná;República Tcheca;Março;2026;93
Terrestre;Rio Grande do Sul;República Tcheca;Março;2026;1
Marítima;Rio de Janeiro;República Tcheca;Março;2026;7
Marítima;Santa Catarina;República Tcheca;Março;2026;1
Aérea;Amazonas;República da Coreia;Março;2026;9
Aérea;Pará;República da Coreia;Março;2026;1
Aérea;Ceará;República da Coreia;Março;2026;3
Aérea;Pernambuco;República da Coreia;Março;2026;1
Aérea;Minas Gerais;República da Coreia;Março;2026;2
Aérea;Rio de Janeiro;República da Coreia;Março;2026;349
Aérea;São Paulo;República da Coreia;Março;2026;5
Aérea;São Paulo;República da Coreia;Março;2026;2266
Aérea;Paraná;República da Coreia;Março;2026;15
Aérea;Paraná;República da Coreia;Março;2026;3
Aérea;Santa Catarina;República da Coreia;Março;2026;3
Aérea;Rio Grande do Sul;República da Coreia;Março;2026;1
Aérea;Distrito Federal;República da Coreia;Março;2026;4
Terrestre;Amazonas;República da Coreia;Março;2026;1
Terrestre;Roraima;República da Coreia;Março;2026;1
Terrestre;Paraná;República da Coreia;Março;2026;53
Terrestre;Paraná;República da Coreia;Março;2026;1363
Terrestre;Paraná;República da Coreia;Março;2026;1
Terrestre;Rio Grande do Sul;República da Coreia;Março;2026;1
Terrestre;Mato Grosso do Sul;República da Coreia;Março;2026;2
Marítima;Rio de Janeiro;República da Coreia;Março;2026;3
Marítima;São Paulo;República da Coreia;Março;2026;1
Marítima;Santa Catarina;República da Coreia;Março;2026;4
Aérea;Rio de Janeiro;República do Kosovo;Março;2026;5
Aérea;São Paulo;República do Kosovo;Março;2026;1
Aérea;São Paulo;República do Kosovo;Março;2026;9
Aérea;Amazonas;Romênia;Março;2026;4
Aérea;Pará;Romênia;Março;2026;5
Aérea;Ceará;Romênia;Março;2026;12
Aérea;Rio Grande do Norte;Romênia;Março;2026;4
Aérea;Pernambuco;Romênia;Março;2026;11
Aérea;Bahia;Romênia;Março;2026;11
Aérea;Minas Gerais;Romênia;Março;2026;4
Aérea;Rio de Janeiro;Romênia;Março;2026;350
Aérea;São Paulo;Romênia;Março;2026;29
Aérea;São Paulo;Romênia;Março;2026;748
Aérea;Santa Catarina;Romênia;Março;2026;13
Aérea;Rio Grande do Sul;Romênia;Março;2026;2
Aérea;Distrito Federal;Romênia;Março;2026;9
Terrestre;Paraná;Romênia;Março;2026;18
Terrestre;Paraná;Romênia;Março;2026;272
Terrestre;Rio Grande do Sul;Romênia;Março;2026;4
Terrestre;Rio Grande do Sul;Romênia;Março;2026;1
Terrestre;Mato Grosso do Sul;Romênia;Março;2026;1
Marítima;Espírito Santo;Romênia;Março;2026;2
Marítima;Rio de Janeiro;Romênia;Março;2026;2
Marítima;Rio de Janeiro;Romênia;Março;2026;15
Marítima;São Paulo;Romênia;Março;2026;7
Marítima;São Paulo;Romênia;Março;2026;38
Marítima;Santa Catarina;Romênia;Março;2026;20
Marítima;Santa Catarina;Romênia;Março;2026;11
Marítima;Rio Grande do Sul;Romênia;Março;2026;1
Aérea;Rio de Janeiro;Ruanda;Março;2026;4
Aérea;São Paulo;Ruanda;Março;2026;5
Aérea;Distrito Federal;Ruanda;Março;2026;1
Aérea;Amazonas;Rússia;Março;2026;9
Aérea;Ceará;Rússia;Março;2026;7
Aérea;Rio Grande do Norte;Rússia;Março;2026;4
Aérea;Paraíba;Rússia;Março;2026;2
Aérea;Pernambuco;Rússia;Março;2026;2
Aérea;Alagoas;Rússia;Março;2026;2
Aérea;Bahia;Rússia;Março;2026;11
Aérea;Minas Gerais;Rússia;Março;2026;5
Aérea;Rio de Janeiro;Rússia;Março;2026;486
Aérea;São Paulo;Rússia;Março;2026;13
Aérea;São Paulo;Rússia;Março;2026;2274
Aérea;Paraná;Rússia;Março;2026;8
Aérea;Paraná;Rússia;Março;2026;3
Aérea;Santa Catarina;Rússia;Março;2026;82
Aérea;Rio Grande do Sul;Rússia;Março;2026;5
Aérea;Distrito Federal;Rússia;Março;2026;10
Terrestre;Acre;Rússia;Março;2026;1
Terrestre;Amazonas;Rússia;Março;2026;21
Terrestre;Roraima;Rússia;Março;2026;1
Terrestre;Roraima;Rússia;Março;2026;3
Terrestre;Amapá;Rússia;Março;2026;5
Terrestre;Paraná;Rússia;Março;2026;77
Terrestre;Paraná;Rússia;Março;2026;434
Terrestre;Rio Grande do Sul;Rússia;Março;2026;11
Terrestre;Rio Grande do Sul;Rússia;Março;2026;3
Terrestre;Rio Grande do Sul;Rússia;Março;2026;1
Terrestre;Rio Grande do Sul;Rússia;Março;2026;4
Marítima;Rio de Janeiro;Rússia;Março;2026;1
Marítima;Rio de Janeiro;Rússia;Março;2026;34
Marítima;São Paulo;Rússia;Março;2026;78
Marítima;São Paulo;Rússia;Março;2026;187
Marítima;Santa Catarina;Rússia;Março;2026;18
Aérea;São Paulo;Samoa;Março;2026;1
Aérea;Ceará;San Marino;Março;2026;1
Aérea;Bahia;San Marino;Março;2026;1
Aérea;Rio de Janeiro;San Marino;Março;2026;2
Aérea;São Paulo;San Marino;Março;2026;5
Aérea;Rio de Janeiro;Santa Lúcia;Março;2026;7
Aérea;São Paulo;Santa Lúcia;Março;2026;9
Aérea;Distrito Federal;Santa Lúcia;Março;2026;3
Terrestre;Paraná;Santa Lúcia;Março;2026;2
Aérea;Rio de Janeiro;Seichelles;Março;2026;2
Aérea;Rio de Janeiro;Senegal;Março;2026;3
Aérea;São Paulo;Senegal;Março;2026;18
Aérea;São Paulo;Serra Leoa;Março;2026;1
Aérea;Rio de Janeiro;Somália;Março;2026;1
Aérea;São Paulo;Somália;Março;2026;2
Aérea;Rio de Janeiro;Sri Lanka;Março;2026;3
Aérea;São Paulo;Sri Lanka;Março;2026;9
Aérea;São Paulo;Suazilândia;Março;2026;2
Aérea;Bahia;Sudão;Março;2026;1
Aérea;Rio de Janeiro;Sudão;Março;2026;1
Aérea;São Paulo;Sudão;Março;2026;6
Aérea;São Paulo;Sudão do Sul;Março;2026;30
Aérea;Amazonas;Suriname;Março;2026;2
Aérea;Pará;Suriname;Março;2026;882
Aérea;Rio de Janeiro;Suriname;Março;2026;12
Aérea;São Paulo;Suriname;Março;2026;27
Aérea;Distrito Federal;Suriname;Março;2026;2
Terrestre;Roraima;Suriname;Março;2026;2
Terrestre;Amapá;Suriname;Março;2026;15
Terrestre;Paraná;Suriname;Março;2026;1
Terrestre;Paraná;Suriname;Março;2026;1
Aérea;Amazonas;Suécia;Março;2026;2
Aérea;Pará;Suécia;Março;2026;4
Aérea;Ceará;Suécia;Março;2026;42
Aérea;Rio Grande do Norte;Suécia;Março;2026;17
Aérea;Pernambuco;Suécia;Março;2026;32
Aérea;Alagoas;Suécia;Março;2026;1
Aérea;Bahia;Suécia;Março;2026;1
Aérea;Bahia;Suécia;Março;2026;22
Aérea;Minas Gerais;Suécia;Março;2026;6
Aérea;Rio de Janeiro;Suécia;Março;2026;961
Aérea;São Paulo;Suécia;Março;2026;11
Aérea;São Paulo;Suécia;Março;2026;1982
Aérea;São Paulo;Suécia;Março;2026;1
Aérea;Paraná;Suécia;Março;2026;1
Aérea;Paraná;Suécia;Março;2026;2
Aérea;Santa Catarina;Suécia;Março;2026;20
Aérea;Rio Grande do Sul;Suécia;Março;2026;16
Aérea;Distrito Federal;Suécia;Março;2026;13
Terrestre;Roraima;Suécia;Março;2026;1
Terrestre;Paraná;Suécia;Março;2026;6
Terrestre;Paraná;Suécia;Março;2026;97
Terrestre;Rio Grande do Sul;Suécia;Março;2026;1
Terrestre;Rio Grande do Sul;Suécia;Março;2026;3
Terrestre;Rio Grande do Sul;Suécia;Março;2026;4
Terrestre;Rio Grande do Sul;Suécia;Março;2026;1
Terrestre;Rio Grande do Sul;Suécia;Março;2026;1
Marítima;Pernambuco;Suécia;Março;2026;2
Marítima;Rio de Janeiro;Suécia;Março;2026;5
Marítima;São Paulo;Suécia;Março;2026;2
Marítima;São Paulo;Suécia;Março;2026;1
Marítima;Santa Catarina;Suécia;Março;2026;3
Marítima;Santa Catarina;Suécia;Março;2026;2
Aérea;Amazonas;Suíça;Março;2026;16
Aérea;Pará;Suíça;Março;2026;8
Aérea;Ceará;Suíça;Março;2026;117
Aérea;Rio Grande do Norte;Suíça;Março;2026;48
Aérea;Pernambuco;Suíça;Março;2026;151
Aérea;Alagoas;Suíça;Março;2026;11
Aérea;Bahia;Suíça;Março;2026;1
Aérea;Bahia;Suíça;Março;2026;257
Aérea;Minas Gerais;Suíça;Março;2026;86
Aérea;Rio de Janeiro;Suíça;Março;2026;1372
Aérea;São Paulo;Suíça;Março;2026;10
Aérea;São Paulo;Suíça;Março;2026;2898
Aérea;São Paulo;Suíça;Março;2026;2
Aérea;Paraná;Suíça;Março;2026;4
Aérea;Paraná;Suíça;Março;2026;6
Aérea;Santa Catarina;Suíça;Março;2026;51
Aérea;Rio Grande do Sul;Suíça;Março;2026;22
Aérea;Distrito Federal;Suíça;Março;2026;84
Terrestre;Rondônia;Suíça;Março;2026;1
Terrestre;Acre;Suíça;Março;2026;3
Terrestre;Amazonas;Suíça;Março;2026;9
Terrestre;Roraima;Suíça;Março;2026;1
Terrestre;Amapá;Suíça;Março;2026;1
Terrestre;Paraná;Suíça;Março;2026;56
Terrestre;Paraná;Suíça;Março;2026;287
Terrestre;Paraná;Suíça;Março;2026;2
Terrestre;Paraná;Suíça;Março;2026;1
Terrestre;Santa Catarina;Suíça;Março;2026;4
Terrestre;Rio Grande do Sul;Suíça;Março;2026;8
Terrestre;Rio Grande do Sul;Suíça;Março;2026;1
Terrestre;Rio Grande do Sul;Suíça;Março;2026;3
Terrestre;Rio Grande do Sul;Suíça;Março;2026;2
Terrestre;Mato Grosso do Sul;Suíça;Março;2026;2
Marítima;Pernambuco;Suíça;Março;2026;5
Marítima;Rio de Janeiro;Suíça;Março;2026;113
Marítima;São Paulo;Suíça;Março;2026;3
Marítima;São Paulo;Suíça;Março;2026;2
Marítima;Santa Catarina;Suíça;Março;2026;24
Marítima;Santa Catarina;Suíça;Março;2026;6
Marítima;Santa Catarina;Suíça;Março;2026;1
Aérea;Rio de Janeiro;São Cristóvão e Nevis;Março;2026;6
Aérea;São Paulo;São Cristóvão e Nevis;Março;2026;17
Aérea;Distrito Federal;São Cristóvão e Nevis;Março;2026;2
Terrestre;Paraná;São Cristóvão e Nevis;Março;2026;1
Terrestre;Paraná;São Cristóvão e Nevis;Março;2026;2
Aérea;Bahia;São Tome e Príncipe;Março;2026;3
Aérea;Minas Gerais;São Tome e Príncipe;Março;2026;1
Aérea;Rio de Janeiro;São Tome e Príncipe;Março;2026;1
Aérea;São Paulo;São Tome e Príncipe;Março;2026;1
Aérea;São Paulo;São Tome e Príncipe;Março;2026;5
Aérea;Distrito Federal;São Tome e Príncipe;Março;2026;3
Aérea;Rio de Janeiro;São Vicente e Granadinas;Março;2026;4
Aérea;São Paulo;São Vicente e Granadinas;Março;2026;2
Aérea;Distrito Federal;São Vicente e Granadinas;Março;2026;3
Marítima;Rio de Janeiro;São Vicente e Granadinas;Março;2026;1
Aérea;Ceará;Sérvia;Março;2026;5
Aérea;Pernambuco;Sérvia;Março;2026;6
Aérea;Bahia;Sérvia;Março;2026;1
Aérea;Bahia;Sérvia;Março;2026;5
Aérea;Minas Gerais;Sérvia;Março;2026;3
Aérea;Rio de Janeiro;Sérvia;Março;2026;233
Aérea;São Paulo;Sérvia;Março;2026;5
Aérea;São Paulo;Sérvia;Março;2026;104
Aérea;Paraná;Sérvia;Março;2026;2
Aérea;Santa Catarina;Sérvia;Março;2026;2
Aérea;Rio Grande do Sul;Sérvia;Março;2026;1
Aérea;Distrito Federal;Sérvia;Março;2026;1
Terrestre;Paraná;Sérvia;Março;2026;47
Terrestre;Rio Grande do Sul;Sérvia;Março;2026;2
Marítima;Rio de Janeiro;Sérvia;Março;2026;1
Marítima;São Paulo;Sérvia;Março;2026;5
Marítima;Santa Catarina;Sérvia;Março;2026;1
Aérea;Pará;Síria;Março;2026;1
Aérea;Rio de Janeiro;Síria;Março;2026;3
Aérea;São Paulo;Síria;Março;2026;45
Aérea;Distrito Federal;Síria;Março;2026;1
Terrestre;Paraná;Síria;Março;2026;1
Aérea;Pernambuco;Tailândia;Março;2026;1
Aérea;Bahia;Tailândia;Março;2026;1
Aérea;Rio de Janeiro;Tailândia;Março;2026;63
Aérea;São Paulo;Tailândia;Março;2026;346
Aérea;Paraná;Tailândia;Março;2026;2
Aérea;Rio Grande do Sul;Tailândia;Março;2026;1
Aérea;Distrito Federal;Tailândia;Março;2026;1
Terrestre;Paraná;Tailândia;Março;2026;1
Terrestre;Paraná;Tailândia;Março;2026;41
Marítima;São Paulo;Tailândia;Março;2026;1
Aérea;Amazonas;Taiwan;Março;2026;2
Aérea;Bahia;Taiwan;Março;2026;7
Aérea;Rio de Janeiro;Taiwan;Março;2026;78
Aérea;São Paulo;Taiwan;Março;2026;3
Aérea;São Paulo;Taiwan;Março;2026;318
Aérea;Paraná;Taiwan;Março;2026;1
Aérea;Rio Grande do Sul;Taiwan;Março;2026;3
Aérea;Distrito Federal;Taiwan;Março;2026;1
Terrestre;Paraná;Taiwan;Março;2026;12
Terrestre;Paraná;Taiwan;Março;2026;144
Terrestre;Paraná;Taiwan;Março;2026;3
Marítima;São Paulo;Taiwan;Março;2026;2
Aérea;Rio de Janeiro;Tanzânia;Março;2026;6
Aérea;São Paulo;Tanzânia;Março;2026;32
Aérea;Distrito Federal;Tanzânia;Março;2026;1
Aérea;Rio de Janeiro;Togo;Março;2026;2
Aérea;São Paulo;Togo;Março;2026;12
Aérea;Rio de Janeiro;Trinidad e Tobago;Março;2026;85
Aérea;São Paulo;Trinidad e Tobago;Março;2026;1
Aérea;São Paulo;Trinidad e Tobago;Março;2026;51
Aérea;Distrito Federal;Trinidad e Tobago;Março;2026;3
Terrestre;Roraima;Trinidad e Tobago;Março;2026;14
Terrestre;Roraima;Trinidad e Tobago;Março;2026;1
Terrestre;Paraná;Trinidad e Tobago;Março;2026;9
Marítima;São Paulo;Trinidad e Tobago;Março;2026;3
Marítima;São Paulo;Trinidad e Tobago;Março;2026;2
Aérea;Amazonas;Tunísia;Março;2026;1
Aérea;Pará;Tunísia;Março;2026;1
Aérea;Ceará;Tunísia;Março;2026;5
Aérea;Bahia;Tunísia;Março;2026;1
Aérea;Rio de Janeiro;Tunísia;Março;2026;48
Aérea;São Paulo;Tunísia;Março;2026;267
Aérea;Santa Catarina;Tunísia;Março;2026;1
Terrestre;Paraná;Tunísia;Março;2026;4
Marítima;São Paulo;Tunísia;Março;2026;6
Aérea;Ceará;Turquia;Março;2026;1
Aérea;Pernambuco;Turquia;Março;2026;4
Aérea;Bahia;Turquia;Março;2026;7
Aérea;Minas Gerais;Turquia;Março;2026;2
Aérea;Rio de Janeiro;Turquia;Março;2026;222
Aérea;São Paulo;Turquia;Março;2026;14
Aérea;São Paulo;Turquia;Março;2026;1576
Aérea;Paraná;Turquia;Março;2026;1
Aérea;Santa Catarina;Turquia;Março;2026;3
Aérea;Rio Grande do Sul;Turquia;Março;2026;3
Terrestre;Paraná;Turquia;Março;2026;7
Terrestre;Paraná;Turquia;Março;2026;231
Terrestre;Rio Grande do Sul;Turquia;Março;2026;1
Terrestre;Rio Grande do Sul;Turquia;Março;2026;1
Terrestre;Mato Grosso do Sul;Turquia;Março;2026;1
Marítima;Rio de Janeiro;Turquia;Março;2026;45
Marítima;São Paulo;Turquia;Março;2026;4
Fluvial;Rio Grande do Sul;Turquia;Março;2026;1
Aérea;Amazonas;Ucrânia;Março;2026;2
Aérea;Pará;Ucrânia;Março;2026;4
Aérea;Ceará;Ucrânia;Março;2026;12
Aérea;Rio Grande do Norte;Ucrânia;Março;2026;1
Aérea;Pernambuco;Ucrânia;Março;2026;5
Aérea;Alagoas;Ucrânia;Março;2026;1
Aérea;Bahia;Ucrânia;Março;2026;7
Aérea;Minas Gerais;Ucrânia;Março;2026;1
Aérea;Rio de Janeiro;Ucrânia;Março;2026;1
Aérea;Rio de Janeiro;Ucrânia;Março;2026;250
Aérea;São Paulo;Ucrânia;Março;2026;14
Aérea;São Paulo;Ucrânia;Março;2026;239
Aérea;Santa Catarina;Ucrânia;Março;2026;32
Aérea;Rio Grande do Sul;Ucrânia;Março;2026;3
Aérea;Distrito Federal;Ucrânia;Março;2026;5
Terrestre;Amazonas;Ucrânia;Março;2026;1
Terrestre;Paraná;Ucrânia;Março;2026;8
Terrestre;Paraná;Ucrânia;Março;2026;59
Terrestre;Rio Grande do Sul;Ucrânia;Março;2026;2
Terrestre;Rio Grande do Sul;Ucrânia;Março;2026;1
Marítima;Rio de Janeiro;Ucrânia;Março;2026;3
Marítima;Rio de Janeiro;Ucrânia;Março;2026;17
Marítima;São Paulo;Ucrânia;Março;2026;5
Marítima;Santa Catarina;Ucrânia;Março;2026;1
Aérea;Rio de Janeiro;Uganda;Março;2026;3
Aérea;São Paulo;Uganda;Março;2026;17
Terrestre;Rio Grande do Sul;Uganda;Março;2026;1
Terrestre;Rio Grande do Sul;Uganda;Março;2026;3
Terrestre;Rio Grande do Sul;Uganda;Março;2026;1
Aérea;Roraima;Uruguai;Março;2026;1
Aérea;Ceará;Uruguai;Março;2026;497
Aérea;Rio Grande do Norte;Uruguai;Março;2026;475
Aérea;Pernambuco;Uruguai;Março;2026;1921
Aérea;Alagoas;Uruguai;Março;2026;346
Aérea;Bahia;Uruguai;Março;2026;371
Aérea;Bahia;Uruguai;Março;2026;2382
Aérea;Minas Gerais;Uruguai;Março;2026;91
Aérea;Rio de Janeiro;Uruguai;Março;2026;375
Aérea;Rio de Janeiro;Uruguai;Março;2026;11253
Aérea;São Paulo;Uruguai;Março;2026;102
Aérea;São Paulo;Uruguai;Março;2026;6907
Aérea;São Paulo;Uruguai;Março;2026;6
Aérea;Paraná;Uruguai;Março;2026;4
Aérea;Paraná;Uruguai;Março;2026;10
Aérea;Santa Catarina;Uruguai;Março;2026;990
Aérea;Rio Grande do Sul;Uruguai;Março;2026;70
Aérea;Mato Grosso do Sul;Uruguai;Março;2026;2
Aérea;Distrito Federal;Uruguai;Março;2026;28
Terrestre;Amazonas;Uruguai;Março;2026;1
Terrestre;Roraima;Uruguai;Março;2026;2
Terrestre;Paraná;Uruguai;Março;2026;3
Terrestre;Paraná;Uruguai;Março;2026;131
Terrestre;Paraná;Uruguai;Março;2026;2435
Terrestre;Paraná;Uruguai;Março;2026;2
Terrestre;Paraná;Uruguai;Março;2026;1
Terrestre;Santa Catarina;Uruguai;Março;2026;11
Terrestre;Santa Catarina;Uruguai;Março;2026;3
Terrestre;Rio Grande do Sul;Uruguai;Março;2026;1628
Terrestre;Rio Grande do Sul;Uruguai;Março;2026;2
Terrestre;Rio Grande do Sul;Uruguai;Março;2026;23974
Terrestre;Rio Grande do Sul;Uruguai;Março;2026;29027
Terrestre;Rio Grande do Sul;Uruguai;Março;2026;1482
Terrestre;Rio Grande do Sul;Uruguai;Março;2026;7919
Terrestre;Rio Grande do Sul;Uruguai;Março;2026;2
Terrestre;Rio Grande do Sul;Uruguai;Março;2026;35
Terrestre;Rio Grande do Sul;Uruguai;Março;2026;377
Terrestre;Mato Grosso do Sul;Uruguai;Março;2026;3
Terrestre;Mato Grosso do Sul;Uruguai;Março;2026;1
Marítima;Bahia;Uruguai;Março;2026;16
Marítima;Rio de Janeiro;Uruguai;Março;2026;520
Marítima;São Paulo;Uruguai;Março;2026;23
Marítima;Santa Catarina;Uruguai;Março;2026;96
Marítima;Santa Catarina;Uruguai;Março;2026;323
Marítima;Rio Grande do Sul;Uruguai;Março;2026;30
Fluvial;Rio Grande do Sul;Uruguai;Março;2026;17
Fluvial;Rio Grande do Sul;Uruguai;Março;2026;4
Aérea;Rio de Janeiro;Uzbequistão;Março;2026;3
Aérea;São Paulo;Uzbequistão;Março;2026;26
Terrestre;Paraná;Uzbequistão;Março;2026;3
Terrestre;Rio Grande do Sul;Uzbequistão;Março;2026;1
Aérea;Rio de Janeiro;Vanuatu;Março;2026;1
Aérea;São Paulo;Vaticano;Março;2026;1
Marítima;São Paulo;Vaticano;Março;2026;1
Aérea;Amazonas;Venezuela;Março;2026;39
Aérea;Roraima;Venezuela;Março;2026;98
Aérea;Pará;Venezuela;Março;2026;7
Aérea;Ceará;Venezuela;Março;2026;24
Aérea;Rio Grande do Norte;Venezuela;Março;2026;12
Aérea;Pernambuco;Venezuela;Março;2026;21
Aérea;Alagoas;Venezuela;Março;2026;8
Aérea;Bahia;Venezuela;Março;2026;4
Aérea;Bahia;Venezuela;Março;2026;28
Aérea;Minas Gerais;Venezuela;Março;2026;25
Aérea;Rio de Janeiro;Venezuela;Março;2026;1
Aérea;Rio de Janeiro;Venezuela;Março;2026;2623
Aérea;São Paulo;Venezuela;Março;2026;10
Aérea;São Paulo;Venezuela;Março;2026;2090
Aérea;Paraná;Venezuela;Março;2026;38
Aérea;Paraná;Venezuela;Março;2026;45
Aérea;Santa Catarina;Venezuela;Março;2026;1224
Aérea;Rio Grande do Sul;Venezuela;Março;2026;33
Aérea;Distrito Federal;Venezuela;Março;2026;137
Terrestre;Rondônia;Venezuela;Março;2026;3
Terrestre;Acre;Venezuela;Março;2026;22
Terrestre;Acre;Venezuela;Março;2026;6
Terrestre;Amazonas;Venezuela;Março;2026;19
Terrestre;Roraima;Venezuela;Março;2026;76
Terrestre;Roraima;Venezuela;Março;2026;7335
Terrestre;Amapá;Venezuela;Março;2026;1
Terrestre;Paraná;Venezuela;Março;2026;35
Terrestre;Paraná;Venezuela;Março;2026;152
Terrestre;Paraná;Venezuela;Março;2026;2
Terrestre;Santa Catarina;Venezuela;Março;2026;1
Terrestre;Santa Catarina;Venezuela;Março;2026;1
Terrestre;Rio Grande do Sul;Venezuela;Março;2026;10
Terrestre;Rio Grande do Sul;Venezuela;Março;2026;64
Terrestre;Rio Grande do Sul;Venezuela;Março;2026;47
Terrestre;Rio Grande do Sul;Venezuela;Março;2026;24
Terrestre;Rio Grande do Sul;Venezuela;Março;2026;3
Terrestre;Rio Grande do Sul;Venezuela;Março;2026;59
Terrestre;Mato Grosso do Sul;Venezuela;Março;2026;98
Marítima;Bahia;Venezuela;Março;2026;1
Marítima;Rio de Janeiro;Venezuela;Março;2026;21
Marítima;São Paulo;Venezuela;Março;2026;4
Marítima;São Paulo;Venezuela;Março;2026;1
Marítima;Santa Catarina;Venezuela;Março;2026;8
Marítima;Santa Catarina;Venezuela;Março;2026;14
Fluvial;Rio Grande do Sul;Venezuela;Março;2026;1
Fluvial;Rio Grande do Sul;Venezuela;Março;2026;1
Aérea;Rio de Janeiro;Vietnã;Março;2026;17
Aérea;São Paulo;Vietnã;Março;2026;31
Terrestre;Paraná;Vietnã;Março;2026;1
Marítima;Santa Catarina;Vietnã;Março;2026;1
Aérea;Rio de Janeiro;Zimbábue;Março;2026;2
Aérea;São Paulo;Zimbábue;Março;2026;40
Aérea;Rio Grande do Sul;Zimbábue;Março;2026;1
Aérea;Distrito Federal;Zimbábue;Março;2026;1
Marítima;Santa Catarina;Zimbábue;Março;2026;2
Aérea;São Paulo;Zâmbia;Março;2026;8
Aérea;Amazonas;África do Sul;Março;2026;2
Aérea;Pernambuco;África do Sul;Março;2026;1
Aérea;Minas Gerais;África do Sul;Março;2026;2
Aérea;Rio de Janeiro;África do Sul;Março;2026;180
Aérea;São Paulo;África do Sul;Março;2026;3
Aérea;São Paulo;África do Sul;Março;2026;1850
Aérea;Paraná;África do Sul;Março;2026;1
Aérea;Santa Catarina;África do Sul;Março;2026;3
Aérea;Rio Grande do Sul;África do Sul;Março;2026;3
Aérea;Distrito Federal;África do Sul;Março;2026;2
Terrestre;Roraima;África do Sul;Março;2026;6
Terrestre;Paraná;África do Sul;Março;2026;3
Terrestre;Paraná;África do Sul;Março;2026;69
Terrestre;Rio Grande do Sul;África do Sul;Março;2026;4
Marítima;Pernambuco;África do Sul;Março;2026;6
Marítima;Rio de Janeiro;África do Sul;Março;2026;4
Marítima;São Paulo;África do Sul;Março;2026;6
Marítima;São Paulo;África do Sul;Março;2026;2
Marítima;Santa Catarina;África do Sul;Março;2026;4
Marítima;Santa Catarina;África do Sul;Março;2026;1
Aérea;Amazonas;Áustria;Março;2026;2
Aérea;Pará;Áustria;Março;2026;6
Aérea;Ceará;Áustria;Março;2026;33
Aérea;Rio Grande do Norte;Áustria;Março;2026;12
Aérea;Pernambuco;Áustria;Março;2026;120
Aérea;Bahia;Áustria;Março;2026;14
Aérea;Minas Gerais;Áustria;Março;2026;9
Aérea;Rio de Janeiro;Áustria;Março;2026;612
Aérea;São Paulo;Áustria;Março;2026;14
Aérea;São Paulo;Áustria;Março;2026;1268
Aérea;Paraná;Áustria;Março;2026;4
Aérea;Paraná;Áustria;Março;2026;1
Aérea;Santa Catarina;Áustria;Março;2026;25
Aérea;Rio Grande do Sul;Áustria;Março;2026;5
Aérea;Distrito Federal;Áustria;Março;2026;8
Terrestre;Amazonas;Áustria;Março;2026;1
Terrestre;Roraima;Áustria;Março;2026;2
Terrestre;Amapá;Áustria;Março;2026;1
Terrestre;Paraná;Áustria;Março;2026;31
Terrestre;Paraná;Áustria;Março;2026;161
Terrestre;Rio Grande do Sul;Áustria;Março;2026;8
Terrestre;Rio Grande do Sul;Áustria;Março;2026;2
Terrestre;Mato Grosso do Sul;Áustria;Março;2026;1
Marítima;Pernambuco;Áustria;Março;2026;2
Marítima;Rio de Janeiro;Áustria;Março;2026;82
Marítima;São Paulo;Áustria;Março;2026;1
Marítima;São Paulo;Áustria;Março;2026;4
Marítima;Santa Catarina;Áustria;Março;2026;29
Marítima;Santa Catarina;Áustria;Março;2026;4
Aérea;Amazonas;Índia;Março;2026;34
Aérea;Pará;Índia;Março;2026;1
Aérea;Ceará;Índia;Março;2026;6
Aérea;Pernambuco;Índia;Março;2026;2
Aérea;Bahia;Índia;Março;2026;1
Aérea;Minas Gerais;Índia;Março;2026;5
Aérea;Rio de Janeiro;Índia;Março;2026;315
Aérea;São Paulo;Índia;Março;2026;2
Aérea;São Paulo;Índia;Março;2026;890
Aérea;Paraná;Índia;Março;2026;1
Aérea;Santa Catarina;Índia;Março;2026;3
Aérea;Rio Grande do Sul;Índia;Março;2026;2
Aérea;Distrito Federal;Índia;Março;2026;4
Terrestre;Paraná;Índia;Março;2026;3
Terrestre;Paraná;Índia;Março;2026;51
Marítima;Rio de Janeiro;Índia;Março;2026;1
Marítima;Santa Catarina;Índia;Março;2026;8
Marítima;Santa Catarina;Índia;Março;2026;55
Fluvial;Rio Grande do Sul;Índia;Março;2026;1
